Order ID,Customer Name,Customer Email,Gender,Age,Country,City,Product Category,Product Name,Quantity,Unit Price,Discount,Total Sales,Payment_Method,Order Date,Shipping_Date,Delivery_Status,Customer_Rating
ORD-00001,Grace Smith,grace.smith759@example.com,Male,52,Nigeria,Lagos,Home Appliances,Electric Kettle,1,35,0.25,26.25,Credit Card,2026-03-09,2026-03-10,Shipped,1
ORD-00002,Esther Wanjiku,esther.wanjiku460@example.com,Female,55,India,Mumbai,Fashion,Running Shorts,2,28,0.2,44.8,Mobile Money,2025-01-07,2025-01-10,Processing,5
ORD-00003,Jane Mensah,jane.mensah271@example.com,Male,69,South Africa,Durban,Electronics,Wireless Headphones,1,45,0.1,40.5,Credit Card,2026-04-16,2026-04-18,Returned,4
ORD-00004,Faith Williams,faith.williams297@example.com,Male,23,India,Bangalore,Fashion,Running Shorts,1,28,0.25,21.0,Mobile Money,2025-04-14,2025-04-21,Processing,3
ORD-00005,David Mensah,david.mensah651@example.com,Male,28,Tanzania,Dar es Salaam,Home Appliances,Coffee Maker,4,85,0.25,255.0,PayPal,2025-06-17,2025-06-25,Returned,4
ORD-00006,Daniel Kamau,daniel.kamau217@example.com,Female,54,Tanzania,Dar es Salaam,Fashion,Sneakers,3,75,0.15,191.25,Bank Transfer,2025-08-06,2025-08-14,Cancelled,4
ORD-00007,Samuel Akinyi,samuel.akinyi225@example.com,Female,26,Ghana,Kumasi,Home Appliances,Coffee Maker,2,85,0.2,136.0,Credit Card,2025-04-04,2025-04-05,Shipped,4
ORD-00008,James Mwangi,james.mwangi995@example.com,Male,53,Rwanda,Kigali,Beauty,Lipstick,2,16,0.15,27.2,Bank Transfer,2025-04-28,2025-05-03,Processing,4
ORD-00009,Daniel Okafor,daniel.okafor781@example.com,Male,29,Rwanda,Kigali,Beauty,Face Cream,5,24,0.25,90.0,PayPal,2025-11-02,2025-11-06,Shipped,2
ORD-00010,Lucy Wanjiku,lucy.wanjiku60@example.com,Male,33,United Kingdom,London,Home Appliances,Microwave Oven,1,180,0.1,162.0,Credit Card,2025-03-29,2025-04-06,Returned,4
ORD-00011,Esther Wanjiku,esther.wanjiku952@example.com,Male,52,Ghana,Takoradi,Fashion,Cotton T-Shirt,2,18,0.2,28.8,Bank Transfer,2025-11-16,2025-11-23,Processing,5
ORD-00012,John Mensah,john.mensah568@example.com,Male,32,United Kingdom,Manchester,Electronics,Smartphone X12,1,699,0.1,629.1,Bank Transfer,2025-01-08,2025-01-10,Delivered,5
ORD-00013,Linda Wanjiku,linda.wanjiku553@example.com,Female,26,Kenya,Kisumu,Electronics,Smart Watch,1,120,0.25,90.0,Mobile Money,2025-09-06,2025-09-14,Shipped,4
ORD-00014,Mary Smith,mary.smith670@example.com,Male,59,Rwanda,Butare,Beauty,Lipstick,2,16,0.25,24.0,PayPal,2025-03-04,2025-03-11,Delivered,5
ORD-00015,Faith Patel,faith.patel946@example.com,Female,22,South Africa,Pretoria,Fashion,Handbag,1,55,0.15,46.75,Bank Transfer,2026-07-18,2026-07-20,Returned,1
ORD-00016,Samuel Khan,samuel.khan61@example.com,Female,28,Nigeria,Abuja,Fashion,Handbag,2,55,0.05,104.5,Mobile Money,2025-01-03,2025-01-10,Processing,3
ORD-00017,Mary Mensah,mary.mensah754@example.com,Male,52,United Kingdom,Birmingham,Beauty,Perfume,1,70,0.05,66.5,Cash on Delivery,2025-11-18,2025-11-19,Cancelled,1
ORD-00018,David Mensah,david.mensah70@example.com,Male,61,United Kingdom,London,Electronics,Smart Watch,1,120,0.05,114.0,Debit Card,2026-02-18,2026-02-20,Returned,5
ORD-00019,Peter Khan,peter.khan268@example.com,Female,31,India,Mumbai,Beauty,Makeup Kit,2,52,0.2,83.2,Debit Card,2025-09-02,2025-09-07,Processing,4
ORD-00020,David Okafor,david.okafor219@example.com,Female,50,Nigeria,Lagos,Beauty,Body Lotion,25,19,0,475,Debit Card,2025-05-16,2025-05-22,Processing,1
ORD-00021,Grace Khan,grace.khan138@example.com,Male,34,United States,Houston,Electronics,Laptop Pro 14,3,1150,0.1,3105.0,PayPal,2025-04-20,2025-04-23,Returned,3
ORD-00022,David Smith,david.smith434@example.com,Male,35,Tanzania,Dar es Salaam,Home Appliances,Vacuum Cleaner,2,145,0,290,Debit Card,2025-01-04,2025-01-10,Processing,4
ORD-00023,Brian Okafor,brian.okafor37@example.com,Male,41,United States,Los Angeles,Electronics,Wireless Headphones,1,45,0.25,33.75,PayPal,2026-03-17,2026-03-20,Processing,1
ORD-00024,Jaane Williams,jane.williams574@example.com,Male,44,Kenya, Kisumu ,Fashion,Running Shorts,-1,$28.00,0%,14.0,Bank transfer,08-31-2025,09-03-2025,Cancelled,4
ORD-00025,Samuel Akinyi,samuel.akinyi286@example.com,Female,22,Tanzania,Arusha,Fashion,Denim Jacket,1,62,0.05,58.9,Cash on Delivery,2025-12-26,2026-01-02,Processing,5
ORD-00026,Mary Kamau,mary.kamau611@example.com,Female,45,Nigeria,Ibadan,Fashion,Hoodie,5,42,0.1,189.0,Cash on Delivery,2025-11-18,2025-11-25,Delivered,5
ORD-00027,James Khan,james.khan826@example.com,Male,52,India,Delhi,Home Appliances,Air Fryer,2,110,0,220,Bank Transfer,2026-01-08,2026-01-15,Processing,1
ORD-00028,Lucy Okafor,lucy.okafor131@example.com,Female,30,Nigeria,Ibadan,Home Appliances,Coffee Maker,1,85,0.15,72.25,Cash on Delivery,2026-01-24,2026-01-27,Processing,5
ORD-00029,Mercy Smith,mercy.smith330@example.com,Female,47,Kenya,Kisumu,Home Appliances,Electric Kettle,1,35,0.2,28.0,Mobile Money,2026-03-29,2026-04-02,Shipped,5
ORD-00030,Lucy Wanjiku,lucy.wanjiku826@example.com,Male,30,Uganda,Jinja,Home Appliances,Air Fryer,3,110,0.05,313.5,Mobile Money,2025-01-26,2025-01-27,Returned,2
ORD-00031,Samuel Njoroge,samuel.njoroge410@example.com,Male,33,Nigeria,Port Harcourt,Beauty,Makeup Kit,2,52,0.25,78.0,Mobile Money,2025-01-06,2025-01-08,Shipped,4
ORD-00032,Michael Otieno,michael.otieno821@example.com,Female,47,United Kingdom,Manchester,Electronics,Smart Watch,1,120,0,120,Cash on Delivery,2026-03-30,2026-04-06,Cancelled,4
ORD-00033,James Njoroge,james.njoroge642@example.com,Female,33,United States,Los Angeles,Home Appliances,Electric Kettle,3,35,0.1,94.5,PayPal,2026-03-27,2026-03-29,Shipped,5
ORD-00034,Brian Brown,brian.brown220@example.com,Female,22,Tanzania,Mwanza,Electronics,Smartphone X12,1,699,0.15,594.15,Mobile Money,2026-02-22,2026-02-28,Cancelled,5
ORD-00035,Samuel Njoroge,samuel.njoroge7@example.com,Female,40,Rwanda,Butare,Electronics,Gaming Mouse,4,38,0.2,121.6,Bank Transfer,2026-02-04,2026-02-11,Returned,5
ORD-00036,Samuel Akinyi,samuel.akinyi685@example.com,Female,61,South Africa, pretoria ,FASHION,Cotton T-Shirt,1,€18.00,0,23.4,CASH ON DELIVERY,06-19-2025,06-27-2025,RETURNED,2
ORD-00037,Faith Smith,faith.smith71@example.com,Male,67,Nigeria,Port Harcourt,Electronics,Laptop Pro 14,2,1150,0.1,2070.0,Credit Card,2025-02-01,2025-02-05,Returned,2
ORD-00038,Daniel Williams,daniel.williams378@example.com,Male,28,Ghana,Takoradi,Electronics,Smart Watch,5,120,0.15,510.0,Cash on Delivery,2025-06-17,2025-06-22,Delivered,1
ORD-00039,Faith Kamau,faith.kamau714@example.com,Female,67,India,Chennai,Beauty,Makeup Kit,1,52,0.2,41.6,Cash on Delivery,2025-05-04,2025-05-05,Cancelled,3
ORD-00040,Grace Kiptoo,grace.kiptoo984@example.com,Female,41,Nigeria,Kano,Home Appliances,Air Fryer,3,110,0.15,280.5,Bank Transfer,2025-06-06,2025-06-13,Returned,2
ORD-00041,Victor Mwangi,victor.mwangi331@example.com,Male,33,Uganda,Jinja,Beauty,Lipstick,1,16,0.25,12.0,Mobile Money,2025-10-13,2025-10-21,Returned,2
ORD-00042,Linda Wanjiku,linda.wanjiku364@example.com,Female,69,Rwanda,Butare,Electronics,USB-C Charger,3,22,0.05,62.7,Bank Transfer,2025-12-15,2025-12-20,Processing,5
ORD-00043,Sarah Williams,sarah.williams247@example.com,Female,62,United Kingdom,London,Electronics,Smartphone X12,2,699,0.15,1188.3,Credit Card,2026-05-18,2026-05-26,Delivered,4
ORD-00044,Sarah Okafor,sarah.okafor353@example.com,Female,45,Rwanda,Kigali,Home Appliances,Coffee Maker,2,85,0.15,144.5,PayPal,2025-12-27,2026-01-04,Processing,3
ORD-00045,Aisha Wanjiku,aisha.wanjiku222@example.com,Female,65,South Africa,Durban,Electronics,Laptop Pro 14,2,1150,0.25,1725.0,Debit Card,2025-10-11,2025-10-16,Processing,1
ORD-00046,Mary Ochieng,mary.ochieng567@example.com,Male,36,Ghana,Tamale,Electronics,Laptop Pro 14,2,1150,0.1,2070.0,Credit Card,2026-05-18,2026-05-20,Returned,4
ORD-00047,Linda Kamau,linda.kamau842@example.com,Female,22,United States,Los Angeles,Home Appliances,Electric Kettle,5,35,0.1,157.5,Bank Transfer,2026-05-19,2026-05-21,Delivered,5
ORD-00048,Mercy Mensah,mercy.mensah810@example.com,Male,57,India,Bangalore,Electronics,Smartphone X12,1,699,0.15,594.15,Mobile Money,2026-06-20,2026-06-27,Processing,4
ORD-00049,Kevin Smith,kevin.smith217@example.com,Male,34,Rwanda,Butare,Electronics,Smart Watch,5,120,0,600,Cash on Delivery,2025-06-10,2025-06-14,Delivered,2
ORD-00050,Lucy Brown,lucy.brown881@example.com,Male,47,Rwanda,Butare,Beauty,Hair Dryer,1,48,0.1,43.2,Bank Transfer,2025-08-28,2025-09-02,Returned,4
ORD-00051,Daniel Patel,daniel.patel146@example.com,Male,22,South Africa,Pretoria,Electronics,Smart Watch,1,120,0.05,114.0,Bank Transfer,2025-06-19,2025-06-24,Returned,5
ORD-00052,Daniel Okafor,daniel.okafor553@example.com,Female,49,United States,New York,Beauty,Makeup Kit,1,52,0.15,44.2,Bank Transfer,2025-03-24,2025-03-25,Processing,4
ORD-00053,Victor Ochieng,victor.ochieng784@example.com,Female,61,Kenya,Nairobi,Fashion,Running Shorts,3,28,0.2,67.2,Debit Card,2026-08-14,2026-08-15,Cancelled,4
ORD-00054,David Njoroge,david.njoroge357@example.com,Female,44,United States,Houston,Fashion,Hoodie,1,42,0.15,35.7,Debit Card,2025-11-25,2025-11-27,Processing,4
ORD-00055,Peter Mwangi,peter.mwangi332@example.com,Female,25,United States,Houston,Beauty,Body Lotion,1,19,0,19,Cash on Delivery,2026-06-11,2026-06-12,Cancelled,5
ORD-00056,Kevin Mwangi,kevin.mwangi563@example.com,Female,26,South Africa,Durban,Beauty,Makeup Kit,1,52,0,52,Credit Card,2026-03-25,2026-04-02,Returned,1
ORD-00057,Grace Njoroge,grace.njoroge970@example.com,Male,25,Ghana,Tamale,Electronics,Smart Watch,1,120,0.05,114.0,Bank Transfer,2026-05-26,2026-05-31,Processing,5
ORD-00058,Kevin Khan,kevin.khan614@example.com,Male,50,United States,Los Angeles,Fashion,Handbag,2,55,0.15,93.5,Mobile Money,2025-03-13,2025-03-18,Processing,4
ORD-00059,Victor Smith,victor.smith502@example.com,Female,27,United Kingdom,Manchester,Electronics,Bluetooth Speaker,2,65,0.2,104.0,PayPal,2026-07-06,2026-07-14,Returned,3
ORD-00060,Victor Kiptoo,victor.kiptoo240@example.com,Female,67,Rwanda,Butare,Home Appliances,Electric Kettle,10,35,0.05,332.5,Mobile Money,2025-02-14,2025-02-20,Cancelled,5
ORD-00061,Peter Patel,peter.patel103@example.com,Male,46,Ghana,Takoradi,Electronics,Smartphone X12,2,699,0.2,1118.4,Bank Transfer,2026-06-23,2026-07-01,Shipped,1
ORD-00062,Samuel Smith,samuel.smith83@example.com,Female,39,Ghana,Accra,Beauty,Hair Dryer,1,48,0.25,36.0,Cash on Delivery,2025-11-21,2025-11-29,Delivered,4
ORD-00063,Grace Njoroge,grace.njoroge171@example.com,Female,62,South Africa,Durban,Fashion,Running Shorts,1,28,0,28,Credit Card,2025-01-30,2025-01-31,Processing,3
ORD-00064,Aisha Otieno,aisha.otieno180@example.com,Female,23,Rwanda,Kigali,Fashion,Hoodie,1,42,0.25,31.5,Debit Card,2025-09-04,2025-09-12,Shipped,5
ORD-00065,Lucy Smith,lucy.smith560@example.com,Male,28,Uganda,Entebbe,Home Appliances,Coffee Maker,1,85,0.15,72.25,PayPal,2026-03-29,2026-04-04,Cancelled,5
ORD-00066,Faith Kiptoo,faith.kiptoo586@example.com,Female,40,United States,Houston,Fashion,Handbag,3,55,0,165,Bank Transfer,2025-10-30,2025-10-31,Cancelled,4
ORD-00067,Mercy Williams,mercy.williams361@example.com,Male,32,India,Mumbai,Beauty,Hair Dryer,3,48,0.05,136.8,Credit Card,2025-09-14,2025-09-17,Delivered,5
ORD-00068,Peter Brown,peter.brown426@example.com,Male,29,United States,New York,Home Appliances,Coffee Maker,1,85,0.1,76.5,Cash on Delivery,2025-05-16,2025-05-22,Processing,5
ORD-00069,Michael Kamau,michael.kamau145@example.com,Male,66,Uganda,Entebbe,Home Appliances,Coffee Maker,4,85,0,340,Mobile Money,2026-02-11,2026-02-17,Delivered,1
ORD-00070,Victor Kiptoo,victor.kiptoo843@example.com,Female,58,Nigeria,Port Harcourt,Home Appliances,Coffee Maker,3,85,0.1,229.5,Credit Card,2025-04-21,2025-04-25,Returned,4
ORD-00071,Lucy Smith,lucy.smith419@example.com,Male,25,United Kingdom,Manchester,Fashion,Running Shorts,1,28,0.15,23.8,Mobile Money,2025-02-16,2025-02-17,Delivered,3
ORD-00072,Sarah Kiptoo,sarah.kiptoo602@example.com,Male,65,United Kingdom,London,Beauty,Lipstick,1,16,0.25,12.0,Mobile Money,2026-03-01,2026-03-03,Returned,4
ORD-00073,Jane Kamau,jane.kamau703@example.com,Female,41,Uganda,Kampala,Home Appliances,Electric Kettle,1,35,0.05,33.25,Debit Card,2025-03-04,2025-03-11,Delivered,3
ORD-00074,Mary Williams,mary.williams342@example.com,Male,33,United States,New York,Fashion,Running Shorts,2,28,0,56,Cash on Delivery,2026-08-02,2026-08-06,Shipped,1
ORD-00075,Brian Okafor,brian.okafor257@example.com,Male,69,South Africa,Durban,Fashion,Hoodie,1,42,0.05,39.9,Credit Card,2025-04-23,2025-04-24,Processing,2
ORD-00076,Esther Okafor,esther.okafor117@example.com,Male,65,South Africa,Durban,Electronics,Smartphone X12,1,699,0.05,664.05,PayPal,2026-05-03,2026-05-11,Returned,4
ORD-00077,James Mwangi,james.mwangi470@example.com,Male,59,United States,Chicago,Electronics,Laptop Pro 14,3,1150,0.25,2587.5,Mobile Money,2025-03-04,2025-03-12,Cancelled,4
ORD-00078,David Otieno,david.otieno282@example.com,Female,57,United States,Los Angeles,Electronics,Wireless Headphones,1,45,0.05,42.75,Cash on Delivery,2026-01-26,2026-01-31,Returned,4
ORD-00079,Esther Akinyi,esther.akinyi848@example.com,Female,47,Nigeria,Kano,Fashion,Handbag,2,55,0.05,104.5,Mobile Money,2026-03-02,2026-03-04,Processing,3
ORD-00080,David Kiptoo,david.kiptoo99@example.com,Female,65,Tanzania,Dar es Salaam,Beauty,Face Cream,1,24,0,24,Cash on Delivery,2025-05-14,2025-05-15,Returned,5
ORD-00081,Mary Mwangi,mary.mwangi615@example.com,Female,37,Nigeria,Port Harcourt,Home Appliances,Coffee Maker,5,85,0.15,361.25,Bank Transfer,2025-04-17,2025-04-21,Cancelled,2
ORD-00082,Faith Williams,faith.williams440@example.com,Male,53,Nigeria,Ibadan,Home Appliances,Air Fryer,3,110,0.2,264.0,PayPal,2025-10-01,2025-10-02,Processing,2
ORD-00083,David Otieno,david.otieno759@example.com,Male,58,Tanzania,Dar es Salaam,Fashion,Denim Jacket,2,62,0.15,105.4,Mobile Money,2025-04-04,2025-04-08,Cancelled,4
ORD-00084,Brian Otieno,brian.otieno773@example.com,Male,57,Tanzania,Arusha,Home Appliances,Vacuum Cleaner,2,145,0,290,Bank Transfer,2025-03-25,2025-03-30,Cancelled,4
ORD-00085,Jane Kiptoo,jane.kiptoo114@example.com,Female,36,United States,Los Angeles,Home Appliances,Electric Kettle,3,35,0,105,Debit Card,2026-06-24,2026-06-29,Cancelled,1
ORD-00086,Daniel Mwangi,daniel.mwangi336@example.com,Male,25,Kenya,Nairobi,Fashion,Cotton T-Shirt,5,18,0.05,85.5,Debit Card,2026-05-25,2026-06-01,Cancelled,2
ORD-00087,Esther Ochieng,esther.ochieng471@example.com,Female,22,South Africa,Durban,Electronics,USB-C Charger,3,22,0,66,Mobile Money,2026-08-13,2026-08-20,Cancelled,5
ORD-00088,Michael Patel,michael.patel707@example.com,Male,41,Rwanda,Kigali,Home Appliances,Electric Kettle,3,35,0.2,84.0,Mobile Money,2026-03-24,2026-03-26,Returned,2
ORD-00089,Aisha Kamau,aisha.kamau523@example.com,Male,58,Nigeria,Port Harcourt,Home Appliances,Coffee Maker,1,85,0.1,76.5,PayPal,2026-06-28,2026-07-02,Processing,4
ORD-00090,Mercy Otieno,mercy.otieno779@example.com,Male,66,Ghana,Kumasi,Electronics,Smartphone X12,1,699,0.05,664.05,Cash on Delivery,2025-07-01,2025-07-09,Returned,4
ORD-00091,Michael Smith,michael.smith311@example.com,Female,68,India,Bangalore,Home Appliances,Electric Kettle,1,35,0.15,29.75,Credit Card,2025-02-27,2025-03-05,Processing,5
ORD-00092,Mercy Mensah,mercy.mensah520@example.com,Female,42,Kenya,Nairobi,Home Appliances,Blender,1,58,0,58,Cash on Delivery,2026-08-18,2026-08-19,Shipped,4
ORD-00093,David Okafor,david.okafor662@example.com,Male,29,United States,Chicago,Electronics,USB-C Charger,1,22,0.1,19.8,Cash on Delivery,2025-09-11,2025-09-19,Returned,4
ORD-00094,Mercy Ochieng,mercy.ochieng809@example.com,Female,58,Tanzania,Arusha,Home Appliances,Microwave Oven,1,180,0.1,162.0,Cash on Delivery,2025-03-09,2025-03-15,Cancelled,1
ORD-00095,Jane Mwangi,jane.mwangi991@example.com,Female,59,India,Delhi,Home Appliances,Air Fryer,2,110,0.05,209.0,Cash on Delivery,2025-05-13,2025-05-15,Cancelled,3
ORD-00096,Jane Ochieng,jane.ochieng372@example.com,Male,37,Tanzania,Dar es Salaam,Electronics,Laptop Pro 14,2,1150,0.2,1840.0,Mobile Money,2025-08-08,2025-08-14,Shipped,4
ORD-00097,James Williams,james.williams553@example.com,Male,65,Ghana,Kumasi,Electronics,Bluetooth Speaker,3,65,0,195,Mobile Money,2025-12-11,2025-12-14,Shipped,5
ORD-00098,Faith Njoroge,faith.njoroge626@example.com,Female,36,India,Delhi,Beauty,Face Cream,1,24,0.25,18.0,Mobile Money,2025-08-28,2025-09-01,Shipped,3
ORD-00099,James Kiptoo,james.kiptoo990@example.com,Male,28,India,Chennai,Beauty,Hair Dryer,3,48,0.2,115.2,Bank Transfer,2025-05-22,2025-05-27,Cancelled,1
ORD-00100,Daniel Njoroge,daniel.njoroge928@example.com,Male,50,United Kingdom,London,Electronics,Bluetooth Speaker,1,65,0.05,61.75,Mobile Money,2026-03-24,2026-03-26,Processing,2
ORD-00101,David Akinyi,david.akinyi230@example.com,Female,19,Rwanda,Kigali,Beauty,Body Lotion,1,19,0.15,16.15,Debit Card,2025-04-12,2025-04-18,Shipped,4
ORD-00102,Mercy Okafor,mercy.okafor434@example.com,Female,25,Nigeria,Lagos,Home Appliances,Electric Kettle,3,35,0.2,84.0,Credit Card,2025-09-01,2025-09-06,Shipped,1
ORD-00103,Mercy Okafor,mercy.okafor17@example.com,Male,58,India,Chennai,Electronics,Wireless Headphones,3,45,0.15,114.75,Credit Card,2025-05-28,2025-06-02,Returned,4
ORD-00104,Jane Kamau,jane.kamau977@example.com,Male,51,India,Chennai,Fashion,Running Shorts,2,28,0.2,44.8,Bank Transfer,2026-02-04,2026-02-12,Cancelled,1
ORD-00105,Faith Brown,faith.brown673@example.com,Male,58,Uganda,Jinja,Electronics,Bluetooth Speaker,3,65,0.1,175.5,Credit Card,2026-08-19,2026-08-25,Processing,2
ORD-00106,David Brown,david.brown795@example.com,Male,47,Ghana,Takoradi,Beauty,Makeup Kit,1,52,0.05,49.4,Debit Card,2025-10-28,2025-11-01,Delivered,1
ORD-00107,Kevin Mwangi,kevin.mwangi366@example.com,Male,67,Uganda,Jinja,Beauty,Body Lotion,2,19,0,38,PayPal,2025-12-06,2025-12-11,Cancelled,1
ORD-00108,Jane Khan,jane.khan817@example.com,Female,51,United States,Los Angeles,Home Appliances,Electric Kettle,2,35,0.15,59.5,Mobile Money,2025-03-26,2025-04-02,Returned,1
ORD-00109,Lucy Mwangi,lucy.mwangi457@example.com,Female,56,Ghana,Tamale,Home Appliances,Air Fryer,1,110,0.25,82.5,Mobile Money,2025-06-20,2025-06-28,Delivered,3
ORD-00110,David Smith,david.smith653@example.com,Female,43,Tanzania,Mwanza,Beauty,Hair Dryer,2,48,0,96,Debit Card,2026-06-10,2026-06-13,Returned,1
ORD-00111,Jane Akinyi,jane.akinyi393@example.com,Male,54,United States,New York,Fashion,Sneakers,1,75,0.25,56.25,PayPal,2025-06-07,2025-06-15,Cancelled,3
ORD-00112,Faith Kamau,faith.kamau27@example.com,Male,65,India,Delhi,Home Appliances,Microwave Oven,1,180,0.1,162.0,Credit Card,2026-05-27,2026-06-03,Processing,5
ORD-00113,Kevin Kamau,kevin.kamau139@example.com,Female,22,United States,Chicago,Home Appliances,Coffee Maker,4,85,0.15,289.0,Bank Transfer,2025-06-26,2025-07-04,Processing,1
ORD-00114,Aisha Williams,aisha.williams371@example.com,Male,50,Nigeria,Kano,Home Appliances,Blender,3,58,0.25,130.5,Debit Card,2025-05-05,2025-05-09,Shipped,4
ORD-00115,Brian Mensah,brian.mensah906@example.com,Male,23,Kenya,Kisumu,Home Appliances,Microwave Oven,3,180,0.2,432.0,Bank Transfer,2025-11-13,2025-11-20,Cancelled,5
ORD-00116,Michael Smith,michael.smith530@example.com,Male,40,Rwanda,Kigali,Fashion,Cotton T-Shirt,2,18,0.15,30.6,Debit Card,2026-07-19,2026-07-22,Cancelled,4
ORD-00117,Faith Akinyi,faith.akinyi971@example.com,Female,51,Kenya,Nairobi,Fashion,Cotton T-Shirt,1,18,0.1,16.2,Bank Transfer,2025-03-22,2025-03-27,Returned,2
ORD-00118,Victor Otieno,victor.otieno176@example.com,Female,60,Uganda,Jinja,Electronics,Smart Watch,2,120,0.2,192.0,Credit Card,2026-08-01,2026-08-02,Delivered,4
ORD-00119,John Njoroge,john.njoroge911@example.com,Female,58,India,Bangalore,Fashion,Hoodie,1,42,0.25,31.5,Bank Transfer,2025-11-06,2025-11-14,Cancelled,2
ORD-00120,Kevin Akinyi,kevin.akinyi622@example.com,Female,27,Nigeria,Lagos,Fashion,Handbag,1,55,0.15,46.75,Debit Card,2025-11-23,2025-11-29,Processing,4
ORD-00121,Faith Otieno,faith.otieno100@example.com,Female,21,Nigeria,Ibadan,Fashion,Handbag,1,55,0.15,46.75,Debit Card,2026-01-29,2026-02-05,Processing,2
ORD-00122,Linda Khan,linda.khan316@example.com,Male,49,Tanzania,Dar es Salaam,Fashion,Handbag,25,55,0.15,1168.75,Mobile Money,2025-04-03,2025-04-10,Shipped,5
ORD-00123,Linda Mwangi,linda.mwangi550@example.com,Male,18,Tanzania,Dar es Salaam,Electronics,Bluetooth Speaker,2,65,0.25,97.5,Bank Transfer,2026-03-18,2026-03-21,Processing,3
ORD-00124,Jane Okafor,jane.okafor296@example.com,Female,22,Tanzania,Dar es Salaam,Beauty,Face Cream,2,24,0.05,45.6,Cash on Delivery,2026-06-01,2026-06-09,Processing,4
ORD-00125,Sarah Akinyi,sarah.akinyi774@example.com,Male,27,India,Mumbai,fashion,Sneakers,1,75,0.1,67.5,credit card,2026-06-06,2026-06-13,DELIVERED,5
ORD-00126,Linda Brown,linda.brown577@example.com,Female,37,India,Bangalore,Home Appliances,Vacuum Cleaner,3,145,0.2,348.0,Bank Transfer,2025-01-18,2025-01-24,Delivered,3
ORD-00127,Victor Mensah,victor.mensah234@example.com,Male,64,India,Bangalore,Electronics,Smart Watch,2,120,0.25,180.0,Cash on Delivery,2026-08-21,2026-08-29,Returned,2
ORD-00128,Grace Wanjiku,grace.wanjiku20@example.com,Female,46,Rwanda,Kigali,Fashion,Sneakers,2,75,0.25,112.5,Bank Transfer,2026-03-05,2026-03-08,Shipped,4
ORD-00129,Sarah Akinyi,sarah.akinyi679@example.com,Female,48,India,Chennai,Electronics,Laptop Pro 14,1,1150,0.05,1092.5,Cash on Delivery,2025-11-18,2025-11-21,Processing,4
ORD-00130,Sarah Mwangi,sarah.mwangi231@example.com,Female,37,Uganda,Jinja,Beauty,Perfume,5,70,0.1,315.0,Mobile Money,2025-08-01,2025-08-09,Processing,3
ORD-00131,Samuel Patel,samuel.patel354@example.com,Male,67,Uganda,Entebbe,Electronics,Smart Watch,2,120,0.15,204.0,Bank Transfer,2025-10-25,2025-10-26,Delivered,3
ORD-00132,Daniel Khan,daniel.khan576@example.com,Female,62,United States,Houston,Beauty,Perfume,1,70,0.2,56.0,Bank Transfer,2025-05-21,2025-05-23,Returned,5
ORD-00133,Esther Akinyi,esther.akinyi735@example.com,Male,48,Kenya,Eldoret,Fashion,Running Shorts,1,28,0,28,Debit Card,2025-05-21,2025-05-22,Cancelled,5
ORD-00134,Mary Khan,mary.khan788@example.com,Male,23,United States,Los Angeles,Fashion,Cotton T-Shirt,1,18,0.25,13.5,Mobile Money,2026-07-02,2026-07-03,Shipped,2
ORD-00135,Mary Ochieng,mary.ochieng306@example.com,Male,54,Kenya,Nakuru,Beauty,Perfume,4,70,0.1,252.0,Bank Transfer,2025-12-10,2025-12-15,Returned,4
ORD-00136,Aisha Brown,aisha.brown470@example.com,Female,59,Ghana,Takoradi,Home Appliances,Electric Kettle,3,35,0.1,94.5,PayPal,2025-07-10,2025-07-11,Processing,5
ORD-00137,Samuel Smith,samuel.smith98@example.com,Male,29,South Africa,Cape Town,Beauty,Lipstick,2,16,0,32,Credit Card,2026-05-04,2026-05-10,Processing,2
ORD-00138,John Mwangi,john.mwangi670@example.com,Male,41,United States,Houston,Home Appliances,Blender,2,58,0.2,92.8,PayPal,2025-03-05,2025-03-07,Shipped,4
ORD-00139,Jane Mensah,jane.mensah227@example.com,Male,32,United Kingdom,Birmingham,Home Appliances,Coffee Maker,1,85,0.1,76.5,Bank Transfer,2026-05-05,2026-05-08,Returned,4
ORD-00140,David Okafor,david.okafor458@example.com,Female,51,United Kingdom,Manchester,Fashion,Denim Jacket,2,62,0.2,99.2,Cash on Delivery,2025-03-21,2025-03-23,Returned,1
ORD-00141,Grace Smith,grace.smith211@example.com,Female,63,United Kingdom,London,Fashion,Cotton T-Shirt,3,18,0.15,45.9,Credit Card,2025-04-04,2025-04-12,Cancelled,4
ORD-00142,John Kiptoo,john.kiptoo261@example.com,Male,70,Rwanda,Butare,Electronics,Smart Watch,2,120,0.1,216.0,Mobile Money,2025-08-12,2025-08-14,Processing,1
ORD-00143,Aisha Williams,aisha.williams139@example.com,Female,67,United Kingdom,London,Electronics,USB-C Charger,1,22,0.15,18.7,Mobile Money,2026-01-19,2026-01-26,Cancelled,4
ORD-00144,Samuel Okafor,samuel.okafor131@example.com,Male,64,United Kingdom,London,Home Appliances,Air Fryer,1,110,0.2,88.0,Mobile Money,2025-01-04,2025-01-05,Returned,3
ORD-00145,Kevin Khan,kevin.khan897@example.com,Male,64,Rwanda,Kigali,Fashion,Handbag,1,55,0.1,49.5,Credit Card,2025-02-02,2025-02-09,Shipped,5
ORD-00146,Mary Wanjiku,mary.wanjiku759@example.com,Female,20,Nigeria,Kano,Electronics,USB-C Charger,2,22,0.25,33.0,Debit Card,2026-03-26,2026-03-30,Delivered,5
ORD-00147,Peter Wanjiku,peter.wanjiku310@example.com,Male,27,Uganda,Kampala,Home Appliances,Vacuum Cleaner,2,145,0.25,217.5,Credit Card,2026-02-28,2026-03-05,Returned,3
ORD-00148,Samuel Williams,samuel.williams538@example.com,Female,38,Ghana,Takoradi,Beauty,Face Cream,5,24,0.25,90.0,Mobile Money,2026-02-23,2026-02-26,Shipped,3
ORD-00149,Michael Khan,michael.khan60@example.com,Female,53,United States,Chicago,Fashion,Cotton T-Shirt,3,18,0.05,51.3,Debit Card,2026-03-03,2026-03-06,Processing,4
ORD-00150,Mary Mwangi,mary.mwangi387@example.com,Male,61,Nigeria,Port Harcourt,Home Appliances,Air Fryer,2,110,0.05,209.0,Cash on Delivery,2025-03-16,2025-03-20,Returned,4
ORD-00151,Grace Brown,grace.brown773@example.com,Male,48,South Africa,Durban,Home Appliances,Air Fryer,1,110,0.05,104.5,Cash on Delivery,2025-07-29,2025-08-05,Processing,2
ORD-00152,Linda Njoroge,linda.njoroge101@example.com,Female,69,Rwanda,Butare,Home Appliances,Blender,1,58,0.2,46.4,PayPal,2025-11-24,2025-11-28,Cancelled,3
ORD-00153,Victor Brown,victor.brown428@example.com,Male,36,South Africa,Cape Town,Electronics,Bluetooth Speaker,2,65,0.2,104.0,Mobile Money,2025-07-20,2025-07-26,Returned,2
ORD-00154,Linda Njoroge,linda.njoroge173@example.com,Female,64,United States,Houston,Home Appliances,Microwave Oven,5,180,0.25,675.0,Cash on Delivery,2025-06-23,2025-06-26,Cancelled,5
ORD-00155,Mary Williams,mary.williams7@example.com,Male,44,United Kingdom,Birmingham,Electronics,Smart Watch,1,120,0,120,Debit Card,2025-08-25,2025-08-27,Delivered,5
ORD-00156,Linda Smith,linda.smith500@example.com,Male,19,United States,Houston,Electronics,Smart Watch,2,120,0.2,192.0,Credit Card,2026-06-29,2026-07-06,Returned,1
ORD-00157,Esther Williams,esther.williams963@example.com,Male,29,United Kingdom,Manchester,Electronics,Smart Watch,3,120,0.25,270.0,Debit Card,2025-04-09,2025-04-12,Returned,2
ORD-00158,Michael Mensah,michael.mensah250@example.com,Male,62,Tanzania,Arusha,Beauty,Face Cream,1,24,0.15,20.4,Bank Transfer,2025-11-04,2025-11-06,Delivered,5
ORD-00159,Aisha Kamau,aisha.kamau512@example.com,Female,45,Rwanda,Butare,Beauty,Face Cream,2,24,0.25,36.0,Credit Card,2026-08-03,2026-08-05,Shipped,5
ORD-00160,Daniel Khan,daniel.khan557@example.com,Male,54,India,Chennai,Home Appliances,Air Fryer,4,110,0.25,330.0,Debit Card,2025-07-03,2025-07-09,Returned,1
ORD-00161,Samuel Smith,samuel.smith919@example.com,Female,52,Rwanda,Kigali,Home Appliances,Electric Kettle,2,35,0.2,56.0,Bank Transfer,2026-01-29,2026-02-01,Delivered,4
ORD-00162,Peter Mensah,peter.mensah788@example.com,Female,57,Tanzania,Dar es Salaam,Electronics,USB-C Charger,1,22,0,22,PayPal,2025-12-01,2025-12-02,Cancelled,5
ORD-00163,Samuel Kamau,samuel.kamau791@example.com,Female,57,Tanzania,Mwanza,Beauty,Lipstick,1,16,0.2,12.8,PayPal,2025-09-10,2025-09-12,Shipped,1
ORD-00164,Lucy Njoroge,lucy.njoroge369@example.com,Female,66,Ghana,Takoradi,Home Appliances,Blender,1,58,0,58,Debit Card,2025-04-15,2025-04-18,Cancelled,1
ORD-00165,Sarah Kamau,sarah.kamau612@example.com,Female,56,United Kingdom,Birmingham,Beauty,Face Cream,1,24,0.1,21.6,Mobile Money,2026-01-30,2026-01-31,Cancelled,3
ORD-00166,Daniel Mwangi,daniel.mwangi275@example.com,Male,49,United Kingdom,London,Fashion,Running Shorts,1,28,0.05,26.6,PayPal,2025-03-06,2025-03-09,Cancelled,4
ORD-00167,Mercy Mensah,mercy.mensah201@example.com,Male,47,Nigeria,Ibadan,Home Appliances,Electric Kettle,2,35,0.15,59.5,Mobile Money,2025-05-19,2025-05-24,Processing,1
ORD-00168,Mercy Otieno,mercy.otieno308@example.com,Male,38,Rwanda,Butare,Beauty,Hair Dryer,1,48,0.25,36.0,Mobile Money,2026-05-06,2026-05-12,Processing,2
ORD-00169,Jane Kamau,jane.kamau955@example.com,Male,54,United States,Chicago,Home Appliances,Microwave Oven,1,180,0.15,153.0,Cash on Delivery,2026-07-13,2026-07-16,Delivered,5
ORD-00170,Esther Smith,esther.smith512@example.com,Female,26,United States,Chicago,Beauty,Hair Dryer,3,48,0,144,Debit Card,2025-09-05,2025-09-10,Cancelled,5
ORD-00171,Esther Okafor,esther.okafor38@example.com,Female,68,Nigeria,Port Harcourt,Beauty,Body Lotion,1,19,0.2,15.2,Debit Card,2026-07-04,2026-07-06,Processing,1
ORD-00172,Grace Ochieng,grace.ochieng101@example.com,Male,34,India,Mumbai,Beauty,Hair Dryer,5,48,0.15,204.0,PayPal,2026-06-07,2026-06-11,Cancelled,4
ORD-00173,Esther Khan,esther.khan985@example.com,Male,23,India,Delhi,Home Appliances,Air Fryer,2,110,0.1,198.0,PayPal,2025-05-26,2025-06-01,Cancelled,3
ORD-00174,Michael Akinyi,michael.akinyi69@example.com,Male,37,United Kingdom,Manchester,Home Appliances,Microwave Oven,1,180,0.25,135.0,PayPal,2025-04-28,2025-04-29,Delivered,4
ORD-00175,Esther Njoroge,esther.njoroge238@example.com,Female,69,Ghana,Kumasi,Fashion,Hoodie,1,42,0.2,33.6,Bank Transfer,2025-07-08,2025-07-11,Cancelled,5
ORD-00176,Kevin Wanjiku,kevin.wanjiku286@example.com,Male,66,India,Delhi,Beauty,Body Lotion,1,19,0,19,Cash on Delivery,2026-08-15,2026-08-17,Shipped,4
ORD-00177,James Smith,james.smith321@example.com,Female,56,South Africa,Pretoria,Electronics,Bluetooth Speaker,2,65,0.15,110.5,PayPal,2026-02-06,2026-02-08,Cancelled,3
ORD-00178,Faith Mwangi,faith.mwangi120@example.com,Female,29,Uganda,Jinja,Electronics,Laptop Pro 14,1,1150,0,1150,Cash on Delivery,2025-05-25,2025-06-01,Shipped,4
ORD-00179,Aisha Okafor,aisha.okafor171@example.com,Female,49,Rwanda,Kigali,Beauty,Makeup Kit,2,52,0.25,78.0,Mobile Money,2025-05-24,2025-05-27,Returned,3
ORD-00180,Sarah Okafor,sarah.okafor669@example.com,Female,49,Tanzania,Dar es Salaam,Beauty,Perfume,1,70,0.15,59.5,Mobile Money,2026-05-19,2026-05-26,Cancelled,5
ORD-00181,Sarah Mwangi,sarah.mwangi173@example.com,Female,67,India,Mumbai,Fashion,Cotton T-Shirt,1,18,0.05,17.1,Cash on Delivery,2026-08-03,2026-08-11,Delivered,5
ORD-00182,Michael Okafor,michael.okafor224@example.com,Male,45,Uganda,Jinja,Home Appliances,Vacuum Cleaner,3,145,0,435,Credit Card,2025-09-11,2025-09-16,Cancelled,4
ORD-00183,Victor Brown,victor.brown360@example.com,Female,63,Nigeria,Port Harcourt,Electronics,Gaming Mouse,3,38,0.05,108.3,Debit Card,2025-06-19,2025-06-22,Shipped,4
ORD-00184,Lucy Mwangi,lucy.mwangi587@example.com,Male,35,India,Bangalore,Home Appliances,Vacuum Cleaner,2,145,0.1,261.0,PayPal,2025-05-19,2025-05-26,Shipped,1
ORD-00185,Samuel Njoroge,samuel.njoroge146@example.com,Female,54,Ghana,Kumasi,Fashion,Running Shorts,1,28,0.05,26.6,Credit Card,2026-03-01,2026-03-08,Delivered,4
ORD-00186,Victor Ochieng,victor.ochieng890@example.com,Male,67,Uganda,Jinja,Home Appliances,Microwave Oven,5,180,0.1,810.0,Credit Card,2026-04-15,2026-04-21,Returned,4
ORD-00187,Peter Okaafor,invalid@,Female,-5,, Kigali ,beauty,Hair Dryer,1000,€48.00,10%,56.16,M-Pesa,2025.12.18,2025.12.19,cancelled,5 stars
ORD-00188,@@Graace Ochieng!!,john@@email.com,Male,-5,Rwanda, Butare ,FASHION,Handbag,2000,€55.00,25%,165.0,M-Pesa,05-16-2025,05-20-2025,Cancelled,N/A
ORD-00189,Jane Brown,jane.brown219@example.com,Male,58,Nigeria,Kano,Electronics,Smart Watch,2,120,0.15,204.0,Debit Card,2026-02-26,2026-03-06,Delivered,4
ORD-00190,Brian Wanjiku,brian.wanjiku284@example.com,Male,59,Ghana,Accra,Beauty,Hair Dryer,5,48,0.1,216.0,Bank Transfer,2025-09-12,2025-09-17,Delivered,4
ORD-00191,Mary Williams,mary.williams920@example.com,Male,68,Uganda,Kampala,Fashion,Running Shorts,1,28,0.25,21.0,Debit Card,2026-05-22,2026-05-29,Cancelled,1
ORD-00192,Saamuel Patel,user#mail.com,FEMALE,999,Nigeria, Kano ,Electronics,Bluetooth Speaker,4000,KSh 65,5%,321.1,creditcard,10/01/2026,13/01/2026,Delivered,-1
ORD-00193,David Mwangi,david.mwangi716@example.com,Male,45,South Africa,Cape Town,Home Appliances,Microwave Oven,2,180,0.25,270.0,Mobile Money,2025-03-01,2025-03-05,Delivered,1
ORD-00194,Aisha Kamau,aisha.kamau13@example.com,Male,63,India,Mumbai,Home Appliances,Coffee Maker,3,85,0.25,191.25,PayPal,2025-01-12,2025-01-15,Returned,4
ORD-00195,Grace Williams,grace.williams922@example.com,Female,19,Uganda,Kampala,Home Appliances,Electric Kettle,3,35,0.1,94.5,Credit Card,2026-03-16,2026-03-21,Processing,5
ORD-00196,Linda Patel,linda.patel581@example.com,Female,28,India,Mumbai,Beauty,Lipstick,2,16,0,32,Credit Card,2025-06-11,2025-06-16,Returned,4
ORD-00197,Faith Ochieng,faith.ochieng484@example.com,Female,41,Nigeria,Abuja,Electronics,Wireless Headphones,3,45,0,135,Credit Card,2025-06-03,2025-06-06,Returned,4
ORD-00198,Peter Mwangi,peter.mwangi846@example.com,Female,22,Rwanda,Kigali,Home Appliances,Electric Kettle,1,35,0.25,26.25,Debit Card,2025-05-03,2025-05-04,Returned,2
ORD-00199,Peter Kamau,peter.kamau567@example.com,Male,47,Rwanda,Kigali,Beauty,Hair Dryer,3,48,0.1,129.6,Cash on Delivery,2026-01-13,2026-01-17,Processing,3
ORD-00200,Sarah Williams,sarah.williams816@example.com,Male,33,South Africa,Pretoria,Home Appliances,Vacuum Cleaner,5,145,0.05,688.75,Debit Card,2025-01-07,2025-01-14,Returned,1
ORD-00201,Lucy Kamau,lucy.kamau211@example.com,Male,51,Kenya,Kisumu,Electronics,Gaming Mouse,2,38,0.25,57.0,Debit Card,2026-03-06,2026-03-14,Processing,1
ORD-00202,Victor Kamau,victor.kamau518@example.com,Female,26,South Africa,Pretoria,Home Appliances,Microwave Oven,5,180,0,900,Bank Transfer,2025-03-18,2025-03-19,Shipped,4
ORD-00203,Peter Njoroge,peter.njoroge279@example.com,Male,32,Uganda,Entebbe,Beauty,Makeup Kit,3,52,0.1,140.4,Cash on Delivery,2025-07-27,2025-07-30,Delivered,4
ORD-00204,Jane Williams,jane.williams213@example.com,Female,46,Ghana,Takoradi,Beauty,Hair Dryer,1,48,0.2,38.4,Credit Card,2026-04-20,2026-04-25,Delivered,4
ORD-00205,Brian Kamau,brian.kamau729@example.com,Female,33,Uganda,Jinja,Electronics,Smartphone X12,3,699,0.1,1887.3,PayPal,2026-02-10,2026-02-11,Processing,5
ORD-00206,Faith Kamau,faith.kamau474@example.com,Male,24,Ghana,Accra,Beauty,Lipstick,2,16,0.2,25.6,Debit Card,2025-05-05,2025-05-06,Shipped,1
ORD-00207,John Kamau,john.kamau203@example.com,Female,59,Rwanda,Butare,Electronics,Smart Watch,2,120,0,240,PayPal,2025-05-12,2025-05-14,Delivered,4
ORD-00208,Samuel Njoroge,samuel.njoroge31@example.com,Female,42,United States,New York,Fashion,Hoodie,1,42,0.25,31.5,Debit Card,2025-06-26,2025-07-02,Processing,2
ORD-00209,Sarah Njoroge,sarah.njoroge63@example.com,Female,23,Ghana,Accra,Fashion,Running Shorts,1,28,0.15,23.8,Debit Card,2026-01-28,2026-01-31,Returned,4
ORD-00210,Linda Akinyi,linda.akinyi935@example.com,Female,54,United Kingdom,London,Beauty,Makeup Kit,1,52,0.2,41.6,Credit Card,2026-02-02,2026-02-07,Processing,2
ORD-00211,Jane Williams,jane.williams599@example.com,Male,32,Kenya,Kisumu,Electronics,Gaming Mouse,10,38,0.2,304.0,Debit Card,2025-04-13,2025-04-17,Processing,5
ORD-00212,Aisha Wanjiku,aisha.wanjiku607@example.com,Female,38,Kenya,Mombasa,Beauty,Hair Dryer,4,48,0.05,182.4,Cash on Delivery,2025-01-29,2025-02-04,Shipped,5
ORD-00213,Mary Wanjiku,mary.wanjiku617@example.com,Male,32,South Africa,Pretoria,Home Appliances,Electric Kettle,2,35,0,70,PayPal,2026-06-24,2026-07-02,Returned,1
ORD-00214,Victor Brown,victor.brown940@example.com,Male,27,Ghana,Tamale,Fashion,Cotton T-Shirt,1,18,0.05,17.1,PayPal,2026-06-23,2026-06-29,Cancelled,1
ORD-00215,Esther Williams,esther.williams655@example.com,Female,49,Tanzania,Arusha,Home Appliances,Electric Kettle,5,35,0.25,131.25,Bank Transfer,2025-06-28,2025-07-04,Returned,2
ORD-00216,Victor Kiptoo,victor.kiptoo872@example.com,Male,67,Rwanda,Butare,Home Appliances,Electric Kettle,1,35,0,35,Cash on Delivery,2025-07-06,2025-07-12,Shipped,4
ORD-00217,Jane Akinyi,jane.akinyi172@example.com,Male,58,Nigeria,Port Harcourt,Fashion,Cotton T-Shirt,3,18,0.05,51.3,PayPal,2025-12-10,2025-12-18,Shipped,1
ORD-00218,Samuel Njoroge,samuel.njoroge751@example.com,Male,44,Nigeria,Ibadan,Home Appliances,Air Fryer,2,110,0,220,PayPal,2026-02-28,2026-03-08,Returned,4
ORD-00219,Lucy Ochieng,lucy.ochieng327@example.com,Male,34,United States,Chicago,Fashion,Handbag,1,55,0,55,Mobile Money,2025-03-17,2025-03-23,Shipped,2
ORD-00220,John Kiptoo,john.kiptoo966@example.com,Male,59,United Kingdom,London,Home Appliances,Vacuum Cleaner,10,145,0.15,1232.5,Credit Card,2026-03-21,2026-03-24,Processing,1
ORD-00221,Grace Ochieng,grace.ochieng403@example.com,Female,54,South Africa,Pretoria,Home Appliances,Coffee Maker,1,85,0.05,80.75,Credit Card,2025-06-07,2025-06-08,Cancelled,3
ORD-00222,Lucy Kamau,lucy.kamau485@example.com,Female,25,India,Chennai,Fashion,Sneakers,1,75,0.05,71.25,Bank Transfer,2026-02-12,2026-02-20,Processing,4
ORD-00223,Aisha Njoroge,aisha.njoroge46@example.com,Female,34,United Kingdom,Manchester,Fashion,Cotton T-Shirt,4,18,0.1,64.8,PayPal,2026-04-22,2026-04-27,Returned,2
ORD-00224,Faith Okafor,faith.okafor63@example.com,Female,42,Nigeria,Lagos,Home Appliances,Vacuum Cleaner,1,145,0.2,116.0,Debit Card,2026-07-03,2026-07-11,Cancelled,5
ORD-00225,Aisha Otieno,aisha.otieno996@example.com,Male,31,Rwanda,Kigali,Fashion,Sneakers,5,75,0.15,318.75,Credit Card,2025-05-10,2025-05-11,Cancelled,4
ORD-00226,David Kiptoo,david.kiptoo570@example.com,Female,43,Ghana,Tamale,Home Appliances,Coffee Maker,4,85,0,340,Credit Card,2025-10-10,2025-10-18,Returned,4
ORD-00227,Victor Williams,victor.williams988@example.com,Male,24,Rwanda,Kigali,Beauty,Perfume,1,70,0.2,56.0,PayPal,2026-07-31,2026-08-02,Returned,4
ORD-00228,Linda Ochieng,linda.ochieng177@example.com,Female,35,Rwanda,Butare,Beauty,Makeup Kit,2,52,0.2,83.2,Mobile Money,2025-05-28,2025-06-04,Processing,1
ORD-00229,Lucy Mwangi,lucy.mwangi864@example.com,Male,49,Kenya,Nakuru,Home Appliances,Blender,1,58,0.1,52.2,Bank Transfer,2025-08-22,2025-08-25,Cancelled,3
ORD-00230,Michael Wanjiku,michael.wanjiku936@example.com,Female,70,Tanzania,Arusha,Beauty,Body Lotion,2,19,0.05,36.1,Credit Card,2026-05-12,2026-05-18,Returned,4
ORD-00231,Victor Ochieng,victor.ochieng178@example.com,Male,30,Nigeria,Ibadan,Beauty,Perfume,3,70,0.2,168.0,Mobile Money,2025-03-01,2025-03-05,Delivered,1
ORD-00232,Grace Smith,grace.smith32@example.com,Female,33,South Africa,Durban,Home Appliances,Microwave Oven,2,180,0.25,270.0,Mobile Money,2026-05-16,2026-05-24,Returned,2
ORD-00233,Lucy Ochieng,lucy.ochieng396@example.com,Male,21,Tanzania,Dar es Salaam,Home Appliances,Coffee Maker,3,85,0,255,Debit Card,2026-08-09,2026-08-13,Shipped,4
ORD-00234,John Njoroge,john.njoroge934@example.com,Male,26,Uganda,Jinja,Beauty,Body Lotion,1,19,0.25,14.25,Cash on Delivery,2025-01-09,2025-01-13,Processing,3
ORD-00235,Michael Mwangi,michael.mwangi694@example.com,Female,51,Uganda,Entebbe,Beauty,Hair Dryer,2,48,0.05,91.2,Cash on Delivery,2026-08-22,2026-08-24,Processing,1
ORD-00236,Peter Mwangi,peter.mwangi656@example.com,Female,38,India,Bangalore,Home Appliances,Coffee Maker,1,85,0,85,Debit Card,2025-09-25,2025-09-30,Returned,2
ORD-00237,John Smith,john.smith510@example.com,Female,36,Kenya,Eldoret,Beauty,Makeup Kit,1,52,0.05,49.4,Bank Transfer,2026-03-05,2026-03-12,Delivered,4
ORD-00238,Sarah Smith,sarah.smith804@example.com,Female,48,India,Delhi,Home Appliances,Coffee Maker,2,85,0.25,127.5,Debit Card,2026-06-04,2026-06-09,Returned,4
ORD-00239,Aisha Smith,aisha.smith922@example.com,Male,39,Nigeria,Port Harcourt,Fashion,Running Shorts,1,28,0.2,22.4,Bank Transfer,2025-08-16,2025-08-22,Processing,2
ORD-00240,Linda Ochieng,linda.ochieng888@example.com,Male,58,Tanzania,Arusha,Home Appliances,Vacuum Cleaner,1,145,0,145,Credit Card,2026-04-29,2026-05-03,Cancelled,5
ORD-00241,Esther Mensah,esther.mensah915@example.com,Male,47,Rwanda,Kigali,Fashion,Denim Jacket,10,62,0.1,558.0,Credit Card,2025-11-20,2025-11-23,Cancelled,4
ORD-00242,Aisha Mensah,aisha.mensah783@example.com,Female,28,Ghana,Tamale,Electronics,Wireless Headphones,2,45,0.05,85.5,Mobile Money,2025-04-01,2025-04-04,Cancelled,5
ORD-00243,Jane Ochieng,jane.ochieng914@example.com,Male,38,United States,Los Angeles,Electronics,Wireless Headphones,2,45,0.25,67.5,Bank Transfer,2025-01-19,2025-01-20,Shipped,5
ORD-00244,Lucy Otieno,lucy.otieno67@example.com,Male,70,Tanzania,Arusha,Fashion,Sneakers,1,75,0.2,60.0,Bank Transfer,2025-11-02,2025-11-07,Returned,4
ORD-00245,Jane Williams,jane.williams193@example.com,Female,28,Tanzania,Arusha,Fashion,Cotton T-Shirt,25,18,0.15,382.5,Bank Transfer,2025-01-20,2025-01-24,Shipped,2
ORD-00246,Mary Kiptoo,mary.kiptoo898@example.com,Female,58,Kenya,Eldoret,Fashion,Sneakers,1,75,0.25,56.25,Credit Card,2026-07-02,2026-07-03,Delivered,5
ORD-00247,Sarah Mwangi,sarah.mwangi486@example.com,Male,62,Kenya,Nairobi,Electronics,USB-C Charger,1,22,0,22,Mobile Money,2025-07-30,2025-07-31,Delivered,3
ORD-00248,James Brown,james.brown633@example.com,Female,25,Uganda,Jinja,Fashion,Handbag,3,55,0,165,Debit Card,2025-04-27,2025-04-29,Returned,4
ORD-00249,Aisha Ochieng,aisha.ochieng562@example.com,Male,49,Uganda,Jinja,Fashion,Cotton T-Shirt,2,18,0.1,32.4,Credit Card,2026-05-08,2026-05-14,Delivered,2
ORD-00250,David Brown,david.brown741@example.com,Female,24,Nigeria,Kano,Beauty,Perfume,5,70,0.2,280.0,PayPal,2025-08-25,2025-09-02,Cancelled,3
ORD-00251,Esther Brown,esther.brown119@example.com,Male,24,Ghana,Accra,Home Appliances,Blender,3,58,0.1,156.6,Bank Transfer,2025-01-10,2025-01-13,Shipped,5
ORD-00252,Grace Kiptoo,grace.kiptoo410@example.com,Female,47,United States,Houston,Electronics,Bluetooth Speaker,3,65,0.05,185.25,Mobile Money,2026-01-30,2026-02-07,Shipped,4
ORD-00253,Victor Smith,victor.smith449@example.com,Female,29,Kenya,Mombasa,Electronics,USB-C Charger,4,22,0.15,74.8,Bank Transfer,2026-01-03,2026-01-04,Shipped,4
ORD-00254,Peter Ochieng,peter.ochieng722@example.com,Male,61,United States,New York,Beauty,Lipstick,1,16,0.1,14.4,Bank Transfer,2025-12-13,2025-12-15,Shipped,4
ORD-00255,James Patel,james.patel481@example.com,Male,49,Rwanda,Kigali,Electronics,Wireless Headphones,2,45,0.05,85.5,Debit Card,2025-03-18,2025-03-26,Processing,3
ORD-00256,Faith Kamau,faith.kamau471@example.com,Female,46,Kenya,Eldoret,Fashion,Hoodie,2,42,0.15,71.4,PayPal,2025-04-01,2025-04-09,Delivered,4
ORD-00257,John Patel,john.patel94@example.com,Female,68,Kenya,Nairobi,Beauty,Lipstick,1,16,0.2,12.8,Bank Transfer,2026-06-05,2026-06-09,Cancelled,5
,@@None!!,mary.example.com,,999,,,,,1,55,0.2,22.0,Mpesa,09/04/2026,11/04/2026,,5 stars
ORD-00259,Esther Ochieng,esther.ochieng949@example.com,Male,58,Rwanda,Kigali,Beauty,Perfume,2,70,0,140,Cash on Delivery,2026-04-07,2026-04-15,Returned,5
ORD-00260,Linda Khan,linda.khan521@example.com,Male,67,United States,New York,Electronics,Smart Watch,4,120,0.2,384.0,Debit Card,2026-08-16,2026-08-19,Delivered,5
ORD-00261,Faith Mwangi,faith.mwangi408@example.com,Female,39,India,Bangalore,Beauty,Lipstick,5,16,0.25,60.0,Mobile Money,2026-04-09,2026-04-12,Returned,2
ORD-00262,Kevin Wanjiku,kevin.wanjiku215@example.com,Female,57,United Kingdom,Manchester,Home Appliances,Coffee Maker,3,85,0.2,204.0,Bank Transfer,2025-12-20,2025-12-23,Shipped,5
ORD-00263,Victor Mensah,victor.mensah966@example.com,Female,60,Tanzania,Mwanza,Electronics,Gaming Mouse,1,38,0.15,32.3,Mobile Money,2026-07-01,2026-07-06,Delivered,4
ORD-00264,Daniel Williams,daniel.williams805@example.com,Female,28,Kenya,Nakuru,Fashion,Sneakers,2,75,0.05,142.5,Credit Card,2025-09-14,2025-09-17,Processing,4
ORD-00265,Sarah Patel,sarah.patel230@example.com,Female,65,United Kingdom,London,Home Appliances,Microwave Oven,1,180,0.25,135.0,Bank Transfer,2025-09-01,2025-09-06,Delivered,5
ORD-00266,Daniel Wanjiku,daniel.wanjiku636@example.com,Female,67,Rwanda,Butare,Home Appliances,Vacuum Cleaner,1,145,0.25,108.75,Cash on Delivery,2025-08-19,2025-08-25,Returned,4
ORD-00267,David Otieno,david.otieno986@example.com,Male,29,South Africa,Cape Town,Home Appliances,Microwave Oven,1,180,0.25,135.0,PayPal,2026-01-22,2026-01-23,Returned,4
ORD-00268,Mary Otieno,mary.otieno951@example.com,Male,38,Ghana,Tamale,Electronics,Bluetooth Speaker,2,65,0.05,123.5,Cash on Delivery,2025-11-05,2025-11-13,Returned,4
ORD-00269,Aisha Kiptoo,aisha.kiptoo557@example.com,Female,52,Tanzania,Mwanza,Fashion,Denim Jacket,2,62,0.2,99.2,Debit Card,2025-04-05,2025-04-11,Processing,2
ORD-00270,John Kamau,john.kamau685@example.com,Female,40,Uganda,Kampala,Beauty,Body Lotion,3,19,0.25,42.75,Bank Transfer,2025-09-04,2025-09-08,Processing,1
ORD-00271,James Patel,james.patel789@example.com,Female,41,Nigeria,Port Harcourt,Home Appliances,Vacuum Cleaner,2,145,0,290,Bank Transfer,2026-05-14,2026-05-15,Shipped,3
ORD-00272,David Wanjiku,david.wanjiku687@example.com,Male,58,Nigeria,Lagos,Fashion,Hoodie,2,42,0.25,63.0,Cash on Delivery,2026-03-11,2026-03-13,Cancelled,2
ORD-00273,David Kamau,david.kamau56@example.com,Female,29,Nigeria,Abuja,Electronics,USB-C Charger,2,22,0,44,Debit Card,2026-07-26,2026-07-28,Processing,5
ORD-00274,Grace Okafor,grace.okafor7@example.com,Male,59,United States,Los Angeles,Beauty,Hair Dryer,1,48,0.25,36.0,Credit Card,2026-08-23,2026-08-24,Processing,5
ORD-00275,Samuel Kiptoo,samuel.kiptoo842@example.com,Male,60,Nigeria,Ibadan,Home Appliances,Vacuum Cleaner,1,145,0.15,123.25,Debit Card,2026-05-01,2026-05-04,Shipped,5
ORD-00276,Jane Ochieng,jane.ochieng567@example.com,Male,53,United Kingdom,Manchester,Fashion,Cotton T-Shirt,2,18,0.25,27.0,Cash on Delivery,2025-05-07,2025-05-08,Returned,1
ORD-00277,Jane Wanjiku,jane.wanjiku423@example.com,Male,59,United Kingdom,London,Home Appliances,Electric Kettle,3,35,0.25,78.75,Cash on Delivery,2025-06-14,2025-06-17,Processing,2
ORD-00278,David Mwangi,david.mwangi101@example.com,Female,30,Ghana,Accra,Beauty,Makeup Kit,2,52,0.1,93.6,Bank Transfer,2025-12-05,2025-12-11,Shipped,2
ORD-00279,Mercy Smith,mercy.smith314@example.com,Male,62,India,Mumbai,Fashion,Cotton T-Shirt,2,18,0.1,32.4,PayPal,2026-08-03,2026-08-09,Cancelled,4
ORD-00280,Daniel Patel,daniel.patel369@example.com,Female,26,Tanzania,Dar es Salaam,Fashion,Running Shorts,3,28,0.15,71.4,PayPal,2026-05-07,2026-05-15,Processing,4
ORD-00281,Sarah Wanjiku,sarah.wanjiku270@example.com,Male,64,Nigeria,Abuja,Electronics,Gaming Mouse,1,38,0.05,36.1,Cash on Delivery,2025-03-19,2025-03-20,Delivered,4
ORD-00282,Sarah Njoroge,sarah.njoroge670@example.com,Male,67,India,Chennai,Fashion,Sneakers,2,75,0.2,120.0,Cash on Delivery,2026-01-10,2026-01-17,Processing,2
ORD-00283,Faith Patel,faith.patel988@example.com,Male,69,United Kingdom,Birmingham,Electronics,USB-C Charger,1,22,0,22,Debit Card,2026-06-11,2026-06-14,Shipped,4
ORD-00284,Faith Kamau,faith.kamau271@example.com,Male,41,India,Delhi,Beauty,Hair Dryer,1,48,0.15,40.8,PayPal,2025-02-13,2025-02-17,Cancelled,5
ORD-00285,James Smith,james.smith850@example.com,Female,35,United States,New York,Electronics,Laptop Pro 14,1,1150,0.25,862.5,Bank Transfer,2026-08-16,2026-08-19,Cancelled,4
ORD-00286,James Kiptoo,james.kiptoo362@example.com,Female,70,Nigeria,Kano,Home Appliances,Microwave Oven,5,180,0.05,855.0,Credit Card,2026-05-14,2026-05-22,Returned,5
ORD-00287,Kevin Otieno,kevin.otieno192@example.com,Female,28,United States,Chicago,Fashion,Sneakers,2,75,0.1,135.0,PayPal,2025-05-02,2025-05-06,Delivered,4
ORD-00288,John Wanjiku,john.wanjiku45@example.com,Male,26,United States,Los Angeles,Fashion,Hoodie,1,42,0.15,35.7,Debit Card,2025-05-18,2025-05-19,Delivered,5
ORD-00289,David Wanjiku,david.wanjiku460@example.com,Female,56,Ghana,Takoradi,Electronics,Laptop Pro 14,2,1150,0.1,2070.0,Mobile Money,2026-05-09,2026-05-12,Returned,2
ORD-00290,Michael Mensah,michael.mensah605@example.com,Male,22,India,Delhi,Home Appliances,Electric Kettle,2,35,0.1,63.0,Credit Card,2026-01-23,2026-01-30,Delivered,2
ORD-00291,Linda Khan,linda.khan630@example.com,Male,56,United Kingdom,Birmingham,Beauty,Perfume,2,70,0.05,133.0,Mobile Money,2026-06-29,2026-07-01,Shipped,1
ORD-00292,James Kiptoo,james.kiptoo235@example.com,Female,69,United Kingdom,London,Beauty,Body Lotion,1,19,0,19,Bank Transfer,2026-01-26,2026-02-01,Returned,5
ORD-00293,Lucy Mensah,lucy.mensah898@example.com,Female,52,Ghana,Tamale,Beauty,Perfume,4,70,0,280,Bank Transfer,2025-09-21,2025-09-25,Delivered,1
ORD-00294,Peter Kiptoo,peter.kiptoo371@example.com,Male,24,Nigeria,Kano,Electronics,USB-C Charger,2,22,0.25,33.0,Cash on Delivery,2026-03-13,2026-03-18,Cancelled,3
ORD-00295,Linda Otieno,linda.otieno380@example.com,Female,53,India,Bangalore,Beauty,Perfume,1,70,0.2,56.0,PayPal,2025-09-17,2025-09-22,Cancelled,5
ORD-00296,Kevin Okafor,kevin.okafor411@example.com,Female,68,Nigeria,Abuja,Beauty,Makeup Kit,5,52,0,260,Mobile Money,2026-07-18,2026-07-19,Delivered,2
ORD-00297,Jane Kamau,jane.kamau624@example.com,Female,20,Ghana,Takoradi,Beauty,Face Cream,1,24,0.05,22.8,Cash on Delivery,2026-02-15,2026-02-20,Delivered,5
ORD-00298,James Mwangi,james.mwangi200@example.com,Male,20,Ghana,Takoradi,Beauty,Face Cream,1,24,0.25,18.0,Debit Card,2025-06-23,2025-06-24,Delivered,3
ORD-00299,Victor Wanjiku,victor.wanjiku531@example.com,Male,18,Nigeria,Ibadan,Beauty,Hair Dryer,2,48,0.15,81.6,Cash on Delivery,2025-04-03,2025-04-08,Returned,5
ORD-00300,John Mwangi,john.mwangi180@example.com,Male,44,Uganda,Kampala,Fashion,Handbag,4,55,0.2,176.0,PayPal,2026-07-27,2026-07-29,Processing,5
ORD-00301,Victor Njoroge,victor.njoroge789@example.com,Female,33,United Kingdom,Manchester,Home Appliances,Coffee Maker,1,85,0.15,72.25,Credit Card,2026-04-15,2026-04-23,Cancelled,5
ORD-00302,Esther Akinyi,esther.akinyi529@example.com,Male,52,Nigeria,Port Harcourt,Fashion,Running Shorts,2,28,0.1,50.4,Credit Card,2025-09-27,2025-10-01,Cancelled,3
ORD-00303,Victor Mwangi,victor.mwangi188@example.com,Male,65,Tanzania,Dar es Salaam,Fashion,Handbag,1,55,0.05,52.25,Bank Transfer,2026-05-26,2026-05-30,Shipped,2
ORD-00304,Brian Williams,brian.williams110@example.com,Male,25,South Africa,Cape Town,Fashion,Denim Jacket,3,62,0.1,167.4,Cash on Delivery,2026-05-20,2026-05-21,Delivered,4
ORD-00305,Daniel Njoroge,daniel.njoroge188@example.com,Female,66,Tanzania,Mwanza,Home Appliances,Microwave Oven,4,180,0.2,576.0,Cash on Delivery,2026-02-12,2026-02-16,Shipped,4
ORD-00306,Aisha Njoroge,aisha.njoroge124@example.com,Female,62,Rwanda,Butare,Electronics,Smart Watch,1,120,0.25,90.0,Bank Transfer,2025-11-20,2025-11-21,Shipped,1
ORD-00307,Sarah Mwangi,sarah.mwangi243@example.com,Female,35,Nigeria,Ibadan,Home Appliances,Vacuum Cleaner,3,145,0.05,413.25,Mobile Money,2025-12-18,2025-12-24,Cancelled,2
ORD-00308,Brian Mensah,brian.mensah703@example.com,Male,32,Tanzania,Arusha,Beauty,Hair Dryer,2,48,0.2,76.8,Mobile Money,2025-10-04,2025-10-08,Cancelled,5
ORD-00309,James Okafor,james.okafor738@example.com,Female,38,Ghana,Takoradi,Electronics,Smartphone X12,1,699,0.05,664.05,Cash on Delivery,2025-11-04,2025-11-09,Delivered,5
ORD-00310,Grace Njoroge,grace.njoroge763@example.com,Female,39,Ghana,Accra,Fashion,Cotton T-Shirt,2,18,0.25,27.0,Cash on Delivery,2026-01-05,2026-01-11,Processing,5
ORD-00311,Victor Mensah,victor.mensah666@example.com,Male,59,Rwanda,Kigali,Home Appliances,Coffee Maker,5,85,0.05,403.75,Bank Transfer,2025-10-19,2025-10-25,Returned,3
ORD-00312,Brian Patel,brian.patel172@example.com,Female,58,United States,New York,Beauty,Body Lotion,1,19,0.25,14.25,Credit Card,2026-03-08,2026-03-15,Delivered,4
ORD-00313,Mercy Smith,mercy.smith405@example.com,Female,35,South Africa,Durban,Home Appliances,Coffee Maker,1,85,0.1,76.5,Debit Card,2026-01-07,2026-01-15,Shipped,4
ORD-00314,Kevin Otieno,kevin.otieno407@example.com,Male,24,Ghana,Kumasi,Home Appliances,Coffee Maker,2,85,0,170,Credit Card,2025-03-07,2025-03-15,Delivered,5
ORD-00315,Samuel Mwangi,samuel.mwangi235@example.com,Female,33,United Kingdom, LONDON ,Electronics,Bluetooth Speaker,2,KSh 65,0.00,260.0,Cash on Delivery,2026.03.30,2026.04.02,SHIPPED,2
ORD-00316,David Njoroge,david.njoroge316@example.com,Female,41,India,Chennai,Home Appliances,Blender,2,58,0.05,110.2,Credit Card,2025-09-24,2025-09-27,Delivered,3
ORD-00317,Linda Williams,linda.williams489@example.com,Male,37,Ghana,Tamale,Home Appliances,Microwave Oven,2,180,0.25,270.0,Debit Card,2026-03-17,2026-03-22,Delivered,5
ORD-00318,Samuel Patel,samuel.patel388@example.com,Female,32,South Africa,Pretoria,Beauty,Lipstick,1,16,0.25,12.0,Debit Card,2025-03-23,2025-03-30,Returned,5
ORD-00319,Esther Wanjiku,esther.wanjiku874@example.com,Male,22,India,Bangalore,Home Appliances,Coffee Maker,3,85,0.1,229.5,Bank Transfer,2025-05-20,2025-05-25,Cancelled,1
ORD-00320,Mary Okafor,mary.okafor23@example.com,Male,29,Uganda,Jinja,Beauty,Perfume,1,70,0.05,66.5,Bank Transfer,2025-10-16,2025-10-21,Cancelled,2
ORD-00321,Esther Mwangi,esther.mwangi805@example.com,Female,69,South Africa,Johannesburg,Fashion,Sneakers,2,75,0.1,135.0,Credit Card,2026-01-16,2026-01-24,Processing,5
ORD-00322,Aisha Wanjiku,aisha.wanjiku918@example.com,Female,34,Ghana,Accra,Home Appliances,Microwave Oven,1,180,0.15,153.0,Bank Transfer,2025-01-13,2025-01-15,Shipped,4
ORD-00323,James Smith,james.smith214@example.com,Female,48,United States,Chicago,Electronics,Smartphone X12,2,699,0,1398,Bank Transfer,2025-11-16,2025-11-22,Delivered,2
ORD-00324,Kevin Akinyi,mary.example.com,Male,150,United Kingdom, birmingham ,Electronics,,2 units,KSh 65,0.1,23.4,cash on delivery,26/04/2025,30/04/2025,Processing,5 stars
ORD-00325,Brian Njoroge,brian.njoroge239@example.com,Female,38,Kenya,Kisumu,Fashion,Running Shorts,2,28,0,56,Bank Transfer,2026-03-26,2026-03-30,Cancelled,1
ORD-00326,Lucy Okafor,lucy.okafor714@example.com,Male,49,Ghana,Tamale,Electronics,USB-C Charger,2,22,0.2,35.2,PayPal,2026-08-04,2026-08-07,Processing,5
ORD-00327,Lucy Patel,lucy.patel270@example.com,Female,52,Uganda,Jinja,Fashion,Sneakers,2,75,0.15,127.5,Bank Transfer,2026-04-10,2026-04-11,Returned,4
ORD-00328,David Smith,david.smith991@example.com,Female,52,Ghana,Accra,Home Appliances,Vacuum Cleaner,1,145,0.25,108.75,Cash on Delivery,2025-07-14,2025-07-22,Shipped,4
ORD-00329,David Ochieng,david.ochieng856@example.com,Male,26,Tanzania,Arusha,Home Appliances,Air Fryer,1,110,0.25,82.5,Mobile Money,2025-02-02,2025-02-06,Shipped,1
ORD-00330,Daniel Ochieng,daniel.ochieng376@example.com,Male,32,India,Chennai,Beauty,Body Lotion,2,19,0.2,30.4,Mobile Money,2025-01-14,2025-01-18,Delivered,5
ORD-00331,Mercy Mwangi,mercy.mwangi542@example.com,Male,20,Kenya,Kisumu,Beauty,Hair Dryer,3,48,0,144,Cash on Delivery,2025-11-08,2025-11-10,Delivered,2
ORD-00332,Victor Smith,victor.smith971@example.com,Female,29,South Africa,Pretoria,Fashion,Denim Jacket,2,62,0.05,117.8,Mobile Money,2025-04-19,2025-04-25,Cancelled,5
ORD-00333,Sarah Mensah,sarah.mensah454@example.com,Female,40,Ghana,Kumasi,Beauty,Body Lotion,1,19,0.05,18.05,PayPal,2026-07-18,2026-07-24,Cancelled,4
ORD-00334,Sarah Khan,sarah.khan763@example.com,Female,34,Rwanda,Butare,Fashion,Hoodie,2,42,0.15,71.4,Credit Card,2026-04-09,2026-04-17,Delivered,4
ORD-00335,Kevin Patel,kevin.patel323@example.com,Female,19,India,Mumbai,Fashion,Cotton T-Shirt,1,18,0.05,17.1,Credit Card,2026-07-21,2026-07-24,Cancelled,1
ORD-00336,Lucy Kamau,lucy.kamau585@example.com,Male,43,Ghana,Tamale,Home Appliances,Vacuum Cleaner,1,145,0.1,130.5,Mobile Money,2025-03-21,2025-03-27,Shipped,4
ORD-00337,Samuel Kamau,samuel.kamau799@example.com,Female,21,India,Mumbai,Home Appliances,Air Fryer,3,110,0.2,264.0,Credit Card,2025-12-23,2025-12-30,Shipped,4
ORD-00338,Peter Okafor,peter.okafor579@example.com,Female,27,India,Mumbai,Beauty,Face Cream,1,24,0,24,Credit Card,2026-05-30,2026-06-03,Cancelled,2
ORD-00339,Brian Otieno,brian.otieno345@example.com,Female,23,India,Mumbai,Fashion,Handbag,1,55,0.15,46.75,Mobile Money,2026-08-09,2026-08-10,Processing,5
ORD-00340,Linda Kiptoo,linda.kiptoo668@example.com,Male,54,United Kingdom,Manchester,Fashion,Denim Jacket,2,62,0.05,117.8,Credit Card,2026-07-29,2026-08-02,Processing,2
ORD-00341,Jane Akinyi,jane.akinyi196@example.com,Female,38,Tanzania,Mwanza,Electronics,Wireless Headphones,2,45,0.15,76.5,PayPal,2025-01-25,2025-01-30,Returned,2
ORD-00342,Kevin Smith,kevin.smith383@example.com,Male,27,United States,Chicago,Beauty,Face Cream,4,24,0.05,91.2,Cash on Delivery,2025-04-26,2025-04-27,Shipped,2
ORD-00343,Michael Njoroge,michael.njoroge24@example.com,Male,39,Uganda,Kampala,Home Appliances,Coffee Maker,3,85,0.1,229.5,Cash on Delivery,2026-07-05,2026-07-09,Returned,2
ORD-00344,Samuel Mensah,samuel.mensah928@example.com,Male,60,United Kingdom,Manchester,Fashion,Running Shorts,2,28,0,56,PayPal,2025-09-19,2025-09-22,Shipped,1
ORD-00345,David Kiptoo,david.kiptoo677@example.com,Female,35,India,Bangalore,Electronics,USB-C Charger,2,22,0,44,Bank Transfer,2025-04-21,2025-04-22,Cancelled,3
ORD-00346,David Otieno,david.otieno204@example.com,Female,50,Rwanda,Kigali,Home Appliances,Microwave Oven,3,180,0.2,432.0,Debit Card,2026-07-29,2026-07-30,Returned,1
ORD-00347,Jane Smith,jane.smith310@example.com,Female,33,United States,Los Angeles,Fashion,Sneakers,1,75,0.1,67.5,Credit Card,2025-03-05,2025-03-10,Returned,4
ORD-00348,Samuel Okafor,samuel.okafor984@example.com,Male,61,South Africa,Cape Town,Home Appliances,Microwave Oven,2,180,0,360,Debit Card,2026-03-04,2026-03-08,Cancelled,5
ORD-00349,Brian Mensah,brian.mensah555@example.com,Male,61,India,Bangalore,Beauty,Body Lotion,1,19,0.25,14.25,Bank Transfer,2025-05-22,2025-05-27,Returned,5
ORD-00350,Grace Otieno,grace.otieno326@example.com,Male,27,Rwanda,Kigali,Fashion,Cotton T-Shirt,1,18,0.2,14.4,PayPal,2025-11-23,2025-11-30,Cancelled,4
ORD-00351,Mercy Mensah,mercy.mensah274@example.com,Male,56,Uganda,Kampala,Fashion,Sneakers,1,75,0,75,Credit Card,2025-08-26,2025-08-30,Processing,5
ORD-00352,Samuel Njoroge,samuel.njoroge486@example.com,Male,26,United States,Chicago,Beauty,Makeup Kit,2,52,0.05,98.8,Mobile Money,2025-07-17,2025-07-21,Delivered,1
ORD-00353,Mercy Njoroge,mercy.njoroge705@example.com,Female,38,Rwanda,Kigali,Fashion,Denim Jacket,1,62,0.15,52.7,Credit Card,2025-09-10,2025-09-17,Returned,4
ORD-00354,Mercy Okafor,mercy.okafor538@example.com,Male,59,Rwanda,Butare,Beauty,Body Lotion,4,19,0.2,60.8,Mobile Money,2026-06-18,2026-06-20,Delivered,4
ORD-00355,Mary Wanjiku,mary.wanjiku299@example.com,Female,46,South Africa,Pretoria,Electronics,Smart Watch,1,120,0.25,90.0,Debit Card,2025-11-08,2025-11-13,Cancelled,4
ORD-00356,David Brown,david.brown513@example.com,Male,25,Kenya,Eldoret,Fashion,Handbag,3,55,0.15,140.25,Mobile Money,2026-08-23,2026-08-26,Processing,4
ORD-00357,Aisha Brown,aisha.brown751@example.com,Male,25,Ghana,Takoradi,Fashion,Handbag,1,55,0.1,49.5,PayPal,2025-04-27,2025-05-05,Delivered,5
ORD-00358,Peter Mensah,peter.mensah893@example.com,Male,60,Rwanda,Kigali,Beauty,Body Lotion,1,19,0.05,18.05,Bank Transfer,2025-06-16,2025-06-19,Delivered,2
ORD-00359,Brian Wanjiku,brian.wanjiku4@example.com,Female,57,Uganda,Jinja,Beauty,Hair Dryer,2,48,0,96,Mobile Money,2025-01-13,2025-01-21,Returned,4
ORD-00360,Michael Kiptoo,michael.kiptoo453@example.com,Male,23,India,Chennai,Fashion,Denim Jacket,2,62,0.15,105.4,Bank Transfer,2025-09-08,2025-09-13,Returned,5
ORD-00361,Mary Otieno,mary.otieno875@example.com,Female,20,South Africa,Johannesburg,Fashion,Denim Jacket,1,62,0.1,55.8,Credit Card,2025-12-06,2025-12-08,Cancelled,1
ORD-00362,Mary Kamau,mary.kamau787@example.com,Female,37,Ghana,Tamale,Fashion,Handbag,3,55,0.1,148.5,Credit Card,2026-01-13,2026-01-20,Cancelled,4
ORD-00363,Peter Okafor,peter.okafor424@example.com,Male,51,Nigeria,Ibadan,Beauty,Perfume,1,70,0.1,63.0,Cash on Delivery,2025-08-03,2025-08-04,Returned,1
ORD-00364,James Mensah,james.mensah639@example.com,Male,40,United States,Houston,Beauty,Body Lotion,3,19,0.1,51.3,Bank Transfer,2026-07-31,2026-08-08,Cancelled,5
ORD-00365,Michael Smith,michael.smith816@example.com,Male,25,Ghana,Kumasi,Home Appliances,Electric Kettle,1,35,0,35,PayPal,2026-03-01,2026-03-08,Processing,1
ORD-00366,Lucy Mwangi,lucy.mwangi519@example.com,Female,53,South Africa,Johannesburg,Fashion,Running Shorts,1,28,0,28,PayPal,2025-01-07,2025-01-09,Processing,5
ORD-00367,Linda Khan,linda.khan486@example.com,Male,69,India,Mumbai,Fashion,Denim Jacket,1,62,0.1,55.8,Bank Transfer,2025-05-20,2025-05-28,Cancelled,2
ORD-00368,James Mwangi,james.mwangi579@example.com,Female,64,United Kingdom,Manchester,Beauty,Lipstick,4,16,0,64,Cash on Delivery,2026-07-23,2026-07-24,Processing,2
ORD-00369,Samuel Smith,samuel.smith548@example.com,Female,28,Tanzania,Dar es Salaam,Fashion,Cotton T-Shirt,3,18,0.1,48.6,PayPal,2025-07-11,2025-07-13,Processing,4
ORD-00370,Michael Patel,michael.patel974@example.com,Male,37,Uganda,Entebbe,Electronics,USB-C Charger,4,22,0.1,79.2,Credit Card,2026-06-22,2026-06-27,Processing,2
ORD-00371,James Otieno,james.otieno195@example.com,Female,39,South Africa,Johannesburg,Beauty,Body Lotion,1,19,0.15,16.15,PayPal,2026-06-21,2026-06-26,Shipped,4
ORD-00372,Samuel Brown,samuel.brown886@example.com,Male,51,Nigeria,Kano,Fashion,Denim Jacket,2,62,0.15,105.4,Bank Transfer,2025-01-05,2025-01-10,Returned,1
ORD-00373,Lucy Ochieng,lucy.ochieng592@example.com,Female,66,Tanzania,Arusha,Electronics,Wireless Headphones,2,45,0.25,67.5,Debit Card,2025-08-03,2025-08-09,Processing,2
ORD-00374,Grace Ochieng,grace.ochieng982@example.com,Male,57,Tanzania,Arusha,Electronics,Bluetooth Speaker,1,65,0.1,58.5,PayPal,2025-07-31,2025-08-06,Processing,5
ORD-00375,Peter Okafor,peter.okafor455@example.com,Male,21,Uganda,Jinja,Fashion,Denim Jacket,1,62,0.2,49.6,Credit Card,2025-01-30,2025-02-07,Delivered,5
ORD-00376,Michael Mensah,michael.mensah365@example.com,Female,37,Nigeria,Port Harcourt,Beauty,Perfume,2,70,0.2,112.0,Mobile Money,2025-07-22,2025-07-24,Returned,4
ORD-00377,Michael Njoroge,michael.njoroge238@example.com,Male,32,United States,New York,Beauty,Hair Dryer,2,48,0.25,72.0,Debit Card,2025-09-22,2025-09-28,Processing,4
ORD-00378,Jane Njoroge,jane.njoroge473@example.com,Female,28,Tanzania,Arusha,Beauty,Face Cream,1,24,0,24,Credit Card,2025-12-23,2025-12-26,Cancelled,5
ORD-00379,Samuel Mensah,samuel.mensah424@example.com,Male,33,Nigeria,Ibadan,Electronics,Gaming Mouse,1,38,0.15,32.3,Mobile Money,2026-07-16,2026-07-19,Delivered,4
ORD-00380,Faith Otieno,faith.otieno679@example.com,Male,60,India,Chennai,Beauty,Body Lotion,3,19,0.2,45.6,Cash on Delivery,2026-08-11,2026-08-19,Returned,1
ORD-00381,David Mensah,david.mensah112@example.com,Female,61,United Kingdom,London,Beauty,Perfume,1,70,0.15,59.5,Bank Transfer,2025-12-02,2025-12-10,Delivered,5
ORD-00382,Lucy Kiptoo,lucy.kiptoo631@example.com,Female,54,Ghana,Accra,Fashion,Running Shorts,1,28,0.2,22.4,PayPal,2025-07-20,2025-07-24,Processing,5
ORD-00383,James Kiptoo,james.kiptoo868@example.com,Female,26,Uganda,Entebbe,Home Appliances,Air Fryer,2,110,0.2,176.0,Credit Card,2025-03-05,2025-03-11,Delivered,5
ORD-00384,Victor Kiptoo,victor.kiptoo641@example.com,Female,38,Tanzania,Dar es Salaam,Home Appliances,Air Fryer,1,110,0.25,82.5,Cash on Delivery,2026-02-20,2026-02-27,Shipped,4
ORD-00385,Esther Otieno,esther.otieno296@example.com,Male,60,United States,Chicago,Fashion,Hoodie,1,42,0.1,37.8,Bank Transfer,2025-05-18,2025-05-19,Delivered,1
ORD-00386,Michael Khan,michael.khan808@example.com,Female,62,United States,Los Angeles,Fashion,Sneakers,1,75,0.15,63.75,Mobile Money,2025-07-04,2025-07-12,Returned,5
ORD-00387,Victor Njoroge,victor.njoroge868@example.com,Male,64,Rwanda,Butare,Fashion,Denim Jacket,1,62,0,62,Cash on Delivery,2026-05-29,2026-06-03,Returned,4
ORD-00388,Linda Brown,linda.brown82@example.com,Female,27,Kenya,Eldoret,Beauty,Makeup Kit,1,52,0.2,41.6,Cash on Delivery,2026-04-22,2026-04-24,Delivered,5
ORD-00389,Sarah Williams,sarah.williams12@example.com,Female,48,Nigeria,Kano,Home Appliances,Vacuum Cleaner,1,145,0.1,130.5,Bank Transfer,2026-06-09,2026-06-17,Processing,5
ORD-00390,Lucy Brown,lucy.brown804@example.com,Female,54,Uganda,Entebbe,Fashion,Sneakers,2,75,0.2,120.0,Debit Card,2025-03-04,2025-03-12,Returned,5
ORD-00391,James Kamau,james.kamau872@example.com,Female,68,Uganda,Jinja,Electronics,Bluetooth Speaker,2,65,0.05,123.5,PayPal,2025-09-16,2025-09-19,Processing,5
ORD-00392,Michael Akinyi,michael.akinyi828@example.com,Female,29,Kenya,Nairobi,Fashion,Hoodie,3,42,0.25,94.5,Cash on Delivery,2025-08-30,2025-09-07,Delivered,2
ORD-00393,Samuel Wanjiku,samuel.wanjiku677@example.com,Male,46,Nigeria,Abuja,Fashion,Handbag,3,55,0.15,140.25,Bank Transfer,2025-08-04,2025-08-10,Processing,1
ORD-00394,Linda Brown,linda.brown972@example.com,Male,66,Nigeria,Lagos,Fashion,Handbag,1,55,0.1,49.5,PayPal,2026-01-24,2026-01-31,Shipped,4
ORD-00395,James Smith,james.smith979@example.com,Male,20,Rwanda,Kigali,Home Appliances,Microwave Oven,1,180,0.1,162.0,Mobile Money,2026-06-29,2026-07-05,Returned,4
ORD-00396,Victor Kiptoo,victor.kiptoo473@example.com,Male,67,Uganda,Entebbe,Home Appliances,Blender,3,58,0.1,156.6,Bank Transfer,2025-07-19,2025-07-25,Shipped,5
ORD-00397,Grace Smith,grace.smith457@example.com,Male,40,Kenya,Nairobi,Electronics,Wireless Headphones,1,45,0.2,36.0,Credit Card,2025-10-18,2025-10-23,Delivered,2
ORD-00398,Grace Kamau,grace.kamau877@example.com,Male,56,Kenya,Eldoret,Fashion,Hoodie,2,42,0.25,63.0,Bank Transfer,2026-01-20,2026-01-23,Shipped,1
ORD-00399,Peter Mwangi,peter.mwangi166@example.com,Male,67,United States,New York,Beauty,Hair Dryer,3,48,0.25,108.0,Mobile Money,2025-10-11,2025-10-12,Processing,4
ORD-00400,Mercy Kiptoo,mercy.kiptoo183@example.com,Female,59,Uganda,Entebbe,Fashion,Handbag,1,55,0.05,52.25,Mobile Money,2025-04-22,2025-04-25,Shipped,5
ORD-00401,Victor Brown,victor.brown257@example.com,Female,67,Nigeria,Port Harcourt,Home Appliances,Air Fryer,1,110,0,110,Bank Transfer,2025-01-20,2025-01-28,Delivered,2
ORD-00402,Victor Ochieng,victor.ochieng528@example.com,Female,63,Rwanda,Butare,Fashion,Running Shorts,1,28,0.15,23.8,Bank Transfer,2026-05-05,2026-05-12,Delivered,4
ORD-00403,Peter Smith,peter.smith311@example.com,Male,43,Kenya,Nakuru,Beauty,Face Cream,2,24,0.1,43.2,PayPal,2025-04-03,2025-04-09,Delivered,5
ORD-00404,Kevin Mwangi,kevin.mwangi713@example.com,Male,42,Uganda,Jinja,Fashion,Denim Jacket,2,62,0.15,105.4,Bank Transfer,2026-01-03,2026-01-11,Cancelled,1
ORD-00405,Faith Njoroge,faith.njoroge399@example.com,Female,22,Ghana,Accra,Fashion,Sneakers,2,75,0.2,120.0,Credit Card,2026-05-27,2026-06-04,Processing,1
ORD-00406,James Njoroge,james.njoroge963@example.com,Male,61,Kenya,Nakuru,Electronics,Smartphone X12,3,699,0.25,1572.75,Credit Card,2026-08-17,2026-08-21,Shipped,1
ORD-00407,John Otieno,john.otieno648@example.com,Female,21,Kenya,Nakuru,Electronics,Smartphone X12,2,699,0.05,1328.1,Debit Card,2025-04-10,2025-04-18,Returned,5
ORD-00408,David Williams,david.williams208@example.com,Female,45,Nigeria,Lagos,Beauty,Body Lotion,3,19,0.05,54.15,Bank Transfer,2026-02-16,2026-02-22,Returned,1
ORD-00409,Grace Mwangi,grace.mwangi145@example.com,Female,66,Tanzania,Dar es Salaam,Electronics,Smart Watch,1,120,0,120,Debit Card,2025-06-22,2025-06-28,Cancelled,5
ORD-00410,Mercy Kiptoo,mercy.kiptoo797@example.com,Male,28,India,Mumbai,Fashion,Sneakers,3,75,0.25,168.75,Credit Card,2026-05-14,2026-05-16,Shipped,1
ORD-00411,Brian Wanjiku,brian.wanjiku147@example.com,Female,58,India,Bangalore,Beauty,Makeup Kit,3,52,0.15,132.6,Debit Card,2026-06-20,2026-06-28,Shipped,4
ORD-00412,Lucy Akinyi,lucy.akinyi429@example.com,Male,18,Kenya,Eldoret,Fashion,Running Shorts,2,28,0,56,Credit Card,2025-07-16,2025-07-18,Returned,5
ORD-00413,Kevin Mwangi,kevin.mwangi55@example.com,Male,30,United Kingdom,Birmingham,Fashion,Handbag,3,55,0.25,123.75,Debit Card,2025-06-02,2025-06-10,Shipped,4
ORD-00414,Peter Mensah,peter.mensah825@example.com,Female,66,Kenya,Nairobi,Home Appliances,Blender,1,58,0.1,52.2,Credit Card,2025-02-14,2025-02-16,Returned,5
ORD-00415,Michael Mensah,michael.mensah594@example.com,Female,38,Kenya,Nakuru,Electronics,Wireless Headphones,4,45,0.25,135.0,Credit Card,2025-07-23,2025-07-29,Processing,2
ORD-00416,Linda Mensah,linda.mensah497@example.com,Female,21,South Africa,Pretoria,Fashion,Handbag,4,55,0,220,Mobile Money,2025-05-29,2025-06-02,Shipped,5
ORD-00417,Kevin Akinyi,kevin.akinyi131@example.com,Male,20,Ghana,Takoradi,Fashion,Running Shorts,1,28,0.1,25.2,Mobile Money,2025-10-15,2025-10-18,Cancelled,1
ORD-00418,Mercy Khan,mercy.khan175@example.com,Male,54,Tanzania,Dar es Salaam,Home Appliances,Vacuum Cleaner,1,145,0.25,108.75,Cash on Delivery,2025-03-30,2025-04-06,Cancelled,4
ORD-00419,Faith Wanjiku,faith.wanjiku336@example.com,Male,45,South Africa,Pretoria,Beauty,Hair Dryer,1,48,0.15,40.8,Credit Card,2025-06-02,2025-06-03,Delivered,4
ORD-00420,Grace Njoroge,grace.njoroge508@example.com,Male,33,United Kingdom,London,Beauty,Body Lotion,1,19,0.25,14.25,Bank Transfer,2026-07-26,2026-07-27,Cancelled,5
ORD-00421,John Njoroge,john.njoroge686@example.com,Male,37,Ghana,Tamale,Home Appliances,Electric Kettle,2,35,0,70,Mobile Money,2026-04-16,2026-04-17,Shipped,4
ORD-00422,John Patel,john.patel643@example.com,Female,22,Rwanda,Kigali,Home Appliances,Coffee Maker,2,85,0.25,127.5,Mobile Money,2025-12-07,2025-12-08,Processing,3
ORD-00423,Mary Okafor,mary.okafor969@example.com,Female,61,India,Delhi,Electronics,Smart Watch,4,120,0.25,360.0,PayPal,2025-02-22,2025-02-24,Cancelled,4
ORD-00424,Sarah Brown,sarah.brown793@example.com,Male,31,Tanzania,Arusha,Fashion,Running Shorts,2,28,0,56,Credit Card,2025-12-09,2025-12-13,Cancelled,5
ORD-00425,James Smith,james.smith434@example.com,Male,35,India,Delhi,Fashion,Cotton T-Shirt,1,18,0.1,16.2,Mobile Money,2025-03-06,2025-03-12,Cancelled,3
ORD-00426,David Wanjiku,david.wanjiku914@example.com,Male,47,Nigeria,Port Harcourt,Home Appliances,Microwave Oven,2,180,0.25,270.0,PayPal,2025-03-24,2025-03-31,Delivered,2
ORD-00427,James Smith,james.smith24@example.com,Female,36,Uganda,Kampala,Fashion,Handbag,1,55,0.05,52.25,PayPal,2026-07-09,2026-07-12,Cancelled,4
ORD-00428,James Smith,james.smith344@example.com,Female,44,Kenya,Kisumu,Fashion,Sneakers,1,75,0.05,71.25,Bank Transfer,2025-12-01,2025-12-09,Returned,5
ORD-00429,Aisha Williams,aisha.williams267@example.com,Female,32,United States,Los Angeles,Home Appliances,Vacuum Cleaner,1,145,0.1,130.5,Credit Card,2026-01-16,2026-01-21,Shipped,4
ORD-00430,Aisha Patel,aisha.patel726@example.com,Male,62,United States,Chicago,Fashion,Running Shorts,2,28,0.05,53.2,Credit Card,2025-06-15,2025-06-19,Processing,1
ORD-00431,Mary Smith,mary.smith325@example.com,Male,40,United States,Houston,Home Appliances,Electric Kettle,1,35,0.25,26.25,Debit Card,2026-01-17,2026-01-25,Returned,5
ORD-00432,Brian Ochieng,brian.ochieng994@example.com,Female,65,Kenya,Nakuru,Beauty,Perfume,5,70,0.1,315.0,Cash on Delivery,2025-10-30,2025-11-07,Shipped,3
ORD-00433,Brian Smith,brian.smith565@example.com,Female,25,United States,Houston,Electronics,Laptop Pro 14,2,1150,0,2300,Debit Card,2025-01-26,2025-02-02,Cancelled,5
ORD-00434,Kevin Ochieng,kevin.ochieng86@example.com,Female,52,Tanzania,Dar es Salaam,Fashion,Hoodie,2,42,0.1,75.6,Mobile Money,2025-03-31,2025-04-07,Processing,2
ORD-00435,Jane Kiptoo,jane.kiptoo382@example.com,Female,18,United Kingdom,London,Home Appliances,Microwave Oven,1,180,0.15,153.0,Mobile Money,2025-12-20,2025-12-26,Returned,3
ORD-00436,Esther Brown,esther.brown918@example.com,Male,44,United States,Los Angeles,Beauty,Hair Dryer,1,48,0.25,36.0,PayPal,2025-03-30,2025-04-02,Cancelled,2
ORD-00437,John Kiptoo,john.kiptoo655@example.com,Female,35,United Kingdom,Manchester,Electronics,Smart Watch,3,120,0,360,Cash on Delivery,2025-06-29,2025-07-07,Shipped,5
ORD-00438,Victor Mwangi,victor.mwangi506@example.com,Female,53,Rwanda,Butare,Beauty,Face Cream,3,24,0.1,64.8,Credit Card,2025-08-18,2025-08-19,Shipped,4
ORD-00439,Faith Ochieng,faith.ochieng123@example.com,Female,66,United States,New York,Home Appliances,Microwave Oven,1,180,0.25,135.0,Bank Transfer,2026-05-20,2026-05-22,Processing,5
ORD-00440,Grace Akinyi,grace.akinyi525@example.com,Male,64,India,Chennai,Home Appliances,Coffee Maker,2,85,0.25,127.5,Credit Card,2025-09-23,2025-09-26,Shipped,5
ORD-00441,Jane Ochieng,jane.ochieng297@example.com,Male,36,Ghana,Tamale,Fashion,Sneakers,1,75,0.15,63.75,Bank Transfer,2026-06-11,2026-06-15,Shipped,4
ORD-00442,Lucy Mwangi,lucy.mwangi702@example.com,Female,62,India,Delhi,Home Appliances,Blender,3,58,0.25,130.5,Debit Card,2025-04-09,2025-04-15,Delivered,4
ORD-00443,Grace Wanjiku,grace.wanjiku159@example.com,Male,50,Uganda,Entebbe,Beauty,Lipstick,1,16,0.05,15.2,Mobile Money,2025-07-12,2025-07-14,Delivered,4
ORD-00444,Brian Patel,brian.patel453@example.com,Female,56,Ghana,Accra,Beauty,Hair Dryer,1,48,0.1,43.2,Bank Transfer,2025-06-26,2025-07-01,Delivered,1
ORD-00445,Esther Brown,esther.brown782@example.com,Male,68,Ghana,Kumasi,Home Appliances,Electric Kettle,1,35,0,35,Mobile Money,2025-03-21,2025-03-22,Cancelled,4
ORD-00446,Mary Kamau,mary.kamau309@example.com,Male,60,Nigeria,Lagos,Electronics,USB-C Charger,1,22,0.1,19.8,Debit Card,2025-04-09,2025-04-11,Returned,5
ORD-00447,Daniel Mensah,daniel.mensah357@example.com,Male,40,Ghana,Tamale,Electronics,Wireless Headphones,1,45,0.25,33.75,Cash on Delivery,2026-05-28,2026-06-01,Delivered,5
ORD-00448,Aisha Khan,aisha.khan773@example.com,Male,52,India,Mumbai,Fashion,Running Shorts,1,28,0.1,25.2,Bank Transfer,2025-04-12,2025-04-16,Cancelled,5
ORD-00449,Jane Kiptoo,jane.kiptoo435@example.com,Male,31,India,Delhi,Beauty,Makeup Kit,5,52,0.05,247.0,PayPal,2026-02-22,2026-02-24,Delivered,4
ORD-00450,Mary Kamau,mary.kamau336@example.com,Male,49,United Kingdom,London,Beauty,Hair Dryer,2,48,0.2,76.8,Cash on Delivery,2026-01-30,2026-02-04,Processing,4
ORD-00451,Kevin Patel,kevin.patel72@example.com,Female,69,United States,Chicago,Beauty,Hair Dryer,10,48,0.15,408.0,Bank Transfer,2026-01-12,2026-01-15,Cancelled,1
ORD-00452,Victor Kamau,victor.kamau760@example.com,Male,28,Rwanda,Butare,Electronics,Wireless Headphones,1,45,0.15,38.25,Debit Card,2026-01-08,2026-01-12,Returned,3
ORD-00453,Victor Mensah,victor.mensah280@example.com,Female,66,Rwanda,Kigali,Fashion,Handbag,2,55,0.1,99.0,Cash on Delivery,2025-12-31,2026-01-08,Cancelled,5
ORD-00454,Linda Njoroge,linda.njoroge237@example.com,Male,58,United Kingdom,Manchester,Fashion,Handbag,1,55,0.1,49.5,Credit Card,2025-01-31,2025-02-02,Delivered,5
ORD-00455,Lucy Mensah,lucy.mensah639@example.com,Male,24,Kenya,Mombasa,Beauty,Body Lotion,2,19,0.05,36.1,Mobile Money,2026-06-17,2026-06-25,Shipped,4
ORD-00456,Sarah Ochieng,sarah.ochieng976@example.com,Male,66,United States,Los Angeles,Home Appliances,Vacuum Cleaner,1,145,0.2,116.0,Mobile Money,2026-03-17,2026-03-19,Processing,4
ORD-00457,Lucy Khan,lucy.khan724@example.com,Female,28,United States,Los Angeles,Electronics,Wireless Headphones,1,45,0.25,33.75,Bank Transfer,2026-03-18,2026-03-21,Cancelled,3
ORD-00458,Victor Njoroge,victor.njoroge488@example.com,Male,53,Nigeria,Kano,Beauty,Makeup Kit,2,52,0.2,83.2,PayPal,2026-06-03,2026-06-04,Cancelled,4
ORD-00459,Mary Otieno,mary.otieno858@example.com,Female,41,Rwanda,Butare,Home Appliances,Blender,1,58,0.2,46.4,Bank Transfer,2026-08-21,2026-08-22,Processing,4
ORD-00460,Faith Wanjiku,faith.wanjiku241@example.com,Female,59,Rwanda,Butare,Home Appliances,Microwave Oven,1,180,0.25,135.0,PayPal,2025-03-28,2025-03-30,Delivered,4
ORD-00461,Victor Okafor,victor.okafor924@example.com,Female,44,Kenya,Eldoret,Home Appliances,Air Fryer,2,110,0.15,187.0,Credit Card,2025-01-21,2025-01-29,Processing,5
ORD-00462,Kevin Akinyi,kevin.akinyi509@example.com,Female,50,Rwanda,Butare,Electronics,Gaming Mouse,2,38,0.25,57.0,Mobile Money,2025-06-20,2025-06-25,Shipped,3
ORD-00463,Victor Kiptoo,victor.kiptoo824@example.com,Male,32,Nigeria,Kano,Fashion,Cotton T-Shirt,1,18,0.1,16.2,PayPal,2026-08-16,2026-08-18,Processing,5
ORD-00464,Lucy Okafor,lucy.okafor824@example.com,Female,37,United Kingdom,Manchester,Beauty,Perfume,1,70,0,70,Mobile Money,2026-07-07,2026-07-13,Cancelled,2
ORD-00465,Aisha Mensah,aisha.mensah512@example.com,Female,31,United Kingdom,Manchester,Fashion,Sneakers,2,75,0.2,120.0,Bank Transfer,2025-10-02,2025-10-09,Delivered,5
ORD-00466,Lucy Patel,lucy.patel446@example.com,Female,44,Tanzania,Arusha,Fashion,Denim Jacket,1,62,0.25,46.5,Mobile Money,2025-03-07,2025-03-11,Processing,4
ORD-00467,Kevin Ochieng,kevin.ochieng252@example.com,Female,69,Ghana,Tamale,Fashion,Handbag,1,55,0.05,52.25,Mobile Money,2026-04-21,2026-04-29,Cancelled,5
ORD-00468,Daniel Smith,daniel.smith564@example.com,Male,29,Kenya,Mombasa,Fashion,Cotton T-Shirt,1,18,0.1,16.2,Credit Card,2026-05-13,2026-05-14,Processing,1
ORD-00469,Samuel Patel,samuel.patel742@example.com,Male,26,Nigeria,Port Harcourt,Home Appliances,Coffee Maker,2,85,0,170,Bank Transfer,2025-04-25,2025-04-27,Returned,5
ORD-00470,Peter Akinyi,peter.akinyi853@example.com,Female,55,United Kingdom,Manchester,Beauty,Face Cream,1,24,0,24,Debit Card,2025-08-30,2025-09-06,Delivered,2
ORD-00471,Linda Okafor,linda.okafor384@example.com,Male,62,Uganda,Entebbe,Beauty,Hair Dryer,3,48,0,144,Bank Transfer,2025-11-21,2025-11-28,Shipped,4
ORD-00472,John Smith,john.smith991@example.com,Male,56,Ghana,Tamale,Beauty,Makeup Kit,1,52,0.1,46.8,Cash on Delivery,2025-02-25,2025-03-01,Cancelled,3
ORD-00473,Samuel Ochieng,samuel.ochieng932@example.com,Female,43,Tanzania,Mwanza,Electronics,Smart Watch,3,120,0.15,306.0,Debit Card,2025-11-05,2025-11-07,Processing,4
ORD-00474,Daniel Patel,daniel.patel83@example.com,Female,70,Ghana,Takoradi,Home Appliances,Coffee Maker,1,85,0,85,PayPal,2026-04-28,2026-05-05,Cancelled,4
ORD-00475,Mercy Brown,mercy.brown833@example.com,Female,53,Nigeria,Abuja,Home Appliances,Vacuum Cleaner,1,145,0.15,123.25,Credit Card,2026-04-10,2026-04-11,Shipped,4
ORD-00476,Victor Kamau,victor.kamau114@example.com,Male,28,Ghana,Accra,Beauty,Perfume,2,70,0.1,126.0,Cash on Delivery,2026-06-13,2026-06-16,Cancelled,4
ORD-00477,Victor Patel,victor.patel336@example.com,Female,69,Tanzania,Arusha,Beauty,Makeup Kit,1,52,0.05,49.4,PayPal,2025-07-23,2025-07-25,Shipped,4
ORD-00478,Mercy Smith,mercy.smith235@example.com,Female,23,Rwanda,Kigali,Electronics,Wireless Headphones,4,45,0.25,135.0,Debit Card,2025-07-23,2025-07-28,Delivered,5
ORD-00479,Victor Kamau,victor.kamau15@example.com,Female,63,Rwanda,Butare,Fashion,Sneakers,5,75,0.05,356.25,Debit Card,2026-04-10,2026-04-18,Shipped,1
ORD-00480,Mercy Wanjiku,mercy.wanjiku844@example.com,Male,36,Uganda,Entebbe,Beauty,Lipstick,1,16,0.05,15.2,Debit Card,2026-03-05,2026-03-08,Delivered,4
ORD-00481,Michael Kamau,michael.kamau11@example.com,Male,48,Uganda,Kampala,Beauty,Perfume,1,70,0.25,52.5,Debit Card,2025-11-28,2025-12-05,Cancelled,5
ORD-00482,Peter Khan,peter.khan241@example.com,Female,48,India,Bangalore,Electronics,Wireless Headphones,2,45,0,90,Cash on Delivery,2025-02-16,2025-02-17,Returned,3
ORD-00483,Daniel Otieno,daniel.otieno516@example.com,Female,49,Rwanda,Butare,Fashion,Hoodie,1,42,0.05,39.9,PayPal,2026-04-25,2026-04-28,Returned,1
ORD-00484,Daniel Brown,daniel.brown370@example.com,Female,45,Uganda,Kampala,Home Appliances,Air Fryer,5,110,0.15,467.5,PayPal,2025-09-27,2025-10-02,Cancelled,5
ORD-00485,Michael Ochieng,michael.ochieng194@example.com,Male,27,Tanzania,Mwanza,Beauty,Perfume,2,70,0.25,105.0,Mobile Money,2025-08-24,2025-08-27,Processing,1
ORD-00486,Sarah Njoroge,sarah.njoroge469@example.com,Male,49,United States,Los Angeles,Electronics,USB-C Charger,1,22,0.1,19.8,Credit Card,2025-06-01,2025-06-03,Shipped,3
ORD-00487,Kevin Mensah,kevin.mensah995@example.com,Male,18,Ghana,Kumasi,Home Appliances,Vacuum Cleaner,4,145,0.2,464.0,Mobile Money,2026-03-03,2026-03-05,Delivered,2
ORD-00488,Peter Otieno,peter.otieno30@example.com,Female,23,Kenya,Kisumu,Electronics,USB-C Charger,1,22,0,22,PayPal,2026-05-07,2026-05-15,Returned,5
ORD-00489,Victor Otieno,victor.otieno217@example.com,Female,21,Tanzania,Dar es Salaam,Beauty,Hair Dryer,5,48,0.25,180.0,Credit Card,2025-11-27,2025-11-28,Returned,5
ORD-00490,David Ochieng,david.ochieng873@example.com,Male,31,Rwanda,Kigali,Beauty,Hair Dryer,1,48,0.15,40.8,Bank Transfer,2026-02-02,2026-02-09,Shipped,3
ORD-00491,Grace Patel,grace.patel377@example.com,Male,50,United States,Los Angeles,Home Appliances,Coffee Maker,2,85,0.1,153.0,Mobile Money,2026-05-17,2026-05-25,Processing,4
ORD-00492,Esther Kamau,esther.kamau42@example.com,Female,50,Rwanda,Kigali,Beauty,Hair Dryer,2,48,0.15,81.6,Bank Transfer,2026-04-20,2026-04-24,Shipped,5
ORD-00493,Linda Mwangi,linda.mwangi153@example.com,Female,26,United Kingdom,Birmingham,Electronics,Bluetooth Speaker,2,65,0,130,Cash on Delivery,2025-09-12,2025-09-19,Delivered,3
ORD-00494,Michaael Smith,invalid@,FEMALE,150,Kenya, eldoret ,electronics,Smart Watch,1 units,KSh 120,0%,156.0,creditcard,30/12/2025,04/01/2026,Returned,6
ORD-00495,Linda Njoroge,linda.njoroge709@example.com,Female,43,United Kingdom,London,Electronics,USB-C Charger,1,22,0.05,20.9,Bank Transfer,2025-11-07,2025-11-13,Cancelled,5
ORD-00496,Kevin Patel,kevin.patel28@example.com,Female,31,Nigeria,Abuja,Fashion,Sneakers,1,75,0,75,Bank Transfer,2025-05-29,2025-06-02,Returned,4
ORD-00497,Aisha Khan,aisha.khan157@example.com,Female,65,Uganda,Entebbe,Fashion,Handbag,1,55,0,55,Mobile Money,2026-05-12,2026-05-20,Returned,1
ORD-00498,Esther Kiptoo,esther.kiptoo869@example.com,Female,49,Uganda,Jinja,Beauty,Face Cream,1,24,0,24,Mobile Money,2025-02-07,2025-02-15,Returned,4
ORD-00499,Esther Mensah,esther.mensah324@example.com,Male,53,India,Chennai,Fashion,Running Shorts,1,28,0,28,Credit Card,2025-10-02,2025-10-09,Cancelled,4
ORD-00500,Kevin Njoroge,kevin.njoroge353@example.com,Male,46,Tanzania,Arusha,Beauty,Face Cream,1,24,0.25,18.0,Bank Transfer,2026-06-04,2026-06-08,Processing,5
ORD-00501,Jane Williams,jane.williams484@example.com,Male,69,United States,Chicago,Home Appliances,Coffee Maker,2,85,0.15,144.5,Bank Transfer,2025-08-01,2025-08-06,Delivered,5
ORD-00502,Esther Njoroge,esther.njoroge311@example.com,Male,33,Ghana,Kumasi,Fashion,Denim Jacket,2,62,0,124,PayPal,2026-07-25,2026-07-26,Processing,1
ORD-00503,Grace Mensah,grace.mensah233@example.com,Male,25,Ghana,Kumasi,Electronics,Gaming Mouse,1,38,0.15,32.3,PayPal,2026-05-14,2026-05-19,Delivered,3
ORD-00504,Grace Brown,grace.brown52@example.com,Female,46,United Kingdom,Manchester,Fashion,Running Shorts,4,28,0.2,89.6,Cash on Delivery,2025-04-24,2025-04-26,Returned,4
ORD-00505,Grace Patel,grace.patel211@example.com,Male,41,Nigeria,Kano,Electronics,Smart Watch,1,120,0.25,90.0,Cash on Delivery,2025-10-27,2025-11-04,Cancelled,4
ORD-00506,Kevin Njoroge,kevin.njoroge993@example.com,Male,44,Nigeria,Abuja,Home Appliances,Blender,3,58,0,174,PayPal,2025-09-09,2025-09-17,Returned,3
ORD-00507,Brian Williams,brian.williams772@example.com,Female,51,Uganda,Entebbe,Beauty,Hair Dryer,2,48,0.05,91.2,Mobile Money,2025-08-22,2025-08-25,Cancelled,4
ORD-00508,James Kamau,james.kamau87@example.com,Female,39,United States,Houston,Electronics,USB-C Charger,1,22,0,22,Credit Card,2026-02-16,2026-02-19,Cancelled,4
ORD-00509,Sarah Patel,sarah.patel312@example.com,Female,64,Ghana,Accra,Home Appliances,Microwave Oven,1,180,0.25,135.0,PayPal,2025-12-19,2025-12-20,Returned,4
ORD-00510,Mercy Williams,mercy.williams634@example.com,Female,59,Ghana,Takoradi,Beauty,Makeup Kit,1,52,0.2,41.6,Debit Card,2025-12-20,2025-12-27,Processing,4
ORD-00511,Jaames Okafor,james.okafor291@example.com,Male,31,united kingdom, Manchester ,Beauty,Makeup Kit,2,€52.00,5%,19.76,Bank transfer,2026.06.08,2026.06.13,Shipped,
ORD-00512,Victor Mensah,victor.mensah732@example.com,Male,58,Uganda,Jinja,Electronics,USB-C Charger,1,22,0.05,20.9,Bank Transfer,2025-12-25,2025-12-30,Returned,3
ORD-00513,Jane Njoroge,jane.njoroge101@example.com,Female,27,Rwanda,Kigali,Electronics,Bluetooth Speaker,2,65,0.05,123.5,Credit Card,2026-02-26,2026-02-28,Cancelled,1
ORD-00514,Samuel Mensah,samuel.mensah573@example.com,Female,51,United States,Chicago,Beauty,Face Cream,1,24,0.2,19.2,Mobile Money,2025-09-28,2025-10-06,Cancelled,5
ORD-00515,Michael Otieno,michael.otieno992@example.com,Male,63,United States,Los Angeles,Fashion,Denim Jacket,2,62,0.15,105.4,Credit Card,2025-08-06,2025-08-14,Shipped,4
ORD-00516,Lucy Ochieng,lucy.ochieng536@example.com,Male,27,Tanzania,Dar es Salaam,Beauty,Face Cream,1,24,0.2,19.2,PayPal,2026-01-16,2026-01-21,Processing,3
ORD-00517,Lucy Wanjiku,lucy.wanjiku188@example.com,Female,70,Ghana,Kumasi,Beauty,Face Cream,4,24,0.1,86.4,PayPal,2025-01-03,2025-01-05,Delivered,5
ORD-00518,Samuel Njoroge,samuel.njoroge855@example.com,Male,64,Rwanda,Butare,Home Appliances,Vacuum Cleaner,2,145,0.1,261.0,Mobile Money,2025-05-22,2025-05-30,Cancelled,4
ORD-00519,Peter Okafor,peter.okafor47@example.com,Female,60,Tanzania,Dar es Salaam,Beauty,Lipstick,1,16,0.15,13.6,Debit Card,2025-10-12,2025-10-14,Delivered,4
ORD-00520,Mercy Okafor,mercy.okafor591@example.com,Male,66,Uganda,Jinja,Electronics,Laptop Pro 14,2,1150,0.05,2185.0,Mobile Money,2026-08-07,2026-08-11,Returned,4
ORD-00521,Faith Patel,faith.patel723@example.com,Female,55,Nigeria,Kano,Fashion,Sneakers,1,75,0.05,71.25,Cash on Delivery,2025-03-28,2025-04-03,Delivered,4
ORD-00522,Peter Kiptoo,peter.kiptoo264@example.com,Male,23,Kenya,Kisumu,Beauty,Perfume,1,70,0.2,56.0,Debit Card,2025-04-12,2025-04-15,Shipped,3
ORD-00523,Mercy Akinyi,mercy.akinyi186@example.com,Male,19,Nigeria,Abuja,Home Appliances,Microwave Oven,2,180,0,360,PayPal,2025-11-02,2025-11-09,Shipped,1
ORD-00524,Mercy Mensah,mercy.mensah243@example.com,Female,49,Tanzania,Arusha,Beauty,Face Cream,1,24,0.05,22.8,PayPal,2025-04-28,2025-05-03,Cancelled,1
ORD-00525,Daniel Okafor,daniel.okafor987@example.com,Male,55,Nigeria,Port Harcourt,Electronics,USB-C Charger,2,22,0,44,Cash on Delivery,2025-09-10,2025-09-13,Cancelled,3
ORD-00526,Faith Okafor,faith.okafor976@example.com,Female,45,United Kingdom,London,Fashion,Cotton T-Shirt,2,18,0.05,34.2,Mobile Money,2025-02-12,2025-02-13,Returned,4
ORD-00527,Samuel Akinyi,samuel.akinyi863@example.com,Male,58,Ghana,Accra,Electronics,USB-C Charger,1,22,0.1,19.8,Debit Card,2026-08-23,2026-08-28,Returned,1
ORD-00528,Sarah Mwangi,sarah.mwangi900@example.com,Male,45,Uganda,Kampala,Beauty,Makeup Kit,1,52,0.05,49.4,PayPal,2026-06-01,2026-06-07,Processing,5
ORD-00529,Kevin Njoroge,kevin.njoroge983@example.com,Female,56,United States,Houston,Fashion,Running Shorts,10,28,0.1,252.0,Credit Card,2025-01-17,2025-01-20,Returned,5
ORD-00530,Linda Williams,linda.williams403@example.com,Male,52,Kenya,Mombasa,Beauty,Body Lotion,4,19,0.25,57.0,Bank Transfer,2025-03-21,2025-03-22,Cancelled,4
ORD-00531,John Kamau,john.kamau474@example.com,Male,41,Tanzania,Arusha,Home Appliances,Microwave Oven,1,180,0.25,135.0,Bank Transfer,2026-04-01,2026-04-02,Delivered,2
ORD-00532,Faith Wanjiku,faith.wanjiku506@example.com,Male,41,Tanzania,Dar es Salaam,Electronics,Gaming Mouse,2,38,0.1,68.4,Bank Transfer,2025-10-15,2025-10-23,Returned,5
ORD-00533,Linda Otieno,linda.otieno566@example.com,Male,30,South Africa,Pretoria,Electronics,Gaming Mouse,1,38,0.2,30.4,Credit Card,2025-03-08,2025-03-11,Shipped,5
ORD-00534,Sarah Mensah,sarah.mensah259@example.com,Female,61,India,Delhi,Home Appliances,Electric Kettle,3,35,0,105,Bank Transfer,2025-01-03,2025-01-10,Delivered,5
ORD-00535,Michael Njoroge,michael.njoroge371@example.com,Male,51,Tanzania,Arusha,Beauty,Hair Dryer,1,48,0.2,38.4,Mobile Money,2025-08-18,2025-08-19,Returned,3
ORD-00536,John Brown,john.brown232@example.com,Female,62,Kenya,Nakuru,Fashion,Cotton T-Shirt,1,18,0.2,14.4,Debit Card,2025-03-18,2025-03-22,Processing,2
ORD-00537,Peter Patel,peter.patel257@example.com,Male,33,Nigeria,Lagos,Beauty,Lipstick,3,16,0.2,38.4,Credit Card,2026-04-30,2026-05-04,Processing,3
ORD-00538,Grace Kamau,grace.kamau998@example.com,Male,21,South Africa,Johannesburg,Beauty,Face Cream,2,24,0.2,38.4,Bank Transfer,2026-01-22,2026-01-28,Delivered,4
ORD-00539,David Kamau,david.kamau694@example.com,Male,21,Kenya,Nakuru,Electronics,Bluetooth Speaker,2,65,0.15,110.5,Credit Card,2025-10-29,2025-11-05,Returned,4
ORD-00540,Mercy Mensah,mercy.mensah104@example.com,Male,39,South Africa,Johannesburg,Beauty,Lipstick,2,16,0.15,27.2,Debit Card,2026-04-10,2026-04-16,Delivered,5
ORD-00541,Daniel Akinyi,daniel.akinyi432@example.com,Female,48,India,Mumbai,Fashion,Hoodie,1,42,0.2,33.6,Credit Card,2025-07-10,2025-07-14,Delivered,2
ORD-00542,Brian Otieno,brian.otieno481@example.com,Female,37,India,Chennai,Home Appliances,Blender,2,58,0.2,92.8,Cash on Delivery,2025-10-26,2025-11-01,Returned,1
ORD-00543,Mary Kiptoo,mary.kiptoo353@example.com,Male,30,Ghana,Accra,Fashion,Hoodie,3,42,0.2,100.8,Debit Card,2025-07-26,2025-07-28,Cancelled,3
ORD-00544,Aisha Kamau,aisha.kamau466@example.com,Male,68,United States,Houston,Home Appliances,Vacuum Cleaner,1,145,0.1,130.5,Bank Transfer,2026-05-23,2026-05-27,Shipped,1
ORD-00545,Samuel Wanjiku,samuel.wanjiku410@example.com,Male,29,United States,Chicago,Fashion,Handbag,3,55,0.1,148.5,PayPal,2026-01-07,2026-01-08,Delivered,1
ORD-00546,Mary Ochieng,mary.ochieng204@example.com,Female,30,Ghana,Tamale,Beauty,Perfume,2,70,0.1,126.0,Bank Transfer,2025-06-28,2025-07-02,Shipped,3
ORD-00547,Grace Ochieng,grace.ochieng852@example.com,Male,61,United Kingdom,London,Fashion,Denim Jacket,1,62,0.1,55.8,Debit Card,2026-01-24,2026-01-26,Processing,3
ORD-00548,Esther Khan,esther.khan729@example.com,Male,22,Tanzania,Arusha,Fashion,Hoodie,5,42,0.2,168.0,Debit Card,2025-05-28,2025-05-31,Shipped,4
ORD-00549,Mercy Mensah,mercy.mensah194@example.com,Female,52,Tanzania,Arusha,Beauty,Makeup Kit,1,52,0,52,Credit Card,2025-06-02,2025-06-08,Processing,2
ORD-00550,Mercy Kamau,mercy.kamau172@example.com,Female,50,United Kingdom,Birmingham,Beauty,Perfume,2,70,0.15,119.0,Cash on Delivery,2026-06-06,2026-06-12,Cancelled,4
ORD-00551,Daniel Mensah,daniel.mensah411@example.com,Male,58,Tanzania,Mwanza,Beauty,Makeup Kit,5,52,0.15,221.0,Mobile Money,2025-08-01,2025-08-05,Shipped,2
ORD-00552,Daniel Okafor,daniel.okafor87@example.com,Male,26,Uganda,Entebbe,Beauty,Body Lotion,1,19,0.1,17.1,PayPal,2025-10-30,2025-11-07,Shipped,5
ORD-00553,Jane Williams,jane.williams510@example.com,Female,38,United States,Houston,Beauty,Lipstick,2,16,0.15,27.2,Mobile Money,2026-01-27,2026-01-28,Shipped,2
ORD-00554,Sarah Smith,sarah.smith81@example.com,FEMALE,68,NIGERIA,Ibadan,Electronics,Bluetooth Speaker,3,65,0.2,156.0,credit card,2025-08-22,2025-08-24,Processing,1
ORD-00555,Samuel Kiptoo,samuel.kiptoo842@example.com,Male,55,United Kingdom,Manchester,Electronics,Gaming Mouse,1,38,0.1,34.2,Mobile Money,2026-04-29,2026-05-02,Shipped,4
ORD-00556,Michael Brown,michael.brown834@example.com,Female,47,South Africa,Pretoria,Fashion,Hoodie,2,42,0.2,67.2,Debit Card,2025-03-29,2025-04-04,Cancelled,4
ORD-00557,Jane Otieno,jane.otieno592@example.com,Female,26,Rwanda,Kigali,Beauty,Lipstick,3,16,0,48,Bank Transfer,2025-01-10,2025-01-18,Processing,4
ORD-00558,Victor Ochieng,victor.ochieng582@example.com,Male,68,Rwanda,Butare,Beauty,Makeup Kit,2,52,0.1,93.6,Cash on Delivery,2025-05-23,2025-05-26,Returned,3
ORD-00559,Sarah Kiptoo,sarah.kiptoo193@example.com,Male,48,India,Chennai,Beauty,Perfume,5,70,0,350,PayPal,2025-12-03,2025-12-11,Delivered,5
ORD-00560,John Otieno,john.otieno204@example.com,Female,22,United Kingdom,London,Electronics,Gaming Mouse,2,38,0.15,64.6,PayPal,2025-10-18,2025-10-22,Returned,2
ORD-00561,Samuel Otieno,samuel.otieno114@example.com,Female,26,Kenya,Kisumu,Electronics,Smartphone X12,1,699,0.15,594.15,Debit Card,2026-05-05,2026-05-07,Shipped,4
ORD-00562,Victor Wanjiku,victor.wanjiku515@example.com,Female,63,Uganda,Entebbe,Beauty,Perfume,2,70,0.1,126.0,Debit Card,2025-10-10,2025-10-14,Cancelled,1
ORD-00563,Michael Mensah,michael.mensah41@example.com,Male,65,Rwanda,Kigali,Home Appliances,Vacuum Cleaner,4,145,0.15,493.0,Bank Transfer,2025-10-22,2025-10-30,Processing,3
ORD-00564,Esther Njoroge,esther.njoroge394@example.com,Male,60,Ghana,Takoradi,Fashion,Denim Jacket,4,62,0.25,186.0,Bank Transfer,2026-08-06,2026-08-08,Delivered,4
ORD-00565,Kevin Khan,kevin.khan506@example.com,Male,44,Ghana,Tamale,Home Appliances,Coffee Maker,4,85,0.25,255.0,Credit Card,2026-01-13,2026-01-15,Returned,4
ORD-00566,Mary Njoroge,mary.njoroge28@example.com,Female,22,Tanzania,Arusha,Beauty,Perfume,1,70,0.2,56.0,Mobile Money,2026-01-26,2026-02-01,Shipped,5
ORD-00567,Michael Njoroge,michael.njoroge473@example.com,Male,22,Kenya,Kisumu,Electronics,Laptop Pro 14,4,1150,0.1,4140.0,Mobile Money,2026-07-16,2026-07-20,Shipped,5
ORD-00568,Lucy Kamau,lucy.kamau548@example.com,Female,65,Uganda,Kampala,Fashion,Sneakers,2,75,0.05,142.5,Credit Card,2025-06-22,2025-06-24,Processing,5
ORD-00569,Sarah Wanjiku,sarah.wanjiku453@example.com,Male,62,Tanzania,Dar es Salaam,Fashion,Running Shorts,1,28,0.25,21.0,Bank Transfer,2026-06-20,2026-06-22,Processing,4
ORD-00570,Faith Akinyi,faith.akinyi931@example.com,Male,33,India,Mumbai,Electronics,Gaming Mouse,1,38,0.05,36.1,Credit Card,2025-04-04,2025-04-05,Delivered,4
ORD-00571,Aisha Brown,aisha.brown172@example.com,Female,20,South Africa,Johannesburg,Fashion,Sneakers,3,75,0.25,168.75,PayPal,2026-06-09,2026-06-11,Processing,4
ORD-00572,Grace Akinyi,grace.akinyi332@example.com,Male,29,South Africa,Cape Town,Beauty,Lipstick,1,16,0.05,15.2,Mobile Money,2026-02-16,2026-02-22,Shipped,1
ORD-00573,Esther Mwangi,esther.mwangi786@example.com,Female,56,Nigeria,Ibadan,Home Appliances,Air Fryer,1,110,0.05,104.5,Credit Card,2025-04-15,2025-04-18,Returned,3
ORD-00574,Peter Patel,peter.patel683@example.com,Male,48,Rwanda,Kigali,Home Appliances,Electric Kettle,2,35,0.25,52.5,Cash on Delivery,2025-12-10,2025-12-11,Cancelled,5
ORD-00575,Lucy Wanjiku,lucy.wanjiku756@example.com,Male,45,South Africa,Johannesburg,Fashion,Sneakers,2,75,0,150,PayPal,2025-03-23,2025-03-24,Cancelled,2
ORD-00576,Mercy Njoroge,mercy.njoroge757@example.com,Male,39,Ghana,Takoradi,Fashion,Running Shorts,1,28,0.25,21.0,Credit Card,2025-10-12,2025-10-18,Returned,5
ORD-00577,Peter Wanjiku,peter.wanjiku211@example.com,Male,52,Rwanda,Butare,Electronics,Smartphone X12,3,699,0.1,1887.3,Mobile Money,2025-09-12,2025-09-16,Returned,5
ORD-00578,Mary Smith,mary.smith145@example.com,Male,31,United States,New York,Electronics,Gaming Mouse,2,38,0.05,72.2,Cash on Delivery,2025-04-04,2025-04-07,Shipped,5
ORD-00579,Faith Kiptoo,faith.kiptoo181@example.com,Male,56,Nigeria,Port Harcourt,Beauty,Hair Dryer,1,48,0.05,45.6,Mobile Money,2025-11-07,2025-11-12,Shipped,5
ORD-00580,Michael Kiptoo,michael.kiptoo518@example.com,Female,57,United States,New York,Home Appliances,Microwave Oven,1,180,0.15,153.0,Mobile Money,2025-06-09,2025-06-17,Cancelled,1
ORD-00581,Samuel Njoroge,samuel.njoroge314@example.com,Female,47,Uganda,Jinja,Fashion,Hoodie,2,42,0.1,75.6,PayPal,2026-01-20,2026-01-28,Shipped,1
ORD-00582,Jane Njoroge,jane.njoroge415@example.com,Female,44,South Africa,Cape Town,Fashion,Sneakers,1,75,0.2,60.0,PayPal,2026-01-18,2026-01-25,Returned,4
ORD-00583,Daniel Williams,daniel.williams936@example.com,Female,66,Kenya,Nairobi,Beauty,Body Lotion,1,19,0.15,16.15,Bank Transfer,2026-06-06,2026-06-14,Processing,5
ORD-00584,John Brown,john.brown682@example.com,Male,59,Rwanda,Butare,Fashion,Denim Jacket,2,62,0.1,111.6,Debit Card,2025-09-25,2025-10-03,Processing,5
ORD-00585,Samuel Kiptoo,samuel.kiptoo724@example.com,Male,55,India,Delhi,Electronics,Wireless Headphones,3,45,0.25,101.25,Debit Card,2026-06-15,2026-06-19,Cancelled,4
ORD-00586,David Kamau,david.kamau652@example.com,Female,54,Uganda,Jinja,Beauty,Body Lotion,1,19,0.15,16.15,Debit Card,2025-05-27,2025-06-01,Cancelled,5
ORD-00587,Esther Okafor,esther.okafor427@example.com,Female,59,Kenya,Mombasa,Beauty,Face Cream,1,24,0.25,18.0,PayPal,2026-03-18,2026-03-21,Shipped,2
ORD-00588,Victor Patel,victor.patel218@example.com,Male,29,South Africa,Pretoria,Fashion,Hoodie,5,42,0.15,178.5,Debit Card,2025-03-02,2025-03-05,Processing,4
ORD-00589,Lucy Kamau,lucy.kamau387@example.com,Female,25,Rwanda,Butare,Electronics,Gaming Mouse,2,38,0,76,Cash on Delivery,2025-03-07,2025-03-13,Shipped,1
ORD-00590,Victor Williams,victor.williams43@example.com,Male,24,Nigeria,Lagos,Electronics,Bluetooth Speaker,3,65,0,195,Cash on Delivery,2026-06-19,2026-06-20,Returned,4
ORD-00591,Jane Smith,jane.smith912@example.com,Female,39,Uganda,Entebbe,Beauty,Hair Dryer,2,48,0.1,86.4,Mobile Money,2025-09-03,2025-09-09,Cancelled,5
ORD-00592,Samuel Brown,samuel.brown856@example.com,Male,26,Tanzania,Arusha,Electronics,Wireless Headphones,2,45,0.25,67.5,Debit Card,2025-05-06,2025-05-11,Processing,5
ORD-00593,John Smith,john.smith369@example.com,Female,20,United States,Los Angeles,Fashion,Sneakers,10,75,0.1,675.0,Mobile Money,2026-03-31,2026-04-04,Cancelled,5
ORD-00594,Grace Brown,grace.brown395@example.com,Male,36,Nigeria,Ibadan,Beauty,Lipstick,10,16,0.25,120.0,Mobile Money,2025-05-27,2025-05-28,Delivered,2
ORD-00595,Sarah Wanjiku,sarah.wanjiku250@example.com,Male,31,United Kingdom,Manchester,Fashion,Handbag,5,55,0.15,233.75,Bank Transfer,2025-04-02,2025-04-04,Delivered,4
ORD-00596,Linda Khan,linda.khan687@example.com,Male,25,Tanzania,Arusha,Home Appliances,Electric Kettle,2,35,0.25,52.5,Bank Transfer,2026-07-02,2026-07-10,Processing,1
ORD-00597,Samuel Smith,samuel.smith658@example.com,Female,68,India,Mumbai,Home Appliances,Microwave Oven,4,180,0.25,540.0,Credit Card,2025-08-27,2025-08-31,Processing,3
ORD-00598,Jane Otieno,jane.otieno874@example.com,Female,38,Nigeria,Ibadan,Fashion,Running Shorts,5,28,0.2,112.0,Credit Card,2026-08-14,2026-08-15,Returned,3
ORD-00599,James Smith,james.smith617@example.com,Male,55,Rwanda,Butare,Home Appliances,Blender,3,58,0.05,165.3,Cash on Delivery,2025-04-20,2025-04-27,Cancelled,1
ORD-00600,Lucy Otieno,lucy.otieno765@example.com,Male,60,Uganda,Kampala,Beauty,Makeup Kit,2,52,0.2,83.2,Bank Transfer,2025-11-24,2025-11-29,Delivered,5
ORD-00601,Mary Williams,mary.williams342@example.com,Male,27,India,Chennai,Fashion,Handbag,1,55,0.15,46.75,Debit Card,2025-08-19,2025-08-20,Cancelled,4
ORD-00602,Esther Smith,esther.smith485@example.com,Female,40,Uganda,Jinja,Fashion,Sneakers,2,75,0.1,135.0,Bank Transfer,2026-02-05,2026-02-07,Processing,5
ORD-00603,Mary Patel,mary.patel958@example.com,Female,63,South Africa,Pretoria,Electronics,Smartphone X12,1,699,0.2,559.2,Debit Card,2026-04-14,2026-04-17,Cancelled,5
ORD-00604,John Akinyi,john.akinyi744@example.com,Male,54,Uganda,Kampala,Fashion,Denim Jacket,3,62,0.05,176.7,Bank Transfer,2025-06-01,2025-06-08,Shipped,4
ORD-00605,James Smith,james.smith347@example.com,Female,55,Nigeria,Ibadan,Beauty,Perfume,5,70,0,350,Credit Card,2025-06-02,2025-06-09,Delivered,2
ORD-00606,David Williams,david.williams475@example.com,Female,70,United States,Houston,Fashion,Running Shorts,3,28,0.25,63.0,Credit Card,2025-10-09,2025-10-17,Delivered,3
ORD-00607,Linda Mwangi,linda.mwangi711@example.com,Male,65,Nigeria,Port Harcourt,Fashion,Sneakers,2,75,0.2,120.0,Bank Transfer,2025-07-05,2025-07-12,Cancelled,4
ORD-00608,Aisha Kiptoo,aisha.kiptoo833@example.com,Male,62,Ghana,Accra,Home Appliances,Air Fryer,2,110,0.2,176.0,Cash on Delivery,2026-02-08,2026-02-16,Returned,1
ORD-00609,Aisha Ochieng,aisha.ochieng569@example.com,Female,46,Nigeria,Abuja,Electronics,Smartphone X12,3,699,0.25,1572.75,Cash on Delivery,2025-05-06,2025-05-07,Shipped,2
ORD-00610,James Mwangi,james.mwangi373@example.com,Male,52,Nigeria,Kano,Home Appliances,Air Fryer,1,110,0,110,PayPal,2026-03-10,2026-03-11,Delivered,2
ORD-00611,Peter Okafor,peter.okafor933@example.com,Male,40,United Kingdom,Manchester,Beauty,Perfume,2,70,0.25,105.0,Credit Card,2025-04-12,2025-04-13,Shipped,2
ORD-00612,Mercy Kiptoo,mercy.kiptoo77@example.com,Female,53,South Africa,Cape Town,Fashion,Hoodie,1,42,0.05,39.9,Debit Card,2025-09-24,2025-10-01,Cancelled,5
ORD-00613,David Smith,david.smith751@example.com,Male,35,Uganda,Jinja,Beauty,Makeup Kit,1,52,0.05,49.4,Debit Card,2026-01-17,2026-01-20,Processing,4
ORD-00614,Grace Okafor,grace.okafor113@example.com,Female,61,Rwanda,Butare,Electronics,Smart Watch,1,120,0.1,108.0,Credit Card,2025-03-09,2025-03-15,Processing,5
ORD-00615,Faith Kiptoo,faith.kiptoo975@example.com,Male,24,Uganda,Kampala,Fashion,Cotton T-Shirt,1,18,0.15,15.3,Mobile Money,2025-06-29,2025-07-04,Delivered,5
ORD-00616,Aisha Akinyi,aisha.akinyi970@example.com,Female,66,India,Bangalore,Home Appliances,Vacuum Cleaner,1,145,0,145,Bank Transfer,2025-07-05,2025-07-11,Returned,4
ORD-00617,Brian Smith,brian.smith130@example.com,Female,27,Rwanda,Butare,Fashion,Cotton T-Shirt,1,18,0.2,14.4,Bank Transfer,2026-08-05,2026-08-10,Processing,1
ORD-00618,Michael Okafor,michael.okafor294@example.com,Female,35,South Africa,Pretoria,Beauty,Perfume,1,70,0.1,63.0,Bank Transfer,2026-06-18,2026-06-22,Delivered,3
ORD-00619,Faith Kamau,faith.kamau170@example.com,Male,54,Rwanda,Butare,Electronics,Laptop Pro 14,1,1150,0.25,862.5,Mobile Money,2025-03-28,2025-04-02,Delivered,5
ORD-00620,Sarah Brown,sarah.brown128@example.com,Male,43,Rwanda,Kigali,Beauty,Lipstick,2,16,0.25,24.0,Mobile Money,2025-07-14,2025-07-15,Returned,5
ORD-00621,Faith Otieno,faith.otieno77@example.com,Male,41,South Africa,Johannesburg,Beauty,Perfume,2,70,0.2,112.0,Mobile Money,2026-06-11,2026-06-17,Cancelled,1
ORD-00622,Grace Mwangi,grace.mwangi307@example.com,Female,48,Tanzania,Dar es Salaam,Home Appliances,Coffee Maker,1,85,0.2,68.0,Bank Transfer,2025-09-29,2025-10-03,Returned,1
ORD-00623,Mary Akinyi,mary.akinyi7@example.com,Female,57,Uganda,Jinja,Electronics,USB-C Charger,4,22,0.15,74.8,Credit Card,2025-12-03,2025-12-08,Delivered,3
ORD-00624,Kevin Kamau,kevin.kamau542@example.com,Male,50,Ghana,Takoradi,Home Appliances,Air Fryer,1,110,0.15,93.5,Credit Card,2026-02-25,2026-02-27,Shipped,4
ORD-00625,Esther Khan,esther.khan187@example.com,Female,52,Uganda,Kampala,Beauty,Lipstick,1,16,0.1,14.4,Mobile Money,2025-04-22,2025-04-30,Shipped,5
ORD-00626,Lucy Ochieng,lucy.ochieng137@example.com,Female,43,Rwanda,Kigali,Home Appliances,Coffee Maker,1,85,0.05,80.75,Bank Transfer,2025-12-06,2025-12-07,Shipped,2
ORD-00627,Brian Akinyi,brian.akinyi770@example.com,Female,66,Uganda,Kampala,Beauty,Lipstick,2,16,0.25,24.0,Credit Card,2026-05-29,2026-06-05,Delivered,2
ORD-00628,Faith Ochieng,faith.ochieng695@example.com,Female,39,Ghana,Kumasi,Home Appliances,Vacuum Cleaner,1,145,0.25,108.75,PayPal,2025-01-09,2025-01-16,Processing,4
ORD-00629,Daniel Williams,daniel.williams118@example.com,Male,34,Rwanda,Kigali,Fashion,Running Shorts,2,28,0.05,53.2,Bank Transfer,2026-03-16,2026-03-20,Delivered,4
ORD-00630,Briaan Wanjiku,user#mail.com,FEMALE,-5,United Kingdom,,Fashion,Denim Jacket,10000,$62.00,0.2,644.8,cash on delivery,02-09-2025,02-14-2025,Cancelled,6
ORD-00631,Peter Wanjiku,peter.wanjiku293@example.com,Female,48,South Africa,Durban,Electronics,Smartphone X12,1,699,0,699,PayPal,2025-04-14,2025-04-21,Cancelled,2
ORD-00632,Brian Akinyi,brian.akinyi370@example.com,Female,65,Uganda,Kampala,Electronics,Laptop Pro 14,1,1150,0.2,920.0,Bank Transfer,2026-06-26,2026-07-02,Processing,2
ORD-00633,Grace Ochieng,grace.ochieng601@example.com,Male,59,Rwanda,Kigali,Electronics,Smartphone X12,2,699,0.2,1118.4,Credit Card,2025-07-17,2025-07-25,Returned,1
ORD-00634,Mary Otieno,mary.otieno197@example.com,Female,44,Uganda,Jinja,Beauty,Perfume,2,70,0.05,133.0,Mobile Money,2026-07-28,2026-08-03,Delivered,3
ORD-00635,John Otieno,john.otieno614@example.com,Male,35,Nigeria,Port Harcourt,Beauty,Body Lotion,4,19,0.2,60.8,Credit Card,2025-10-24,2025-10-25,Shipped,5
ORD-00636,Samuel Okafor,samuel.okafor799@example.com,Female,42,Rwanda,Butare,Electronics,Smartphone X12,1,699,0.2,559.2,Credit Card,2025-10-06,2025-10-10,Shipped,2
ORD-00637,Daniel Mwangi,daniel.mwangi873@example.com,Female,32,India,Mumbai,Beauty,Body Lotion,2,19,0.2,30.4,Debit Card,2025-10-02,2025-10-04,Delivered,2
ORD-00638,Mary Smith,mary.smith255@example.com,Male,70,Uganda,Kampala,Fashion,Cotton T-Shirt,4,18,0.1,64.8,Bank Transfer,2026-07-02,2026-07-04,Processing,1
ORD-00639,Brian Kiptoo,brian.kiptoo920@example.com,Female,57,Tanzania,Arusha,Electronics,Laptop Pro 14,4,1150,0.1,4140.0,Credit Card,2025-11-29,2025-11-30,Processing,5
ORD-00640,Grace Brown,grace.brown764@example.com,Female,62,Uganda,Kampala,Home Appliances,Air Fryer,2,110,0.2,176.0,Mobile Money,2025-09-21,2025-09-25,Shipped,4
ORD-00641,Esther Akinyi,esther.akinyi152@example.com,Male,48,South Africa,Pretoria,Fashion,Handbag,1,55,0.25,41.25,Debit Card,2026-05-23,2026-05-26,Shipped,4
ORD-00642,Samuel Smith,samuel.smith623@example.com,Male,30,United States,Chicago,Home Appliances,Air Fryer,1,110,0.05,104.5,Debit Card,2025-05-27,2025-05-29,Cancelled,4
ORD-00643,Mercy Kamau,mercy.kamau387@example.com,Male,42,Rwanda,Kigali,Fashion,Running Shorts,3,28,0,84,Bank Transfer,2025-04-23,2025-04-24,Delivered,4
ORD-00644,Grace Okafor,grace.okafor754@example.com,Female,70,Nigeria,Ibadan,Fashion,Running Shorts,2,28,0,56,Mobile Money,2025-03-29,2025-04-02,Returned,2
ORD-00645,Sarah Brown,sarah.brown274@example.com,Male,58,Ghana,Tamale,Home Appliances,Microwave Oven,1,180,0,180,Cash on Delivery,2025-01-22,2025-01-23,Processing,1
ORD-00646,Samuel Otieno,samuel.otieno362@example.com,Female,59,Rwanda,Kigali,Electronics,Smartphone X12,1,699,0.15,594.15,Bank Transfer,2025-08-20,2025-08-27,Delivered,5
ORD-00647,Peter Kamau,peter.kamau370@example.com,Male,23,Nigeria,Abuja,Electronics,Bluetooth Speaker,1,65,0.2,52.0,Cash on Delivery,2025-06-04,2025-06-07,Processing,4
ORD-00648,Grace Mwangi,grace.mwangi939@example.com,Female,49,Rwanda,Kigali,Home Appliances,Vacuum Cleaner,3,145,0.1,391.5,Credit Card,2025-09-29,2025-10-01,Shipped,4
ORD-00649,David Kamau,david.kamau592@example.com,Female,45,Ghana,Tamale,Fashion,Handbag,1,55,0.15,46.75,Debit Card,2025-05-29,2025-05-31,Shipped,3
ORD-00650,Mercy Williams,mercy.williams652@example.com,Male,39,Tanzania,Arusha,Beauty,Lipstick,2,16,0.15,27.2,Cash on Delivery,2025-09-09,2025-09-16,Cancelled,4
ORD-00651,James Mensah,james.mensah796@example.com,Male,62,United States,Chicago,Beauty,Face Cream,2,24,0.15,40.8,Credit Card,2025-03-31,2025-04-04,Shipped,3
ORD-00652,Jane Akinyi,jane.akinyi870@example.com,Male,67,Kenya,Kisumu,Beauty,Perfume,4,70,0,280,Cash on Delivery,2025-10-29,2025-11-06,Cancelled,2
ORD-00653,Brian Kiptoo,brian.kiptoo751@example.com,Female,19,South Africa,Johannesburg,Fashion,Sneakers,5,75,0.25,281.25,Credit Card,2026-01-16,2026-01-17,Returned,5
ORD-00654,Faith Kamau,faith.kamau13@example.com,Female,54,India,Delhi,Electronics,Smartphone X12,1,699,0,699,Bank Transfer,2025-06-03,2025-06-06,Shipped,4
ORD-00655,John Mwangi,john.mwangi114@example.com,Male,27,Uganda,Entebbe,Beauty,Makeup Kit,1,52,0.25,39.0,Debit Card,2025-02-02,2025-02-05,Delivered,5
ORD-00656,Faith Kiptoo,faith.kiptoo954@example.com,Female,28,Rwanda,Butare,Home Appliances,Vacuum Cleaner,2,145,0.25,217.5,Bank Transfer,2025-04-05,2025-04-12,Shipped,2
ORD-00657,Mercy Patel,mercy.patel80@example.com,Female,70,Kenya,Mombasa,Beauty,Perfume,3,70,0.2,168.0,Bank Transfer,2026-05-04,2026-05-10,Cancelled,5
ORD-00658,Grace Kamau,grace.kamau80@example.com,Female,41,Ghana,Accra,Home Appliances,Coffee Maker,1,85,0.1,76.5,Debit Card,2025-01-29,2025-02-02,Returned,3
ORD-00659,Mary Wanjiku,mary.wanjiku276@example.com,Male,23,South Africa,Johannesburg,Home Appliances,Electric Kettle,2,35,0.25,52.5,Credit Card,2026-08-01,2026-08-09,Processing,1
ORD-00660,Kevin Akinyi,kevin.akinyi770@example.com,Female,43,Uganda,Kampala,Home Appliances,Blender,5,58,0.2,232.0,Mobile Money,2025-05-13,2025-05-15,Returned,3
ORD-00661,Lucy Otieno,lucy.otieno156@example.com,Female,61,Ghana,Accra,Beauty,Lipstick,2,16,0,32,Debit Card,2025-03-22,2025-03-24,Shipped,5
ORD-00662,Lucy Akinyi,lucy.akinyi639@example.com,Male,45,Ghana,Kumasi,Home Appliances,Microwave Oven,3,180,0.1,486.0,Cash on Delivery,2026-02-01,2026-02-05,Returned,2
ORD-00663,Sarah Patel,sarah.patel993@example.com,Male,69,Ghana,Takoradi,Electronics,Gaming Mouse,1,38,0.1,34.2,PayPal,2026-05-26,2026-05-28,Shipped,4
ORD-00664,David Otieno,david.otieno728@example.com,Female,67,Ghana,Accra,Home Appliances,Vacuum Cleaner,1,145,0,145,Mobile Money,2025-09-22,2025-09-30,Shipped,3
ORD-00665,Esther Patel,esther.patel635@example.com,Male,61,India,Chennai,Electronics,Bluetooth Speaker,3,65,0.15,165.75,Cash on Delivery,2026-03-28,2026-04-03,Processing,5
ORD-00666,Mary Brown,mary.brown810@example.com,Male,33,Rwanda,Butare,Home Appliances,Coffee Maker,1,85,0.25,63.75,Mobile Money,2025-06-08,2025-06-10,Shipped,3
ORD-00667,Michael Njoroge,michael.njoroge658@example.com,Female,52,Nigeria,Abuja,Beauty,Lipstick,2,16,0.1,28.8,Bank Transfer,2025-04-22,2025-04-24,Delivered,2
ORD-00668,Peter Mensah,peter.mensah498@example.com,Female,31,Rwanda,Butare,Fashion,Handbag,1,55,0.1,49.5,Credit Card,2025-04-28,2025-05-03,Returned,4
ORD-00669,Samuel Ochieng,samuel.ochieng959@example.com,Female,69,United States,Chicago,Fashion,Cotton T-Shirt,2,18,0.2,28.8,Credit Card,2026-03-17,2026-03-25,Shipped,2
ORD-00670,David Mwangi,david.mwangi415@example.com,Female,23,Rwanda,Butare,Home Appliances,Coffee Maker,1,85,0.05,80.75,Debit Card,2026-04-08,2026-04-15,Processing,5
ORD-00671,Aisha Wanjiku,aisha.wanjiku358@example.com,Female,44,Kenya,Nairobi,Beauty,Hair Dryer,5,48,0.1,216.0,Mobile Money,2026-05-02,2026-05-05,Processing,5
ORD-00672,Kevin Kamau,kevin.kamau741@example.com,Male,60,India,Chennai,Electronics,Smart Watch,3,120,0.2,288.0,Debit Card,2025-11-28,2025-12-04,Cancelled,1
ORD-00673,Daniel Okafor,daniel.okafor740@example.com,Female,18,united states,Houston,Electronics,Gaming Mouse,5,38,0.15,161.5,CASH ON DELIVERY,2025-05-09,2025-05-17,delivered,5
ORD-00674,James Patel,james.patel889@example.com,Female,25,Kenya,Kisumu,Home Appliances,Air Fryer,1,110,0.1,99.0,PayPal,2026-04-12,2026-04-19,Processing,4
ORD-00675,Aisha Okafor,aisha.okafor610@example.com,Female,28,Rwanda,Butare,Electronics,Smartphone X12,2,699,0.1,1258.2,Bank Transfer,2026-01-26,2026-01-31,Cancelled,4
ORD-00676,John Mensah,john.mensah955@example.com,Male,44,India,Mumbai,Electronics,Gaming Mouse,3,38,0,114,Mobile Money,2026-05-24,2026-05-26,Returned,5
ORD-00677,Sarah Kiptoo,sarah.kiptoo118@example.com,Female,30,Kenya,Kisumu,Beauty,Perfume,1,70,0.15,59.5,Mobile Money,2025-05-08,2025-05-14,Cancelled,4
ORD-00678,Daniel Mwangi,daniel.mwangi859@example.com,Female,68,Rwanda, Kigali ,Home Appliances,Electric Kettle,2,KSh 35,0.10,126.0,CREDIT CARD,09-05-2025,09-06-2025,Delivered,4
ORD-00679,Brian Smith,brian.smith400@example.com,Male,64,South Africa,Pretoria,Electronics,Gaming Mouse,4,38,0.15,129.2,Debit Card,2026-02-17,2026-02-23,Cancelled,5
ORD-00680,Aisha Akinyi,aisha.akinyi209@example.com,Male,23,Ghana,Accra,Beauty,Makeup Kit,4,52,0.2,166.4,Bank Transfer,2025-01-27,2025-02-03,Returned,1
ORD-00681,Michael Smith,michael.smith647@example.com,Female,67,India,Mumbai,Beauty,Face Cream,3,24,0.05,68.4,Debit Card,2025-07-11,2025-07-15,Processing,5
ORD-00682,Brian Smith,brian.smith24@example.com,Male,58,South Africa,Pretoria,Home Appliances,Coffee Maker,1,85,0,85,Credit Card,2025-04-24,2025-05-02,Delivered,5
ORD-00683,Kevin Kiptoo,kevin.kiptoo104@example.com,Male,49,Uganda,Kampala,Electronics,Wireless Headphones,2,45,0.1,81.0,Bank Transfer,2026-02-28,2026-03-02,Delivered,4
ORD-00684,Aisha Mwangi,aisha.mwangi11@example.com,Male,29,Rwanda,Butare,Home Appliances,Coffee Maker,4,85,0.05,323.0,Mobile Money,2025-05-01,2025-05-07,Returned,3
ORD-00685,Sarah Ochieng,sarah.ochieng531@example.com,Male,50,Kenya,Mombasa,Home Appliances,Air Fryer,1,110,0,110,Debit Card,2025-08-10,2025-08-16,Delivered,1
ORD-00686,David Akinyi,david.akinyi726@example.com,Female,53,South Africa,Johannesburg,Fashion,Cotton T-Shirt,1,18,0.05,17.1,Cash on Delivery,2026-04-24,2026-05-02,Cancelled,4
ORD-00687,Daniel Kiptoo,daniel.kiptoo106@example.com,Female,55,Uganda,Kampala,Fashion,Running Shorts,3,28,0.25,63.0,Mobile Money,2025-06-19,2025-06-23,Cancelled,5
ORD-00688,Esther Wanjiku,esther.wanjiku581@example.com,Female,40,Rwanda,Butare,Home Appliances,Vacuum Cleaner,1,145,0.15,123.25,Credit Card,2025-03-07,2025-03-15,Returned,2
ORD-00689,Peter Kiptoo,peter.kiptoo810@example.com,Female,29,Rwanda,Butare,Home Appliances,Microwave Oven,1,180,0.05,171.0,Bank Transfer,2025-09-09,2025-09-11,Processing,2
ORD-00690,Peter Wanjiku,peter.wanjiku477@example.com,Female,54,Tanzania,Dar es Salaam,Electronics,Bluetooth Speaker,2,65,0.25,97.5,PayPal,2025-08-27,2025-08-29,Returned,4
ORD-00691,David Mensah,david.mensah915@example.com,Female,59,South Africa,Johannesburg,Home Appliances,Coffee Maker,2,85,0.25,127.5,PayPal,2026-03-22,2026-03-28,Shipped,4
ORD-00692,Michael Otieno,michael.otieno616@example.com,Female,38,United States,Los Angeles,Electronics,Bluetooth Speaker,1,65,0,65,Credit Card,2025-08-31,2025-09-01,Returned,3
ORD-00693,James Ochieng,james.ochieng346@example.com,Male,59,United States,Houston,Fashion,Handbag,1,55,0.2,44.0,Mobile Money,2025-03-13,2025-03-21,Processing,1
ORD-00694,Mercy Ochieng,mercy.ochieng403@example.com,Female,37,Tanzania,Arusha,Electronics,Smart Watch,3,120,0.15,306.0,PayPal,2026-05-21,2026-05-23,Returned,4
ORD-00695,Esther Wanjiku,esther.wanjiku175@example.com,Male,23,South Africa,Johannesburg,Electronics,Smartphone X12,1,699,0.1,629.1,Credit Card,2026-01-13,2026-01-14,Processing,5
ORD-00696,Mercy Williams,mercy.williams832@example.com,Female,42,Kenya,Nairobi,Electronics,Bluetooth Speaker,1,65,0.1,58.5,Mobile Money,2025-06-24,2025-06-27,Delivered,5
ORD-00697,Faith Mensah,faith.mensah490@example.com,Female,60,Ghana,Takoradi,Beauty,Makeup Kit,1,52,0.2,41.6,Bank Transfer,2025-10-15,2025-10-21,Cancelled,4
ORD-00698,Kevin Brown,kevin.brown80@example.com,Female,22,Uganda,Entebbe,Electronics,Bluetooth Speaker,2,65,0.05,123.5,Bank Transfer,2025-03-03,2025-03-07,Shipped,1
ORD-00699,James Okafor,james.okafor880@example.com,Female,38,Rwanda,Kigali,Beauty,Face Cream,1,24,0.2,19.2,Cash on Delivery,2026-04-10,2026-04-13,Delivered,4
ORD-00700,Kevin Williams,kevin.williams410@example.com,Male,30,South Africa,Durban,Beauty,Lipstick,3,16,0.2,38.4,Bank Transfer,2025-10-12,2025-10-19,Processing,2
ORD-00701,Grace Wanjiku,grace.wanjiku17@example.com,Male,47,India,Mumbai,Fashion,Handbag,4,55,0.25,165.0,Bank Transfer,2025-10-01,2025-10-02,Returned,4
ORD-00702,Samuel Okafor,samuel.okafor442@example.com,Female,50,Uganda,Kampala,Electronics,Bluetooth Speaker,1,65,0.05,61.75,PayPal,2025-02-24,2025-03-04,Delivered,3
ORD-00703,Mercy Mwangi,mercy.mwangi543@example.com,Female,56,Rwanda,Butare,Fashion,Cotton T-Shirt,1,18,0.05,17.1,Bank Transfer,2026-06-16,2026-06-23,Delivered,1
ORD-00704,Daniel Wanjiku,daniel.wanjiku68@example.com,Male,52,Nigeria,Abuja,Electronics,Wireless Headphones,4,45,0.2,144.0,Bank Transfer,2025-10-10,2025-10-14,Cancelled,5
ORD-00705,Jane Smith,jane.smith295@example.com,Female,63,Nigeria,Abuja,Home Appliances,Microwave Oven,1,180,0.05,171.0,Cash on Delivery,2025-01-04,2025-01-06,Returned,2
ORD-00706,Aisha Otieno,aisha.otieno341@example.com,Male,47,Uganda,Jinja,Fashion,Denim Jacket,1,62,0,62,PayPal,2025-01-14,2025-01-22,Delivered,4
ORD-00707,Mercy Akinyi,mercy.akinyi993@example.com,Male,48,Uganda,Kampala,Fashion,Running Shorts,3,28,0,84,Credit Card,2026-05-16,2026-05-20,Delivered,4
ORD-00708,Grace Kamau,grace.kamau312@example.com,Female,69,India,Bangalore,Fashion,Hoodie,2,42,0.05,79.8,PayPal,2026-04-09,2026-04-17,Returned,5
ORD-00709,Lucy Brown,lucy.brown342@example.com,Female,51,United States,Houston,Home Appliances,Microwave Oven,1,180,0.1,162.0,Cash on Delivery,2025-04-26,2025-05-01,Delivered,5
ORD-00710,Victor Brown,victor.brown713@example.com,Female,45,Rwanda,Kigali,Fashion,Cotton T-Shirt,2,18,0.05,34.2,Mobile Money,2025-07-31,2025-08-02,Delivered,2
ORD-00711,Peter Kiptoo,peter.kiptoo604@example.com,Female,44,United Kingdom,Manchester,Fashion,Cotton T-Shirt,4,18,0.1,64.8,Cash on Delivery,2025-11-13,2025-11-17,Returned,1
ORD-00712,Lucy Kamau,lucy.kamau993@example.com,Female,18,India,Mumbai,Beauty,Lipstick,2,16,0.1,28.8,Debit Card,2025-05-31,2025-06-08,Returned,5
ORD-00713,John Njoroge,john.njoroge42@example.com,Female,31,India,Delhi,Home Appliances,Microwave Oven,1,180,0.1,162.0,PayPal,2025-05-07,2025-05-08,Delivered,4
ORD-00714,James Smith,james.smith982@example.com,Male,67,Kenya,Nairobi,Home Appliances,Electric Kettle,1,35,0.1,31.5,Bank Transfer,2025-03-30,2025-04-04,Shipped,2
ORD-00715,Faith Williams,faith.williams695@example.com,Female,58,Nigeria,Ibadan,Fashion,Sneakers,2,75,0.1,135.0,PayPal,2026-03-09,2026-03-16,Processing,1
ORD-00716,Daniel Otieno,daniel.otieno427@example.com,Male,53,Ghana,Takoradi,Home Appliances,Vacuum Cleaner,1,145,0.05,137.75,PayPal,2025-11-05,2025-11-10,Returned,1
ORD-00717,Michael Brown,michael.brown321@example.com,Female,50,United States,Chicago,Beauty,Lipstick,1,16,0.2,12.8,Mobile Money,2026-04-25,2026-05-01,Cancelled,4
ORD-00718,Mercy Khan,mercy.khan310@example.com,Male,68,United States,New York,Electronics,Gaming Mouse,1,38,0.05,36.1,Cash on Delivery,2026-08-18,2026-08-24,Returned,2
ORD-00719,Michael Williams,michael.williams782@example.com,Female,51,Uganda,Kampala,Beauty,Perfume,1,70,0,70,PayPal,2025-02-25,2025-02-27,Delivered,1
ORD-00720,Grace Brown,grace.brown599@example.com,Male,61,Nigeria,Ibadan,Beauty,Makeup Kit,1,52,0,52,Bank Transfer,2025-07-29,2025-08-01,Cancelled,5
ORD-00721,Linda Mensah,linda.mensah705@example.com,Male,30,Ghana,Tamale,Home Appliances,Coffee Maker,10,85,0,850,Cash on Delivery,2025-03-10,2025-03-11,Delivered,2
ORD-00722,Michael Kiptoo,michael.kiptoo57@example.com,Female,25,South Africa,Cape Town,Electronics,USB-C Charger,1,22,0.2,17.6,Debit Card,2026-02-19,2026-02-27,Returned,2
ORD-00723,Aisha Otieno,aisha.otieno839@example.com,Male,65,India,Chennai,Electronics,USB-C Charger,1,22,0,22,Mobile Money,2025-06-24,2025-06-28,Processing,4
ORD-00724,Samuel Brown,samuel.brown820@example.com,Female,24,Nigeria,Kano,Beauty,Hair Dryer,2,48,0.15,81.6,Credit Card,2026-03-03,2026-03-10,Processing,2
ORD-00725,Mercy Njoroge,mercy.njoroge44@example.com,Male,40,India,Chennai,Electronics,Smart Watch,1,120,0.25,90.0,Credit Card,2026-04-25,2026-05-03,Shipped,3
ORD-00726,David Otieno,david.otieno672@example.com,Female,27,United Kingdom,London,Home Appliances,Coffee Maker,2,85,0.2,136.0,Bank Transfer,2026-07-31,2026-08-06,Shipped,4
ORD-00727,Linda Mensah,linda.mensah675@example.com,Female,29,Uganda,Entebbe,Electronics,Gaming Mouse,2,38,0.15,64.6,Cash on Delivery,2025-05-13,2025-05-19,Processing,5
ORD-00728,Faith Kamau,faith.kamau682@example.com,Female,24,Rwanda,Kigali,Electronics,Wireless Headphones,3,45,0.05,128.25,Debit Card,2026-05-03,2026-05-09,Shipped,4
ORD-00729,Grace Ochieng,grace.ochieng868@example.com,Male,65,Ghana,Takoradi,Beauty,Face Cream,1,24,0.1,21.6,Bank Transfer,2026-03-29,2026-04-04,Delivered,5
ORD-00730,Victor Okafor,victor.okafor205@example.com,Female,30,Tanzania,Dar es Salaam,Beauty,Lipstick,1,16,0.25,12.0,PayPal,2026-05-18,2026-05-26,Shipped,5
ORD-00731,Grace Wanjiku,grace.wanjiku35@example.com,Male,69,Ghana,Takoradi,Fashion,Sneakers,2,75,0.25,112.5,Mobile Money,2025-01-06,2025-01-12,Returned,4
ORD-00732,James Njoroge,james.njoroge195@example.com,Female,31,Nigeria,Ibadan,Fashion,Running Shorts,2,28,0.25,42.0,Cash on Delivery,2026-05-28,2026-06-03,Returned,3
ORD-00733,Victor Kamau,victor.kamau131@example.com,Female,68,Nigeria,Port Harcourt,Beauty,Makeup Kit,1,52,0,52,Debit Card,2025-04-14,2025-04-16,Delivered,4
ORD-00734,Samuel Brown,samuel.brown367@example.com,Male,22,Tanzania,Dar es Salaam,Fashion,Cotton T-Shirt,4,18,0.1,64.8,Cash on Delivery,2025-10-22,2025-10-24,Shipped,5
ORD-00735,Grace Mensah,grace.mensah483@example.com,Male,34,India,Bangalore,Beauty,Body Lotion,1,19,0.25,14.25,PayPal,2025-02-03,2025-02-09,Shipped,4
ORD-00736,Mary Wanjiku,mary.wanjiku506@example.com,Male,22,Kenya,Mombasa,Fashion,Hoodie,3,42,0.1,113.4,Cash on Delivery,2025-12-21,2025-12-23,Returned,4
ORD-00737,Mary Njoroge,mary.njoroge520@example.com,Female,32,United Kingdom,Manchester,Fashion,Cotton T-Shirt,2,18,0,36,Debit Card,2026-03-18,2026-03-26,Delivered,3
ORD-00738,Sarah Njoroge,sarah.njoroge54@example.com,Female,42,Kenya,Mombasa,Beauty,Makeup Kit,2,52,0,104,Mobile Money,2025-05-09,2025-05-16,Returned,5
ORD-00739,Mary Wanjiku,mary.wanjiku238@example.com,Male,23,United States,New York,Home Appliances,Blender,1,58,0.15,49.3,Cash on Delivery,2025-08-21,2025-08-28,Returned,5
ORD-00740,Aisha Mwangi,aisha.mwangi45@example.com,Female,38,Kenya,Mombasa,Electronics,Wireless Headphones,1,45,0.15,38.25,Cash on Delivery,2025-09-08,2025-09-13,Cancelled,2
ORD-00741,Linda Brown,linda.brown753@example.com,Female,70,Nigeria,Lagos,Electronics,Bluetooth Speaker,4,65,0.05,247.0,PayPal,2025-08-14,2025-08-22,Processing,5
ORD-00742,Sarah Okafor,sarah.okafor107@example.com,Female,21,Uganda,Jinja,Fashion,Hoodie,4,42,0.1,151.2,Credit Card,2026-02-25,2026-03-05,Shipped,3
ORD-00743,Jane Brown,jane.brown836@example.com,Male,68,United Kingdom,London,Home Appliances,Coffee Maker,2,85,0,170,Mobile Money,2025-02-06,2025-02-10,Cancelled,5
ORD-00744,Lucy Patel,lucy.patel989@example.com,Male,23,Kenya,Nakuru,Electronics,Bluetooth Speaker,1,65,0.15,55.25,Credit Card,2025-10-13,2025-10-20,Cancelled,4
ORD-00745,Sarah Ochieng,sarah.ochieng677@example.com,Male,37,Kenya,Mombasa,Fashion,Handbag,1,55,0.15,46.75,Cash on Delivery,2026-07-09,2026-07-15,Processing,1
ORD-00746,Esther Patel,esther.patel438@example.com,Male,68,Uganda,Jinja,Fashion,Sneakers,1,75,0.2,60.0,Bank Transfer,2025-04-22,2025-04-29,Processing,5
ORD-00747,Daniel Otieno,daniel.otieno984@example.com,Female,42,United Kingdom,Manchester,Beauty,Body Lotion,2,19,0.2,30.4,PayPal,2025-09-01,2025-09-04,Processing,1
ORD-00748,Daniel Akinyi,daniel.akinyi276@example.com,Female,60,South Africa,Durban,Home Appliances,Vacuum Cleaner,1,145,0.2,116.0,Cash on Delivery,2025-01-13,2025-01-15,Processing,3
ORD-00749,Mary Akinyi,mary.akinyi492@example.com,Male,58,Ghana,Takoradi,Beauty,Face Cream,1,24,0.15,20.4,Credit Card,2026-02-23,2026-02-24,Processing,5
ORD-00750,Daniel Patel,daniel.patel507@example.com,Male,26,United Kingdom,Manchester,Electronics,USB-C Charger,1,22,0.1,19.8,Cash on Delivery,2025-06-28,2025-07-01,Delivered,4
ORD-00751,Faith Ochieng,faith.ochieng975@example.com,Female,63,Kenya,Mombasa,Beauty,Body Lotion,1,19,0.2,15.2,PayPal,2025-09-21,2025-09-22,Returned,5
ORD-00752,Grace Okafor,grace.okafor80@example.com,Male,33,India,Delhi,Home Appliances,Air Fryer,1,110,0.15,93.5,Bank Transfer,2025-11-30,2025-12-06,Cancelled,4
ORD-00753,Peter Kiptoo,peter.kiptoo919@example.com,Female,59,Rwanda,Butare,Fashion,Sneakers,1,75,0.1,67.5,Credit Card,2026-04-27,2026-05-02,Shipped,5
ORD-00754,James Brown,james.brown800@example.com,Female,65,Uganda,Kampala,Electronics,Wireless Headphones,2,45,0.1,81.0,Cash on Delivery,2025-08-09,2025-08-16,Delivered,4
ORD-00755,Victor Okafor,victor.okafor589@example.com,Female,58,Ghana,Takoradi,Electronics,Wireless Headphones,5,45,0.05,213.75,Cash on Delivery,2026-07-06,2026-07-08,Delivered,4
ORD-00756,Lucy Khan,lucy.khan250@example.com,Male,39,United Kingdom,Birmingham,Beauty,Hair Dryer,1,48,0.2,38.4,PayPal,2026-01-06,2026-01-10,Delivered,4
ORD-00757,David Khan,david.khan371@example.com,Female,59,United States,Los Angeles,Home Appliances,Air Fryer,1,110,0.2,88.0,Mobile Money,2025-08-24,2025-09-01,Shipped,4
ORD-00758,Mercy Mwangi,mercy.mwangi815@example.com,Female,36,Ghana,Kumasi,Beauty,Makeup Kit,2,52,0.05,98.8,Mobile Money,2025-11-18,2025-11-20,Cancelled,1
ORD-00759,Aishaa Kamau,aisha.kamau429@example.com,Female,34,, Takoradi ,Fashion,Denim Jacket,4000,KSh 62,0%,322.4,cash on delivery,04-14-2025,04-17-2025,Cancelled,4
ORD-00760,Michael Khan,michael.khan419@example.com,Female,58,India,Mumbai,Electronics,Wireless Headphones,3,45,0.1,121.5,Mobile Money,2026-03-23,2026-03-28,Shipped,4
ORD-00761,Michael Kiptoo,michael.kiptoo329@example.com,Male,46,India,Mumbai,Fashion,Sneakers,2,75,0.1,135.0,Credit Card,2026-06-05,2026-06-10,Shipped,4
ORD-00762,Aisha Otieno,aisha.otieno43@example.com,Male,70,Tanzania,Dar es Salaam,Beauty,Hair Dryer,1,48,0.1,43.2,Cash on Delivery,2026-03-17,2026-03-22,Processing,5
ORD-00763,Faith Khan,faith.khan174@example.com,Female,36,Uganda,Kampala,Electronics,Bluetooth Speaker,1,65,0.15,55.25,PayPal,2025-04-19,2025-04-23,Shipped,5
ORD-00764,Sarah Okafor,sarah.okafor819@example.com,Male,30,United Kingdom,Birmingham,Fashion,Sneakers,2,75,0,150,Debit Card,2026-05-16,2026-05-17,Processing,3
ORD-00765,Lucy Khan,lucy.khan113@example.com,Male,63,India,Chennai,Beauty,Body Lotion,1,19,0.15,16.15,PayPal,2026-04-01,2026-04-08,Delivered,4
ORD-00766,Faith Brown,faith.brown77@example.com,Male,38,Uganda,Jinja,Electronics,Bluetooth Speaker,3,65,0.25,146.25,Mobile Money,2026-06-04,2026-06-10,Returned,3
ORD-00767,James Akinyi,james.akinyi195@example.com,Male,53,Nigeria,Ibadan,Electronics,USB-C Charger,1,22,0.25,16.5,Cash on Delivery,2025-01-09,2025-01-13,Cancelled,2
ORD-00768,Linda Mwangi,linda.mwangi135@example.com,Male,30,South Africa,Cape Town,Home Appliances,Microwave Oven,1,180,0.05,171.0,Mobile Money,2026-06-13,2026-06-17,Delivered,1
ORD-00769,Mercy Kiptoo,mercy.kiptoo647@example.com,Male,55,India,Delhi,Fashion,Sneakers,1,75,0.1,67.5,Bank Transfer,2025-12-24,2026-01-01,Shipped,5
ORD-00770,Mercy Akinyi,mercy.akinyi557@example.com,Female,48,South Africa,Durban,Beauty,Lipstick,3,16,0.15,40.8,PayPal,2025-04-09,2025-04-13,Cancelled,1
ORD-00771,Grace Akinyi,grace.akinyi714@example.com,MALE,43,Tanzania, Dar es Salaam ,Beauty,Face Cream,1,24,0.1,28.08,mobile money,05-11-2026,05-19-2026,Shipped,5
ORD-00772,Mary Mwangi,mary.mwangi459@example.com,Male,44,Kenya,Kisumu,Beauty,Makeup Kit,1,52,0.25,39.0,Debit Card,2026-08-10,2026-08-13,Delivered,5
ORD-00773,John Williams,john.williams389@example.com,Female,23,India,Bangalore,Fashion,Hoodie,2,42,0.25,63.0,Credit Card,2025-12-28,2025-12-30,Returned,5
ORD-00774,Faith Mwangi,faith.mwangi821@example.com,Female,28,United Kingdom,London,Fashion,Hoodie,1,42,0.25,31.5,Cash on Delivery,2025-12-06,2025-12-13,Shipped,2
ORD-00775,Mary Otieno,mary.otieno290@example.com,Male,37,Kenya,Nairobi,Electronics,Smart Watch,1,120,0.15,102.0,PayPal,2025-08-24,2025-08-28,Delivered,1
ORD-00776,David Kamau,david.kamau517@example.com,Female,64,Rwanda,Butare,Fashion,Running Shorts,4,28,0,112,Cash on Delivery,2025-01-21,2025-01-22,Returned,5
ORD-00777,Peter Kiptoo,peter.kiptoo525@example.com,Male,65,Nigeria,Kano,Beauty,Perfume,3,70,0.1,189.0,Debit Card,2025-11-06,2025-11-11,Delivered,4
ORD-00778,Esther Okafor,esther.okafor286@example.com,Female,48,India,Chennai,Beauty,Hair Dryer,1,48,0.05,45.6,Credit Card,2026-07-01,2026-07-05,Cancelled,4
ORD-00779,Samuel Williams,samuel.williams238@example.com,Female,46,Tanzania,Mwanza,Electronics,USB-C Charger,1,22,0,22,PayPal,2026-05-04,2026-05-06,Processing,5
ORD-00780,Victor Wanjiku,victor.wanjiku86@example.com,Female,27,Nigeria,Lagos,Fashion,Denim Jacket,3,62,0.15,158.1,Mobile Money,2026-04-30,2026-05-04,Processing,1
ORD-00781,Esther Patel,esther.patel6@example.com,Male,35,Tanzania,Dar es Salaam,Electronics,Bluetooth Speaker,2,65,0.2,104.0,Mobile Money,2026-07-30,2026-08-07,Processing,5
ORD-00782,David Khan,david.khan108@example.com,Male,45,South Africa,Durban,Beauty,Makeup Kit,2,52,0.2,83.2,Credit Card,2026-01-20,2026-01-23,Shipped,4
ORD-00783,Mary Khan,mary.khan435@example.com,Male,49,Nigeria,Abuja,Fashion,Handbag,3,55,0,165,Bank Transfer,2026-06-22,2026-06-30,Returned,2
ORD-00784,Daniel Okafor,daniel.okafor331@example.com,Female,57,Kenya,Kisumu,Electronics,USB-C Charger,25,22,0.25,412.5,PayPal,2026-08-01,2026-08-04,Returned,2
ORD-00785,Brian Otieno,brian.otieno537@example.com,Female,63,India,Bangalore,Home Appliances,Microwave Oven,2,180,0.1,324.0,Debit Card,2025-01-11,2025-01-17,Shipped,4
ORD-00786,Michael Akinyi,michael.akinyi97@example.com,Female,21,Kenya,Kisumu,Fashion,Denim Jacket,2,62,0.2,99.2,Bank Transfer,2025-06-10,2025-06-12,Returned,3
ORD-00787,Victor Brown,victor.brown314@example.com,Female,41,Tanzania,Mwanza,Electronics,Smartphone X12,1,699,0.15,594.15,Cash on Delivery,2025-09-18,2025-09-22,Shipped,1
ORD-00788,James Mensah,james.mensah661@example.com,Female,67,South Africa,Durban,Fashion,Cotton T-Shirt,2,18,0.05,34.2,Bank Transfer,2025-12-05,2025-12-10,Returned,4
ORD-00789,David Khan,david.khan823@example.com,Male,57,United States,Chicago,Fashion,Sneakers,3,75,0.05,213.75,Credit Card,2025-05-27,2025-05-30,Processing,4
ORD-00790,Lucy Okafor,lucy.okafor779@example.com,Male,25,Kenya,Mombasa,Beauty,Lipstick,2,16,0.1,28.8,Mobile Money,2026-07-28,2026-08-04,Cancelled,4
ORD-00791,Daniel Brown,daniel.brown147@example.com,Female,45,United Kingdom,Manchester,Electronics,Smart Watch,3,120,0.05,342.0,Credit Card,2026-05-17,2026-05-22,Returned,5
ORD-00792,Jane Brown,jane.brown435@example.com,Male,31,Tanzania,Dar es Salaam,Electronics,Gaming Mouse,1,38,0.15,32.3,Bank Transfer,2026-01-27,2026-02-02,Delivered,2
ORD-00793,Grace Khan,grace.khan378@example.com,Male,34,Tanzania,Mwanza,Fashion,Sneakers,2,75,0.1,135.0,PayPal,2025-10-07,2025-10-08,Cancelled,5
ORD-00794,Linda Mensah,linda.mensah648@example.com,Female,47,Uganda,Entebbe,Electronics,Smart Watch,3,120,0.25,270.0,Bank Transfer,2025-06-27,2025-07-05,Returned,5
ORD-00795,Aisha Patel,aisha.patel872@example.com,Male,26,Kenya,Kisumu,Electronics,Smart Watch,4,120,0.05,456.0,Mobile Money,2026-03-06,2026-03-08,Delivered,1
ORD-00796,Peter Patel,peter.patel689@example.com,Male,38,United Kingdom,Manchester,Fashion,Running Shorts,2,28,0,56,Credit Card,2026-08-24,2026-08-30,Cancelled,5
ORD-00797,David Otieno,david.otieno455@example.com,Female,20,Kenya,Nairobi,Fashion,Hoodie,1,42,0.1,37.8,Bank Transfer,2025-07-23,2025-07-30,Delivered,2
ORD-00798,David Mensah,david.mensah953@example.com,Male,47,United Kingdom,Manchester,Electronics,Bluetooth Speaker,2,65,0.25,97.5,Bank Transfer,2025-04-30,2025-05-02,Delivered,2
ORD-00799,Michael Kamau,michael.kamau899@example.com,Male,64,India,Mumbai,Fashion,Sneakers,1,75,0.1,67.5,Bank Transfer,2025-11-12,2025-11-16,Shipped,5
ORD-00800,Esther Wanjiku,esther.wanjiku856@example.com,Female,30,Rwanda,Butare,Fashion,Cotton T-Shirt,1,18,0.1,16.2,PayPal,2025-07-24,2025-07-27,Cancelled,3
ORD-00801,Michael Patel,michael.patel647@example.com,Male,61,United States,Houston,Home Appliances,Blender,3,58,0.2,139.2,Cash on Delivery,2025-02-07,2025-02-14,Returned,2
ORD-00802,Sarah Patel,sarah.patel761@example.com,Female,68,Rwanda,Butare,Home Appliances,Electric Kettle,1,35,0.2,28.0,Debit Card,2025-04-03,2025-04-07,Cancelled,3
ORD-00803,Peter Akinyi,peter.akinyi578@example.com,Male,42,Nigeria,Kano,Fashion,Handbag,1,55,0.2,44.0,PayPal,2025-11-27,2025-11-29,Delivered,5
ORD-00804,Jane Mwangi,jane.mwangi167@example.com,Male,47,United States,Houston,Home Appliances,Coffee Maker,4,85,0.05,323.0,Cash on Delivery,2025-01-23,2025-01-31,Cancelled,4
ORD-00805,Mercy Akinyi,mercy.akinyi495@example.com,Female,61,Rwanda,Butare,Beauty,Perfume,1,70,0.1,63.0,Cash on Delivery,2025-11-04,2025-11-05,Delivered,2
ORD-00806,Aisha Khan,aisha.khan308@example.com,Male,56,Uganda,Jinja,Beauty,Body Lotion,1,19,0.2,15.2,Bank Transfer,2026-08-05,2026-08-08,Processing,2
ORD-00807,Samuel Otieno,samuel.otieno472@example.com,Male,18,Kenya,Nairobi,Home Appliances,Electric Kettle,3,35,0.15,89.25,PayPal,2025-07-25,2025-07-28,Delivered,3
ORD-00808,Sarah Patel,sarah.patel795@example.com,Male,41,South Africa,Pretoria,Electronics,Laptop Pro 14,1,1150,0.25,862.5,Credit Card,2026-05-04,2026-05-07,Cancelled,3
ORD-00809,Faith Williams,faith.williams939@example.com,Female,24,Rwanda,Kigali,Beauty,Makeup Kit,1,52,0.15,44.2,Debit Card,2025-05-12,2025-05-18,Cancelled,4
ORD-00810,Jane Njoroge,jane.njoroge686@example.com,Male,65,Uganda,Jinja,Beauty,Body Lotion,1,19,0,19,Debit Card,2025-08-16,2025-08-19,Processing,4
ORD-00811,Linda Wanjiku,linda.wanjiku46@example.com,Female,31,United Kingdom,London,Beauty,Face Cream,2,24,0.05,45.6,Mobile Money,2026-03-22,2026-03-24,Shipped,3
ORD-00812,Daniel Kiptoo,daniel.kiptoo184@example.com,Female,28,Uganda,Entebbe,Beauty,Makeup Kit,3,52,0,156,Credit Card,2026-06-14,2026-06-16,Processing,4
ORD-00813,James Kiptoo,james.kiptoo703@example.com,Male,47,Nigeria,Port Harcourt,Electronics,Smartphone X12,1,699,0.2,559.2,Credit Card,2026-05-13,2026-05-20,Processing,4
ORD-00814,Peter Patel,peter.patel548@example.com,Male,41,Nigeria,Kano,Beauty,Body Lotion,1,19,0.15,16.15,Mobile Money,2025-07-03,2025-07-10,Delivered,5
ORD-00815,Michael Kiptoo,michael.kiptoo50@example.com,Female,47,Tanzania,Mwanza,Home Appliances,Electric Kettle,2,35,0.2,56.0,Mobile Money,2025-02-10,2025-02-12,Cancelled,4
ORD-00816,John Okafor,john.okafor274@example.com,Female,29,India,Bangalore,Home Appliances,Microwave Oven,1,180,0.1,162.0,Mobile Money,2026-01-01,2026-01-08,Processing,1
ORD-00817,Samuel Wanjiku,samuel.wanjiku180@example.com,Male,23,Kenya,Eldoret,Electronics,Bluetooth Speaker,3,65,0.2,156.0,Mobile Money,2025-05-10,2025-05-13,Cancelled,5
ORD-00818,Michael Ochieng,michael.ochieng79@example.com,Female,38,Tanzania,Arusha,Fashion,Running Shorts,3,28,0.2,67.2,Bank Transfer,2025-02-09,2025-02-12,Delivered,5
ORD-00819,Daniel Brown,daniel.brown669@example.com,Male,65,Nigeria,Ibadan,Home Appliances,Microwave Oven,1,180,0.05,171.0,Debit Card,2026-03-20,2026-03-22,Returned,4
ORD-00820,Victor Njoroge,victor.njoroge221@example.com,Female,66,Uganda,Jinja,Fashion,Running Shorts,3,28,0.1,75.6,Cash on Delivery,2025-10-09,2025-10-12,Delivered,3
ORD-00821,Esther Smith,esther.smith133@example.com,female,999,Ghana, Tamale ,Home Appliances,Air Fryer,1000,$110.00,0,143.0,cash on delivery,04-19-2026,04-25-2026,Shipped,6
ORD-00822,Samuel Mwangi,samuel.mwangi413@example.com,Male,20,Ghana,Takoradi,Beauty,Perfume,2,70,0.05,133.0,Debit Card,2026-05-14,2026-05-20,Returned,1
ORD-00823,Mercy Mensah,mercy.mensah171@example.com,Female,57,Uganda,Entebbe,Beauty,Makeup Kit,2,52,0.05,98.8,Credit Card,2026-08-02,2026-08-09,Processing,4
ORD-00824,Grace Kamau,grace.kamau406@example.com,Male,31,United States,Chicago,Beauty,Body Lotion,1,19,0.2,15.2,Debit Card,2025-04-24,2025-04-29,Cancelled,2
ORD-00825,Grace Smith,grace.smith906@example.com,Female,61,Tanzania,Dar es Salaam,Beauty,Body Lotion,1,19,0.1,17.1,Mobile Money,2026-05-30,2026-06-06,Cancelled,2
ORD-00826,Sarah Patel,sarah.patel343@example.com,Female,66,Uganda,Entebbe,Fashion,Denim Jacket,1,62,0,62,Cash on Delivery,2025-06-26,2025-06-28,Cancelled,4
ORD-00827,Mercy Okafor,mercy.okafor83@example.com,Female,56,Rwanda,Kigali,Electronics,Smart Watch,1,120,0.2,96.0,Debit Card,2025-01-24,2025-01-30,Shipped,5
ORD-00828,Samuel Okafor,samuel.okafor524@example.com,Male,30,United States,New York,Home Appliances,Air Fryer,3,110,0.25,247.5,Debit Card,2026-04-14,2026-04-20,Shipped,5
ORD-00829,Kevin Mensah,kevin.mensah473@example.com,Male,47,South Africa,Durban,Fashion,Cotton T-Shirt,1,18,0,18,Debit Card,2026-03-31,2026-04-04,Cancelled,4
ORD-00830,David Ochieng,david.ochieng767@example.com,Female,20,Nigeria,Kano,Home Appliances,Electric Kettle,1,35,0.25,26.25,Mobile Money,2026-06-17,2026-06-25,Delivered,4
ORD-00831,Sarah Brown,sarah.brown25@example.com,Female,46,Uganda,Jinja,Electronics,Laptop Pro 14,3,1150,0.25,2587.5,Mobile Money,2025-03-03,2025-03-08,Delivered,4
ORD-00832,Brian Patel,brian.patel269@example.com,Male,66,United Kingdom,Birmingham,Beauty,Lipstick,3,16,0,48,Bank Transfer,2025-06-23,2025-06-29,Processing,4
ORD-00833,David Njoroge,david.njoroge921@example.com,Female,63,South Africa,Pretoria,Fashion,Cotton T-Shirt,1,18,0.25,13.5,PayPal,2025-09-08,2025-09-13,Cancelled,3
ORD-00834,Brian Okafor,brian.okafor296@example.com,Male,19,United States,Houston,Home Appliances,Vacuum Cleaner,1,145,0.05,137.75,PayPal,2026-01-15,2026-01-21,Processing,5
ORD-00835,Brian Brown,brian.brown825@example.com,Male,62,Ghana,Tamale,Beauty,Makeup Kit,1,52,0.1,46.8,Mobile Money,2025-05-31,2025-06-05,Processing,4
ORD-00836,Jane Brown,jane.brown521@example.com,Female,65,Kenya,Mombasa,Home Appliances,Electric Kettle,2,35,0.1,63.0,Bank Transfer,2026-05-04,2026-05-07,Shipped,3
ORD-00837,Aisha Patel,aisha.patel538@example.com,Male,48,United Kingdom,Manchester,Home Appliances,Microwave Oven,3,180,0.15,459.0,Bank Transfer,2026-05-11,2026-05-18,Delivered,1
ORD-00838,Grace Smith,grace.smith202@example.com,Female,40,Uganda,Kampala,Fashion,Denim Jacket,1,62,0.25,46.5,Bank Transfer,2026-04-16,2026-04-17,Returned,4
ORD-00839,James Kamau,james.kamau278@example.com,Male,53,South Africa,Durban,Electronics,USB-C Charger,2,22,0.1,39.6,Cash on Delivery,2025-02-27,2025-03-07,Shipped,5
ORD-00840,Mary Mensah,mary.mensah273@example.com,Female,53,Ghana,Kumasi,Fashion,Running Shorts,2,28,0.05,53.2,Credit Card,2025-04-04,2025-04-08,Shipped,5
ORD-00841,Linda Njoroge,linda.njoroge101@example.com,Male,52,Kenya,Mombasa,Fashion,Denim Jacket,2,62,0.2,99.2,Mobile Money,2025-11-23,2025-11-25,Delivered,2
ORD-00842,Linda Mwangi,linda.mwangi583@example.com,Female,18,United States,Chicago,Electronics,Smart Watch,2,120,0.2,192.0,Bank Transfer,2025-04-25,2025-05-03,Shipped,4
ORD-00843,Daniel Njoroge,daniel.njoroge647@example.com,Female,29,India,Chennai,Electronics,Bluetooth Speaker,3,65,0.2,156.0,PayPal,2026-06-04,2026-06-12,Processing,5
ORD-00844,Lucy Smith,lucy.smith451@example.com,Male,25,United Kingdom,London,Home Appliances,Blender,2,58,0.2,92.8,Cash on Delivery,2026-05-15,2026-05-16,Cancelled,3
ORD-00845,Peter Smith,peter.smith704@example.com,Male,52,Ghana,Accra,Beauty,Makeup Kit,1,52,0.15,44.2,Debit Card,2025-07-18,2025-07-20,Shipped,4
ORD-00846,Kevin Mensah,kevin.mensah689@example.com,Female,27,Uganda,Entebbe,Beauty,Face Cream,2,24,0.2,38.4,Mobile Money,2025-06-10,2025-06-14,Shipped,4
ORD-00847,Mercy Williams,mercy.williams427@example.com,Female,67,India,Delhi,Home Appliances,Vacuum Cleaner,10,145,0.25,1087.5,PayPal,2025-08-23,2025-08-28,Processing,4
ORD-00848,Esther Mensah,esther.mensah403@example.com,Female,66,Tanzania,Mwanza,Home Appliances,Coffee Maker,1,85,0.1,76.5,Mobile Money,2025-01-06,2025-01-13,Processing,1
ORD-00849,Kevin Smith,kevin.smith734@example.com,Female,34,Ghana,Takoradi,Home Appliances,Air Fryer,3,110,0.05,313.5,Mobile Money,2026-01-18,2026-01-19,Cancelled,3
ORD-00850,Daniel Kamau,daniel.kamau77@example.com,Male,33,United Kingdom,Birmingham,Fashion,Denim Jacket,2,62,0.15,105.4,Cash on Delivery,2025-11-30,2025-12-08,Cancelled,5
ORD-00851,Victor Kiptoo,victor.kiptoo61@example.com,Male,24,Kenya,Nakuru,Beauty,Perfume,1,70,0.2,56.0,PayPal,2025-12-17,2025-12-22,Cancelled,5
ORD-00852,Esther Patel,esther.patel156@example.com,Female,27,Nigeria,Port Harcourt,Fashion,Running Shorts,1,28,0.25,21.0,Credit Card,2026-08-11,2026-08-15,Cancelled,5
ORD-00853,Peter Patel,peter.patel370@example.com,Female,67,India,Bangalore,Home Appliances,Coffee Maker,1,85,0,85,Mobile Money,2025-08-08,2025-08-11,Shipped,3
ORD-00854,Brian Kamau,brian.kamau658@example.com,Female,44,Tanzania,Dar es Salaam,Home Appliances,Blender,2,58,0,116,Credit Card,2026-02-10,2026-02-18,Returned,4
ORD-00855,James Patel,james.patel818@example.com,Female,38,United Kingdom,Manchester,Electronics,Smart Watch,1,120,0,120,Credit Card,2025-10-17,2025-10-23,Delivered,5
ORD-00856,Victor Khan,victor.khan480@example.com,Male,57,United Kingdom,London,Fashion,Hoodie,3,42,0,126,PayPal,2025-03-16,2025-03-23,Cancelled,4
ORD-00857,Michael Okafor,michael.okafor800@example.com,Female,62,Ghana,Tamale,Electronics,Smartphone X12,2,699,0.1,1258.2,PayPal,2025-01-22,2025-01-29,Delivered,5
ORD-00858,Daniel Patel,daniel.patel229@example.com,Female,55,Rwanda,Kigali,Electronics,Smartphone X12,1,699,0.05,664.05,Bank Transfer,2026-06-30,2026-07-08,Shipped,5
ORD-00859,Lucy Otieno,lucy.otieno104@example.com,Male,19,India,Bangalore,Fashion,Denim Jacket,3,62,0.05,176.7,PayPal,2025-05-11,2025-05-17,Processing,1
ORD-00860,Faith Khan,faith.khan942@example.com,Female,31,South Africa, CAPE TOWN ,Home Appliances,Electric Kettle,1,$35.00,10%,6.3,credit card,28/01/2025,31/01/2025,Cancelled,4
ORD-00861,Peter Kiptoo,peter.kiptoo196@example.com,Male,31,Ghana,Kumasi,Electronics,USB-C Charger,3,22,0.1,59.4,PayPal,2026-06-04,2026-06-10,Returned,4
ORD-00862,Grace Akinyi,grace.akinyi370@example.com,Male,37,United States,New York,Electronics,USB-C Charger,3,22,0.15,56.1,Bank Transfer,2026-03-21,2026-03-26,Delivered,2
ORD-00863,Mary Otieno,mary.otieno868@example.com,Male,33,Rwanda,Butare,Electronics,Bluetooth Speaker,2,65,0.1,117.0,Cash on Delivery,2026-08-02,2026-08-03,Shipped,2
ORD-00864,Lucy Akinyi,lucy.akinyi633@example.com,Male,44,United States,New York,Electronics,Smart Watch,3,120,0.25,270.0,Cash on Delivery,2026-03-06,2026-03-09,Shipped,2
ORD-00865,Kevin Mwangi,kevin.mwangi414@example.com,Female,58,Ghana, TAMALE ,Electronics,Gaming Mouse,1,KSh 38,15%,6.46,Credit Card,29/09/2025,05/10/2025,Processing,1
ORD-00866,Linda Njoroge,linda.njoroge426@example.com,Female,52,Tanzania,Dar es Salaam,Electronics,USB-C Charger,10,22,0,220,Mobile Money,2025-05-18,2025-05-19,Cancelled,3
ORD-00867,Grace Njoroge,grace.njoroge505@example.com,Male,65,Uganda,Kampala,Home Appliances,Coffee Maker,2,85,0.2,136.0,Debit Card,2025-05-09,2025-05-13,Shipped,5
ORD-00868,Faith Wanjiku,faith.wanjiku257@example.com,Female,29,Nigeria,Lagos,Beauty,Hair Dryer,4,48,0,192,Cash on Delivery,2025-12-03,2025-12-11,Returned,5
ORD-00869,Victor Brown,victor.brown958@example.com,Female,20,Uganda,Kampala,Home Appliances,Microwave Oven,1,180,0.05,171.0,Credit Card,2025-02-19,2025-02-23,Shipped,2
ORD-00870,Linda Patel,linda.patel353@example.com,Female,30,South Africa,Cape Town,Beauty,Hair Dryer,1,48,0.15,40.8,Cash on Delivery,2026-04-08,2026-04-12,Processing,4
ORD-00871,Daniel Akinyi,daniel.akinyi827@example.com,Female,49,Nigeria,Ibadan,Home Appliances,Blender,25,58,0.05,1377.5,Cash on Delivery,2025-04-09,2025-04-15,Processing,4
ORD-00872,Michael Patel,michael.patel114@example.com,Female,25,Tanzania,Arusha,Electronics,Smart Watch,1,120,0.05,114.0,Mobile Money,2025-05-10,2025-05-16,Cancelled,3
ORD-00873,Kevin Otieno,kevin.otieno861@example.com,Male,61,Nigeria,Kano,Fashion,Handbag,3,55,0.2,132.0,Bank Transfer,2025-01-18,2025-01-22,Processing,5
ORD-00874,Aisha Akinyi,aisha.akinyi163@example.com,Male,24,Ghana,Accra,Home Appliances,Vacuum Cleaner,1,145,0.2,116.0,Cash on Delivery,2025-08-20,2025-08-23,Cancelled,5
ORD-00875,Esther Khan,esther.khan488@example.com,Female,47,Uganda,Kampala,Beauty,Hair Dryer,1,48,0.2,38.4,Credit Card,2025-05-20,2025-05-25,Processing,1
ORD-00876,Brian Njoroge,brian.njoroge843@example.com,Male,28,Uganda,Kampala,Electronics,Wireless Headphones,3,45,0.05,128.25,Mobile Money,2026-02-05,2026-02-08,Cancelled,5
ORD-00877,Brian Khan,brian.khan412@example.com,Male,25,South Africa,Durban,Electronics,Smartphone X12,5,699,0.1,3145.5,Bank Transfer,2025-07-30,2025-08-07,Processing,2
ORD-00878,Mercy Njoroge,mercy.njoroge238@example.com,Female,60,Kenya,Nairobi,Home Appliances,Vacuum Cleaner,1,145,0.25,108.75,Bank Transfer,2025-11-02,2025-11-04,Returned,5
ORD-00879,Grace Smith,grace.smith478@example.com,Male,45,Nigeria,Ibadan,Home Appliances,Air Fryer,1,110,0.1,99.0,Cash on Delivery,2026-05-14,2026-05-19,Delivered,2
ORD-00880,Esther Kiptoo,esther.kiptoo59@example.com,Male,58,India,Bangalore,Fashion,Running Shorts,2,28,0.25,42.0,Bank Transfer,2025-10-14,2025-10-19,Returned,3
ORD-00881,Faith Mensah,faith.mensah507@example.com,Female,32,Uganda,Entebbe,Electronics,Wireless Headphones,1,45,0.15,38.25,Bank Transfer,2025-09-30,2025-10-02,Cancelled,4
ORD-00882,Grace Mensah,grace.mensah98@example.com,Male,25,India,Chennai,Beauty,Face Cream,2,24,0.2,38.4,Mobile Money,2026-01-05,2026-01-12,Delivered,4
ORD-00883,Esther Smith,esther.smith930@example.com,Male,19,United States,Los Angeles,Electronics,USB-C Charger,3,22,0.25,49.5,Bank Transfer,2026-08-04,2026-08-07,Processing,1
ORD-00884,Jane Akinyi,jane.akinyi997@example.com,Female,33,Rwanda,Kigali,Beauty,Hair Dryer,1,48,0.25,36.0,Mobile Money,2026-04-02,2026-04-03,Processing,3
ORD-00885,Aisha Patel,aisha.patel512@example.com,Female,23,Ghana,Kumasi,Home Appliances,Coffee Maker,1,85,0.1,76.5,PayPal,2025-12-27,2025-12-31,Delivered,3
ORD-00886,Samuel Wanjiku,samuel.wanjiku272@example.com,Female,63,Nigeria,Port Harcourt,Home Appliances,Vacuum Cleaner,2,145,0.05,275.5,Mobile Money,2025-12-26,2026-01-01,Processing,4
ORD-00887,James Brown,james.brown658@example.com,Female,53,Ghana,Tamale,Electronics,Wireless Headphones,1,45,0.1,40.5,Cash on Delivery,2026-07-28,2026-07-31,Delivered,4
ORD-00888,Sarah Akinyi,sarah.akinyi407@example.com,Female,26,Nigeria,Kano,Beauty,Hair Dryer,1,48,0.1,43.2,Cash on Delivery,2025-04-17,2025-04-22,Delivered,5
ORD-00889,Daniel Ochieng,daniel.ochieng507@example.com,Male,32,South Africa,Pretoria,Electronics,Smartphone X12,2,699,0.25,1048.5,Bank Transfer,2025-09-09,2025-09-13,Shipped,4
ORD-00890,Esther Okafor,esther.okafor565@example.com,Male,54,Uganda,Kampala,Electronics,Gaming Mouse,2,38,0.15,64.6,Cash on Delivery,2026-02-27,2026-03-02,Returned,4
ORD-00891,Daniel Kiptoo,daniel.kiptoo380@example.com,Male,41,India,Chennai,Home Appliances,Coffee Maker,3,85,0.1,229.5,Bank Transfer,2025-11-24,2025-11-30,Shipped,1
ORD-00892,Linda Okafor,linda.okafor322@example.com,Male,24,South Africa,Cape Town,Electronics,Gaming Mouse,10,38,0.25,285.0,PayPal,2025-12-23,2025-12-27,Returned,4
ORD-00893,John Okafor,john.okafor460@example.com,Male,53,United States,Los Angeles,Beauty,Body Lotion,1,19,0.05,18.05,Bank Transfer,2025-12-22,2025-12-30,Shipped,4
ORD-00894,John Brown,john.brown613@example.com,Female,49,Tanzania,Dar es Salaam,Home Appliances,Vacuum Cleaner,1,145,0.25,108.75,Bank Transfer,2025-05-17,2025-05-24,Cancelled,2
ORD-00895,Esther Otieno,esther.otieno785@example.com,Female,52,Uganda,Entebbe,Fashion,Hoodie,3,42,0.2,100.8,PayPal,2025-01-07,2025-01-08,Returned,5
ORD-00896,Kevin Wanjiku,kevin.wanjiku616@example.com,Male,67,Nigeria,Kano,Electronics,Smart Watch,1,120,0.05,114.0,Mobile Money,2025-07-05,2025-07-06,Delivered,5
ORD-00897,Brian Patel,brian.patel352@example.com,Male,29,Nigeria,Port Harcourt,Beauty,Lipstick,1,16,0.15,13.6,Bank Transfer,2025-11-15,2025-11-21,Cancelled,2
ORD-00898,Jane Smith,jane.smith649@example.com,Female,23,United States,New York,Fashion,Cotton T-Shirt,1,18,0.05,17.1,PayPal,2026-04-08,2026-04-10,Delivered,5
ORD-00899,John Okafor,john.okafor13@example.com,Female,18,Kenya,Eldoret,Electronics,Laptop Pro 14,1,1150,0.05,1092.5,Cash on Delivery,2026-01-29,2026-02-03,Returned,1
ORD-00900,Sarah Wanjiku,sarah.wanjiku354@example.com,Male,24,Nigeria,Abuja,Fashion,Running Shorts,2,28,0.05,53.2,Bank Transfer,2026-01-19,2026-01-22,Shipped,4
ORD-00901,Lucy Khan,lucy.khan299@example.com,Female,24,United States,New York,Electronics,Smart Watch,4,120,0,480,Mobile Money,2025-07-04,2025-07-07,Shipped,1
ORD-00902,Michael Kamau,michael.kamau685@example.com,Male,53,India,Bangalore,Beauty,Makeup Kit,2,52,0.15,88.4,Debit Card,2025-12-13,2025-12-17,Shipped,3
ORD-00903,Victor Kamau,victor.kamau869@example.com,Male,51,United States,Chicago,Beauty,Face Cream,1,24,0.15,20.4,Cash on Delivery,2025-11-25,2025-12-02,Shipped,4
ORD-00904,Samuel Kiptoo,samuel.kiptoo387@example.com,Female,23,Ghana,Takoradi,Fashion,Cotton T-Shirt,5,18,0.15,76.5,PayPal,2025-01-25,2025-02-02,Returned,1
ORD-00905,Mary Okafor,mary.okafor852@example.com,Male,20,Rwanda,Butare,Beauty,Hair Dryer,3,48,0.25,108.0,Bank Transfer,2025-04-02,2025-04-07,Returned,5
ORD-00906,Samuel Wanjiku,samuel.wanjiku361@example.com,Male,52,Tanzania,Mwanza,Electronics,Smart Watch,1,120,0.1,108.0,PayPal,2026-03-21,2026-03-24,Delivered,5
ORD-00907,Kevin Njoroge,kevin.njoroge212@example.com,Male,54,Nigeria,Port Harcourt,Fashion,Denim Jacket,2,62,0,124,Bank Transfer,2025-02-16,2025-02-23,Delivered,2
ORD-00908,Jane Khan,jane.khan858@example.com,Male,43,Kenya,Mombasa,Home Appliances,Electric Kettle,10,35,0.05,332.5,Debit Card,2025-06-09,2025-06-12,Returned,5
ORD-00909,Esther Brown,esther.brown11@example.com,Female,44,Rwanda,Butare,Fashion,Running Shorts,3,28,0.1,75.6,Debit Card,2026-01-22,2026-01-27,Cancelled,4
ORD-00910,Faith Kamau,faith.kamau653@example.com,Male,25,Kenya,Nakuru,Electronics,Laptop Pro 14,3,1150,0.05,3277.5,Debit Card,2025-06-12,2025-06-20,Returned,1
ORD-00911,Victor Mwangi,victor.mwangi112@example.com,Male,66,Uganda,Jinja,Beauty,Hair Dryer,2,48,0.1,86.4,Cash on Delivery,2026-02-09,2026-02-13,Cancelled,1
ORD-00912,Mary Patel,mary.patel398@example.com,Male,29,United Kingdom,London,Beauty,Lipstick,1,16,0.05,15.2,Cash on Delivery,2025-03-11,2025-03-15,Processing,4
ORD-00913,Kevin Brown,kevin.brown326@example.com,Male,20,Ghana,Takoradi,Electronics,Laptop Pro 14,4,1150,0.05,4370.0,PayPal,2025-06-06,2025-06-12,Shipped,4
ORD-00914,James Kamau,james.kamau231@example.com,Male,29,South Africa,Johannesburg,Beauty,Lipstick,1,16,0.1,14.4,Mobile Money,2025-12-10,2025-12-18,Delivered,1
ORD-00915,Mary Kamau,mary.kamau702@example.com,Female,22,India,Bangalore,Fashion,Denim Jacket,2,62,0.1,111.6,Bank Transfer,2026-06-15,2026-06-16,Shipped,5
ORD-00916,Faith Ochieng,faith.ochieng391@example.com,Male,18,Tanzania,Arusha,Electronics,Smartphone X12,4,699,0.25,2097.0,Debit Card,2026-02-01,2026-02-03,Delivered,4
ORD-00917,Mercy Kiptoo,mercy.kiptoo461@example.com,Male,65,Nigeria,Lagos,Beauty,Body Lotion,2,19,0.1,34.2,Bank Transfer,2026-05-18,2026-05-23,Cancelled,3
ORD-00918,Aisha Kiptoo,aisha.kiptoo264@example.com,Female,28,Ghana,Takoradi,Home Appliances,Electric Kettle,1,35,0.25,26.25,PayPal,2025-01-22,2025-01-29,Shipped,4
ORD-00919,Kevin Kiptoo,kevin.kiptoo432@example.com,Female,44,Rwanda,Kigali,Beauty,Perfume,3,70,0.1,189.0,Mobile Money,2026-04-09,2026-04-17,Processing,4
ORD-00920,Victor Wanjiku,victor.wanjiku971@example.com,Female,64,Rwanda,Kigali,Fashion,Denim Jacket,1,62,0.05,58.9,Bank Transfer,2026-04-20,2026-04-27,Processing,3
ORD-00921,Mercy Kiptoo,mercy.kiptoo53@example.com,Male,30,Ghana,Takoradi,Electronics,Smart Watch,2,120,0.1,216.0,Mobile Money,2025-12-12,2025-12-15,Returned,5
ORD-00922,Daniel Brown,daniel.brown697@example.com,Male,54,United States,New York,Fashion,Handbag,2,55,0.05,104.5,Mobile Money,2026-02-16,2026-02-20,Processing,2
ORD-00923,James Brown,james.brown644@example.com,Male,20,Ghana,Takoradi,Home Appliances,Vacuum Cleaner,4,145,0.2,464.0,Credit Card,2025-03-08,2025-03-10,Delivered,1
ORD-00924,Lucy Patel,lucy.patel68@example.com,Female,41,Nigeria,Ibadan,Home Appliances,Electric Kettle,3,35,0.05,99.75,PayPal,2026-08-21,2026-08-29,Shipped,4
ORD-00925,Sarah Khan,sarah.khan634@example.com,Male,44,Nigeria,Kano,Fashion,Denim Jacket,1,62,0,62,PayPal,2026-07-30,2026-08-07,Shipped,5
ORD-00926,Linda Kiptoo,linda.kiptoo489@example.com,Male,28,Ghana,Takoradi,Electronics,Gaming Mouse,1,38,0.15,32.3,Cash on Delivery,2026-08-24,2026-08-30,Returned,4
ORD-00927,David Otieno,david.otieno139@example.com,Female,57,Kenya,Nakuru,Home Appliances,Blender,10,58,0.1,522.0,Bank Transfer,2026-02-08,2026-02-11,Shipped,1
ORD-00928,John Mensah,john.mensah913@example.com,Female,55,Tanzania,Arusha,Electronics,Bluetooth Speaker,2,65,0.15,110.5,PayPal,2025-06-23,2025-06-29,Shipped,4
ORD-00929,Faith Brown,faith.brown314@example.com,Female,34,United Kingdom,London,Beauty,Hair Dryer,4,48,0,192,PayPal,2026-03-20,2026-03-26,Cancelled,1
ORD-00930,John Brown,john.brown588@example.com,Female,19,Tanzania,mwanza,Electronics,Smartphone X12,4,699,0.2,2236.8,Mobile Money,2026-01-25,2026-01-29,Cancelled,4
ORD-00931,Lindaa Mwangi,linda.mwangi274@example.com,Female,,TANZANIA, Dar es Salaam ,home appliances,Coffee Maker,1000,$85.00,0.05,16.15,M-Pesa,28/03/2025,03/04/2025,Delivered,4
ORD-00932,Mary Brown,mary.brown143@example.com,Male,30,India,Chennai,Home Appliances,Coffee Maker,1,85,0,85,Credit Card,2025-07-10,2025-07-12,Delivered,5
ORD-00933,James Wanjiku,james.wanjiku488@example.com,Male,70,South Africa,Cape Town,Electronics,Laptop Pro 14,1,1150,0.1,1035.0,PayPal,2026-05-23,2026-05-26,Returned,4
ORD-00934,Kevin Mwangi,kevin.mwangi148@example.com,Male,52,Kenya,Nakuru,Fashion,Hoodie,1,42,0.05,39.9,Debit Card,2025-05-07,2025-05-09,Processing,2
ORD-00935,Mercy Kiptoo,mercy.kiptoo519@example.com,Female,58,South Africa,Cape Town,Beauty,Makeup Kit,3,52,0.1,140.4,PayPal,2025-08-12,2025-08-19,Shipped,3
ORD-00936,Jane Khan,jane.khan751@example.com,Female,21,Uganda,Entebbe,Fashion,Sneakers,1,75,0.15,63.75,Bank Transfer,2025-03-23,2025-03-31,Delivered,1
ORD-00937,Michael Akinyi,michael.akinyi761@example.com,Female,69,Tanzania,Mwanza,Electronics,Smart Watch,1,120,0.1,108.0,Mobile Money,2026-01-15,2026-01-23,Processing,3
ORD-00938,Michael Khan,michael.khan473@example.com,Female,38,South Africa,Cape Town,Fashion,Sneakers,2,75,0.15,127.5,Debit Card,2026-04-20,2026-04-28,Shipped,4
ORD-00939,Samuel Patel,samuel.patel648@example.com,Female,27,Rwanda,Butare,Electronics,Gaming Mouse,1,38,0.1,34.2,Bank Transfer,2026-01-10,2026-01-11,Shipped,4
ORD-00940,Daniel Akinyi,daniel.akinyi203@example.com,Female,19,Ghana,Kumasi,Electronics,Wireless Headphones,1,45,0.05,42.75,Cash on Delivery,2026-02-06,2026-02-09,Processing,3
ORD-00941,Linda Smith,linda.smith62@example.com,Male,40,United States,Los Angeles,Beauty,Lipstick,5,16,0.05,76.0,Mobile Money,2025-03-10,2025-03-16,Returned,5
ORD-00942,Aisha Akinyi,aisha.akinyi646@example.com,Female,37,South Africa,Pretoria,Fashion,Handbag,2,55,0.1,99.0,PayPal,2025-05-05,2025-05-08,Processing,5
ORD-00943,Esther Wanjiku,esther.wanjiku215@example.com,Male,38,Ghana,Tamale,Beauty,Face Cream,1,24,0.1,21.6,PayPal,2025-11-17,2025-11-25,Returned,4
ORD-00944,Victor Khan,victor.khan235@example.com,Male,63,Tanzania,Mwanza,Fashion,Denim Jacket,5,62,0.25,232.5,Mobile Money,2025-09-13,2025-09-21,Delivered,5
ORD-00945,Linda Njoroge,linda.njoroge618@example.com,Female,64,Nigeria,Port Harcourt,Fashion,Hoodie,1,42,0.2,33.6,Debit Card,2025-03-10,2025-03-18,Processing,4
ORD-00946,Peter Akinyi,peter.akinyi845@example.com,Female,57,Tanzania,Dar es Salaam,Beauty,Perfume,1,70,0,70,PayPal,2026-07-30,2026-08-02,Processing,4
ORD-00947,Mercy Kamau,mercy.kamau303@example.com,Male,64,Tanzania,Mwanza,Fashion,Running Shorts,1,28,0.2,22.4,Mobile Money,2025-07-19,2025-07-24,Cancelled,2
ORD-00948,John Smith,john.smith660@example.com,Female,66,Kenya,Kisumu,Home Appliances,Electric Kettle,1,35,0,35,Debit Card,2025-03-22,2025-03-28,Cancelled,4
ORD-00949,Michael Mwangi,michael.mwangi203@example.com,Female,63,United Kingdom,London,Beauty,Hair Dryer,1,48,0.1,43.2,Debit Card,2025-10-19,2025-10-22,Processing,5
ORD-00950,Peter Patel,peter.patel738@example.com,Male,42,Nigeria,Lagos,Home Appliances,Vacuum Cleaner,2,145,0.05,275.5,Debit Card,2026-03-21,2026-03-27,Processing,4
ORD-00951,James Ochieng,james.ochieng741@example.com,Male,63,Kenya,Kisumu,Home Appliances,Vacuum Cleaner,3,145,0,435,Debit Card,2026-05-24,2026-05-26,Shipped,1
ORD-00952,Peter Kamau,peter.kamau423@example.com,Male,39,Ghana,Kumasi,Electronics,Gaming Mouse,1,38,0.1,34.2,Credit Card,2026-05-20,2026-05-27,Returned,5
ORD-00953,Graace Williams,grace.williams934@example.com,Male,34,rwanda, Kigali ,,Gaming Mouse,1,38,0.05,46.93,Bank transfer,2025.09.03,2025.09.04,Returned,5
ORD-00954,Kevin Wanjiku,kevin.wanjiku597@example.com,Male,49,Kenya,Nakuru,Electronics,Wireless Headphones,1,45,0,45,PayPal,2025-12-24,2025-12-26,Returned,5
ORD-00955,Mercy Mwangi,mercy.mwangi273@example.com,Female,53,Ghana,Takoradi,Fashion,Denim Jacket,2,62,0.25,93.0,Debit Card,2026-06-08,2026-06-15,Returned,2
ORD-00956,Michael Ochieng,michael.ochieng457@example.com,Female,56,South Africa,Durban,Home Appliances,Microwave Oven,1,180,0.1,162.0,Credit Card,2025-07-29,2025-08-01,Cancelled,1
ORD-00957,Lucy Akinyi,lucy.akinyi475@example.com,Male,21,South Africa,Cape Town,Home Appliances,Coffee Maker,2,85,0.2,136.0,Cash on Delivery,2026-08-04,2026-08-09,Delivered,2
ORD-00958,Samuel Brown,samuel.brown336@example.com,Female,47,South Africa,Cape Town,Home Appliances,Electric Kettle,2,35,0.25,52.5,Cash on Delivery,2025-06-19,2025-06-27,Returned,4
ORD-00959,Mary Patel,mary.patel12@example.com,Male,35,South Africa,Johannesburg,Electronics,Wireless Headphones,3,45,0.2,108.0,Bank Transfer,2025-11-07,2025-11-15,Returned,4
ORD-00960,Jane Kamau,jane.kamau287@example.com,Male,44,Nigeria,Lagos,Home Appliances,Electric Kettle,2,35,0.15,59.5,PayPal,2025-11-01,2025-11-02,Shipped,1
ORD-00961,David Brown,david.brown241@example.com,Female,47,South Africa,Johannesburg,Electronics,USB-C Charger,1,22,0,22,Cash on Delivery,2025-10-04,2025-10-05,Cancelled,5
ORD-00962,Mary Njoroge,mary.njoroge443@example.com,Female,47,Ghana,Kumasi,Electronics,USB-C Charger,2,22,0,44,Credit Card,2025-06-29,2025-06-30,Delivered,5
ORD-00963,John Smith,john.smith279@example.com,Male,30,Uganda,Jinja,Home Appliances,Coffee Maker,2,85,0.1,153.0,Credit Card,2026-04-04,2026-04-05,Returned,5
ORD-00964,Lucy Akinyi,lucy.akinyi91@example.com,Female,56,Rwanda,Butare,Fashion,Running Shorts,3,28,0,84,Debit Card,2026-04-13,2026-04-21,Processing,5
ORD-00965,Esther Otieno,esther.otieno595@example.com,Female,43,Tanzania,Mwanza,Fashion,Cotton T-Shirt,3,18,0.1,48.6,PayPal,2026-04-24,2026-04-30,Shipped,4
ORD-00966,Brian Akinyi,brian.akinyi947@example.com,Female,40,United States,Los Angeles,Home Appliances,Microwave Oven,1,180,0.1,162.0,PayPal,2026-04-07,2026-04-10,Returned,1
,@@None!!,invalid@,,999,,,,,1 units,42,0.05,51.87,Pay Pal,2026.05.29,2026.05.30,,5 stars
ORD-00968,John Khan,john.khan813@example.com,Male,50,South Africa,Pretoria,Fashion,Running Shorts,4,28,0.05,106.4,Bank Transfer,2026-05-23,2026-05-26,Processing,1
ORD-00969,John Ochieng,john.ochieng32@example.com,Male,36,Rwanda,Butare,Fashion,Hoodie,2,42,0.05,79.8,Bank Transfer,2025-08-01,2025-08-04,Delivered,4
ORD-00970,Mercy Mwangi,mercy.mwangi352@example.com,Female,42,United States,New York,Beauty,Hair Dryer,2,48,0,96,Cash on Delivery,2025-08-02,2025-08-07,Returned,4
ORD-00971,John Mwangi,john.mwangi718@example.com,Female,48,India,Mumbai,Beauty,Face Cream,2,24,0.1,43.2,Bank Transfer,2026-07-06,2026-07-08,Returned,4
ORD-00972,David Njoroge,david.njoroge259@example.com,Male,52,Tanzania,Mwanza,Beauty,Face Cream,1,24,0.15,20.4,Bank Transfer,2025-03-26,2025-03-30,Delivered,5
ORD-00973,Michael Wanjiku,michael.wanjiku629@example.com,Male,44,Tanzania,Dar es Salaam,Beauty,Face Cream,1,24,0.2,19.2,Bank Transfer,2025-01-11,2025-01-14,Delivered,5
ORD-00974,Samuel Williams,samuel.williams948@example.com,Male,52,United States,New York,Fashion,Handbag,1,55,0.2,44.0,Cash on Delivery,2025-09-17,2025-09-19,Cancelled,5
ORD-00975,Esther Kamau,esther.kamau704@example.com,Male,27,United States,Houston,Fashion,Sneakers,1,75,0.1,67.5,Debit Card,2025-07-23,2025-07-31,Delivered,4
ORD-00976,Victor Patel,victor.patel506@example.com,Female,32,Ghana,Takoradi,Electronics,Bluetooth Speaker,1,65,0.1,58.5,Debit Card,2025-04-29,2025-05-01,Shipped,2
ORD-00977,Esther Ochieng,esther.ochieng726@example.com,Female,51,India,Mumbai,Beauty,Lipstick,1,16,0.25,12.0,Mobile Money,2026-07-11,2026-07-13,Delivered,4
ORD-00978,Jane Njoroge,jane.njoroge411@example.com,Male,50,United Kingdom,Birmingham,Beauty,Face Cream,1,24,0.1,21.6,Debit Card,2025-05-21,2025-05-23,Delivered,1
ORD-00979,Aisha Mensah,aisha.mensah424@example.com,Male,25,South Africa,Pretoria,Home Appliances,Vacuum Cleaner,1,145,0,145,PayPal,2025-08-26,2025-08-30,Shipped,2
ORD-00980,Grace Okafor,grace.okafor682@example.com,Male,35,Rwanda,Kigali,Home Appliances,Air Fryer,2,110,0,220,Debit Card,2025-11-07,2025-11-10,Cancelled,3
ORD-00981,Samuel Okafor,samuel.okafor649@example.com,Male,58,South Africa,Pretoria,Beauty,Lipstick,1,16,0.05,15.2,Cash on Delivery,2025-05-30,2025-06-02,Shipped,4
ORD-00982,Esther Patel,esther.patel641@example.com,Male,41,Nigeria,Port Harcourt,Electronics,Smart Watch,1,120,0.25,90.0,Mobile Money,2025-09-26,2025-10-03,Delivered,1
ORD-00983,Samuel Njoroge,samuel.njoroge621@example.com,Male,32,Rwanda,Kigali,Fashion,Running Shorts,2,28,0.1,50.4,Bank Transfer,2026-05-06,2026-05-13,Shipped,5
ORD-00984,Esther Kamau,esther.kamau576@example.com,Male,23,United Kingdom,Manchester,Beauty,Face Cream,1,24,0,24,Mobile Money,2025-02-10,2025-02-16,Processing,3
ORD-00985,James Njoroge,james.njoroge396@example.com,Male,66,Tanzania,Arusha,Home Appliances,Blender,3,58,0.15,147.9,Bank Transfer,2026-04-26,2026-05-02,Cancelled,1
ORD-00986,Lucy Mensah,lucy.mensah526@example.com,Female,32,United Kingdom,Birmingham,Electronics,Bluetooth Speaker,2,65,0.1,117.0,Debit Card,2025-11-28,2025-12-02,Processing,5
ORD-00987,Kevin Williams,kevin.williams628@example.com,Male,68,South Africa,Durban,Beauty,Hair Dryer,1,48,0.15,40.8,Bank Transfer,2025-10-30,2025-11-03,Processing,5
ORD-00988,Grace Brown,grace.brown741@example.com,Male,36,United Kingdom,Manchester,Fashion,Handbag,2,55,0.05,104.5,Bank Transfer,2025-07-30,2025-08-05,Cancelled,2
,@@None!!,user#mail.com,,0,,,,,-2,$145.00,0.10,522.0,creditcard,05-08-2025,05-15-2025,,6
ORD-00990,Jane Williams,jane.williams821@example.com,Male,21,Rwanda,Butare,Home Appliances,Air Fryer,1,110,0,110,Cash on Delivery,2025-03-13,2025-03-18,Returned,1
ORD-00991,Mary Ochieng,mary.ochieng115@example.com,Female,39,Nigeria,Port Harcourt,Fashion,Sneakers,4,75,0.2,240.0,Debit Card,2025-10-19,2025-10-26,Shipped,2
ORD-00992,Victor Akinyi,victor.akinyi781@example.com,Male,32,India,Bangalore,Home Appliances,Electric Kettle,1,35,0.2,28.0,Cash on Delivery,2026-01-28,2026-02-01,Delivered,5
ORD-00993,Esther Wanjiku,esther.wanjiku248@example.com,Male,47,Nigeria,Kano,Home Appliances,Microwave Oven,1,180,0.05,171.0,Credit Card,2025-06-27,2025-07-01,Delivered,3
ORD-00994,Daavid Kiptoo,david.kiptoo730@example.com,female,46,Uganda, Entebbe ,BEAUTY,,1000,KSh 16,0%,3.2,Pay Pal,06-03-2025,06-10-2025,Cancelled,4
ORD-00995,Daniel Wanjiku,daniel.wanjiku733@example.com,Male,36,Ghana,Takoradi,Fashion,Denim Jacket,1,62,0.15,52.7,Bank Transfer,2026-01-24,2026-02-01,Returned,1
ORD-00996,Samuel Ochieng,samuel.ochieng503@example.com,Female,45,Nigeria,Port Harcourt,Electronics,USB-C Charger,2,22,0.1,39.6,PayPal,2026-03-11,2026-03-13,Processing,4
ORD-00997,James Mensah,james.mensah544@example.com,Male,69,Tanzania,Arusha,Beauty,Perfume,1,70,0.2,56.0,Credit Card,2025-02-07,2025-02-14,Shipped,3
ORD-00998,Michael Otieno,michael.otieno301@example.com,Female,27,Ghana,Accra,Electronics,Bluetooth Speaker,1,65,0.1,58.5,Mobile Money,2025-10-13,2025-10-16,Processing,2
ORD-00999,Aisha Mwangi,aisha.mwangi562@example.com,Female,48,Nigeria,Abuja,Electronics,Smart Watch,1,120,0.25,90.0,Debit Card,2025-06-21,2025-06-25,Returned,1
ORD-01000,Sarah Williams,sarah.williams378@example.com,Male,64,Nigeria,Lagos,Home Appliances,Electric Kettle,2,35,0.15,59.5,Credit Card,2025-06-06,2025-06-09,Processing,2
ORD-01001,Samuel Otieno,samuel.otieno172@example.com,Female,21,Uganda,Jinja,Electronics,Smart Watch,2,120,0,240,Cash on Delivery,2025-06-09,2025-06-12,Processing,2
ORD-01002,Faith Otieno,faith.otieno656@example.com,Male,56,Uganda,Entebbe,Fashion,Handbag,1,55,0,55,Credit Card,2025-03-10,2025-03-17,Processing,2
ORD-01003,James Akinyi,james.akinyi806@example.com,Female,56,United States,Los Angeles,Beauty,Body Lotion,2,19,0.25,28.5,Cash on Delivery,2025-09-15,2025-09-22,Cancelled,2
ORD-01004,Grace Mensah,grace.mensah926@example.com,Female,44,Kenya,Mombasa,Electronics,Smart Watch,10,120,0.1,1080.0,Credit Card,2026-01-20,2026-01-25,Processing,3
ORD-01005,Victor Williams,victor.williams777@example.com,Male,65,Kenya,Mombasa,Beauty,Makeup Kit,3,52,0.15,132.6,Debit Card,2025-11-06,2025-11-13,Delivered,2
ORD-01006,Jane Khan,jane.khan210@example.com,Male,47,United States,Houston,Beauty,Lipstick,2,16,0.15,27.2,Debit Card,2026-03-02,2026-03-03,Delivered,2
ORD-01007,David Mensah,david.mensah302@example.com,Female,40,Kenya,Kisumu,Beauty,Lipstick,4,16,0.15,54.4,PayPal,2025-02-11,2025-02-19,Processing,1
ORD-01008,Sarah Mwangi,sarah.mwangi62@example.com,Male,19,United Kingdom,London,Electronics,Wireless Headphones,1,45,0.25,33.75,Mobile Money,2026-06-18,2026-06-24,Cancelled,1
ORD-01009,Mary Williams,mary.williams530@example.com,Male,55,India,Chennai,Home Appliances,Vacuum Cleaner,1,145,0.1,130.5,Cash on Delivery,2026-03-25,2026-04-02,Delivered,4
ORD-01010,Peter Smith,peter.smith732@example.com,Female,46,United Kingdom,Birmingham,Electronics,Smartphone X12,4,699,0.15,2376.6,Debit Card,2025-05-28,2025-05-31,Delivered,4
ORD-01011,Brian Wanjiku,brian.wanjiku429@example.com,Male,54,Uganda,Entebbe,Fashion,Sneakers,1,75,0,75,Cash on Delivery,2026-03-04,2026-03-07,Returned,4
ORD-01012,Linda Williams,linda.williams68@example.com,Female,32,South Africa,Johannesburg,Electronics,Smartphone X12,3,699,0.1,1887.3,Credit Card,2025-06-19,2025-06-27,Cancelled,1
ORD-01013,Victor Okafor,victor.okafor562@example.com,Female,70,Tanzania,Mwanza,Home Appliances,Microwave Oven,5,180,0.1,810.0,Bank Transfer,2025-12-01,2025-12-04,Returned,5
ORD-01014,Linda Mwangi,linda.mwangi337@example.com,Female,50,Uganda,Jinja,Fashion,Denim Jacket,3,62,0.15,158.1,Cash on Delivery,2026-05-26,2026-06-02,Processing,1
ORD-01015,Faith Njoroge,faith.njoroge927@example.com,Male,27,Uganda,Kampala,Fashion,Hoodie,1,42,0.05,39.9,Bank Transfer,2026-07-10,2026-07-16,Cancelled,4
ORD-01016,David Williams,david.williams322@example.com,Female,21,Tanzania,Arusha,Electronics,Smartphone X12,1,699,0.15,594.15,Mobile Money,2026-02-20,2026-02-27,Cancelled,2
ORD-01017,Samuel Mensah,samuel.mensah220@example.com,Female,43,Tanzania,Arusha,Electronics,Bluetooth Speaker,1,65,0.15,55.25,Cash on Delivery,2025-08-29,2025-09-03,Shipped,2
ORD-01018,John Otieno,john.otieno554@example.com,Female,45,India,Bangalore,Beauty,Face Cream,1,24,0,24,Credit Card,2025-04-05,2025-04-08,Cancelled,1
ORD-01019,Jane Smith,jane.smith586@example.com,Male,23,Ghana,Tamale,Home Appliances,Coffee Maker,2,85,0.25,127.5,Credit Card,2025-06-19,2025-06-24,Delivered,3
ORD-01020,Samuel Patel,samuel.patel503@example.com,Female,24,Nigeria,Lagos,Electronics,Gaming Mouse,4,38,0.05,144.4,Cash on Delivery,2025-10-26,2025-10-28,Processing,4
ORD-01021,Grace Njoroge,grace.njoroge622@example.com,Female,32,United States,Houston,Fashion,Running Shorts,3,28,0.2,67.2,PayPal,2025-02-02,2025-02-09,Shipped,4
ORD-01022,Esther Williams,esther.williams953@example.com,Female,33,United States,Houston,Home Appliances,Blender,2,58,0.15,98.6,Mobile Money,2025-12-01,2025-12-05,Shipped,2
ORD-01023,Grace Njoroge,grace.njoroge130@example.com,Male,27,Kenya,Nairobi,Electronics,Smart Watch,4,120,0.05,456.0,PayPal,2025-10-17,2025-10-23,Returned,5
ORD-01024,Sarah Brown,sarah.brown602@example.com,Male,37,United States,Los Angeles,Beauty,Face Cream,4,24,0.25,72.0,Debit Card,2026-04-30,2026-05-01,Cancelled,3
ORD-01025,Samuel Otieno,samuel.otieno833@example.com,Female,49,Nigeria,Lagos,Electronics,Gaming Mouse,3,38,0.1,102.6,Debit Card,2026-02-12,2026-02-18,Processing,4
ORD-01026,Daniel Kiptoo,daniel.kiptoo96@example.com,Female,49,Rwanda,Butare,Fashion,Sneakers,3,75,0.05,213.75,Debit Card,2025-06-01,2025-06-02,Returned,2
ORD-01027,Jane Brown,jane.brown352@example.com,Female,69,Uganda,Kampala,Fashion,Handbag,1,55,0,55,Mobile Money,2025-12-12,2025-12-13,Returned,1
ORD-01028,Victor Mensah,victor.mensah949@example.com,Male,57,Ghana,Tamale,Home Appliances,Vacuum Cleaner,1,145,0.2,116.0,Bank Transfer,2026-03-22,2026-03-23,Returned,4
ORD-01029,Victor Smith,victor.smith989@example.com,Male,68,United Kingdom,Manchester,Electronics,Bluetooth Speaker,1,65,0.15,55.25,Cash on Delivery,2026-05-01,2026-05-08,Returned,4
ORD-01030,Mary Patel,mary.patel235@example.com,Female,60,Tanzania,Mwanza,Fashion,Handbag,1,55,0.25,41.25,Cash on Delivery,2026-02-09,2026-02-14,Shipped,1
ORD-01031,Daniel Okafor,daniel.okafor834@example.com,Female,52,United States,Chicago,Beauty,Face Cream,1,24,0,24,Cash on Delivery,2025-01-17,2025-01-22,Delivered,4
ORD-01032,Sarah Brown,sarah.brown337@example.com,Male,29,India,Delhi,Home Appliances,Air Fryer,3,110,0.15,280.5,PayPal,2025-01-15,2025-01-22,Shipped,1
ORD-01033,Lucy Smith,lucy.smith264@example.com,Male,44,Kenya,Nairobi,Fashion,Running Shorts,3,28,0.05,79.8,Debit Card,2026-03-13,2026-03-17,Processing,5
ORD-01034,John Wanjiku,john.wanjiku68@example.com,Female,67,Uganda,Entebbe,Electronics,Wireless Headphones,10,45,0,450,Mobile Money,2025-07-03,2025-07-05,Processing,4
ORD-01035,David Akinyi,david.akinyi808@example.com,Female,23,United Kingdom,Manchester,Electronics,USB-C Charger,2,22,0.1,39.6,Debit Card,2025-06-30,2025-07-07,Returned,4
ORD-01036,Aisha Okafor,aisha.okafor835@example.com,Male,62,Kenya,Eldoret,Electronics,Wireless Headphones,1,45,0.1,40.5,PayPal,2026-05-06,2026-05-12,Cancelled,1
ORD-01037,Linda Williams,linda.williams601@example.com,Male,65,Rwanda,Kigali,Beauty,Perfume,1,70,0.2,56.0,Mobile Money,2025-08-21,2025-08-29,Cancelled,5
ORD-01038,Victor Akinyi,victor.akinyi18@example.com,Female,60,Tanzania,Dar es Salaam,Electronics,Wireless Headphones,2,45,0,90,Credit Card,2025-12-13,2025-12-20,Processing,5
ORD-01039,Victor Otieno,victor.otieno485@example.com,Female,49,Nigeria,Abuja,Electronics,Smart Watch,2,120,0,240,Bank Transfer,2025-05-03,2025-05-04,Processing,4
ORD-01040,Lucy Smith,lucy.smith988@example.com,Female,26,United Kingdom,Manchester,Home Appliances,Air Fryer,3,110,0,330,PayPal,2026-01-24,2026-01-27,Cancelled,3
ORD-01041,Esther Ochieng,esther.ochieng27@example.com,Female,36,United Kingdom,Manchester,Electronics,USB-C Charger,1,22,0.1,19.8,Debit Card,2025-07-09,2025-07-11,Returned,4
ORD-01042,Peter Khan,peter.khan127@example.com,Male,29,Nigeria,Ibadan,Electronics,Wireless Headphones,5,45,0.1,202.5,Credit Card,2026-08-20,2026-08-22,Processing,2
ORD-01043,Sarah Mwangi,sarah.mwangi929@example.com,Female,53,United Kingdom,Birmingham,Electronics,Gaming Mouse,2,38,0.2,60.8,Credit Card,2025-04-13,2025-04-20,Processing,4
ORD-01044,David Kamau,david.kamau972@example.com,Male,55,Rwanda,Kigali,Home Appliances,Blender,3,58,0.05,165.3,Mobile Money,2025-04-20,2025-04-28,Processing,1
ORD-01045,David Akinyi,david.akinyi173@example.com,Male,29,Nigeria,Ibadan,Fashion,Hoodie,4,42,0.05,159.6,Bank Transfer,2025-01-18,2025-01-26,Shipped,2
ORD-01046,Victor Williams,victor.williams748@example.com,Male,67,United Kingdom,London,Beauty,Face Cream,2,24,0.1,43.2,Mobile Money,2026-05-20,2026-05-24,Shipped,1
ORD-01047,Esther Khan,esther.khan593@example.com,Female,36,Rwanda,Kigali,Home Appliances,Blender,1,58,0.2,46.4,Mobile Money,2025-09-13,2025-09-15,Processing,5
ORD-01048,Daniel Brown,daniel.brown132@example.com,Male,54,United States,New York,Electronics,USB-C Charger,2,22,0.25,33.0,Debit Card,2026-08-18,2026-08-20,Shipped,5
ORD-01049,Brian Wanjiku,brian.wanjiku284@example.com,Male,25,South Africa,Cape Town,Electronics,Laptop Pro 14,1,1150,0.15,977.5,Bank Transfer,2025-08-04,2025-08-06,Delivered,4
ORD-01050,Grace Patel,grace.patel378@example.com,Female,38,Tanzania,Dar es Salaam,Beauty,Perfume,1,70,0.25,52.5,Bank Transfer,2026-01-23,2026-01-28,Shipped,4
ORD-01051,Faith Njoroge,faith.njoroge501@example.com,Female,35,Ghana,Kumasi,Beauty,Hair Dryer,1,48,0.25,36.0,Mobile Money,2025-02-20,2025-02-25,Cancelled,1
ORD-01052,Brian Mwangi,brian.mwangi287@example.com,Female,29,Kenya,Nakuru,Home Appliances,Electric Kettle,1,35,0.1,31.5,Cash on Delivery,2025-01-15,2025-01-23,Delivered,4
ORD-01053,Linda Kiptoo,linda.kiptoo277@example.com,Female,28,Tanzania,Arusha,Fashion,Handbag,1,55,0.1,49.5,Credit Card,2025-08-14,2025-08-22,Shipped,2
ORD-01054,James Mwangi,james.mwangi707@example.com,Female,24,Rwanda,Kigali,Fashion,Sneakers,1,75,0.1,67.5,Mobile Money,2026-06-13,2026-06-18,Delivered,5
ORD-01055,Sarah Patel,sarah.patel629@example.com,Male,54,Nigeria,Abuja,Home Appliances,Blender,3,58,0.25,130.5,Credit Card,2026-05-24,2026-05-25,Processing,2
ORD-01056,Grace Brown,grace.brown314@example.com,Female,64,United Kingdom,Manchester,Home Appliances,Air Fryer,2,110,0.05,209.0,Debit Card,2025-09-15,2025-09-20,Cancelled,5
ORD-01057,Faith Akinyi,faith.akinyi47@example.com,Female,39,India,Bangalore,Electronics,USB-C Charger,2,22,0.05,41.8,PayPal,2026-04-28,2026-05-02,Cancelled,5
ORD-01058,Faith Kiptoo,faith.kiptoo888@example.com,Male,20,United Kingdom,London,Electronics,Wireless Headphones,2,45,0.05,85.5,Bank Transfer,2026-04-24,2026-05-01,Delivered,5
ORD-01059,Jane Kamau,jane.kamau38@example.com,Male,34,United Kingdom,Manchester,Fashion,Denim Jacket,3,62,0.05,176.7,Bank Transfer,2026-02-23,2026-02-25,Returned,3
ORD-01060,Daniel Williams,daniel.williams613@example.com,Male,52,South Africa,Johannesburg,Home Appliances,Electric Kettle,2,35,0,70,PayPal,2025-02-15,2025-02-23,Returned,5
ORD-01061,David Okafor,david.okafor597@example.com,Female,32,Kenya,Nakuru,Fashion,Handbag,4,55,0,220,PayPal,2025-01-01,2025-01-08,Processing,5
ORD-01062,Victor Ochieng,victor.ochieng684@example.com,Male,35,United Kingdom,Birmingham,Fashion,Sneakers,3,75,0.25,168.75,Bank Transfer,2025-06-26,2025-06-29,Delivered,2
ORD-01063,Michael Wanjiku,michael.wanjiku634@example.com,Male,26,South Africa,Cape Town,Fashion,Denim Jacket,1,62,0,62,Bank Transfer,2025-05-01,2025-05-05,Processing,3
ORD-01064,Samuel Ochieng,samuel.ochieng176@example.com,Male,41,Rwanda,Kigali,Electronics,Gaming Mouse,4,38,0.15,129.2,Mobile Money,2026-06-30,2026-07-03,Delivered,5
ORD-01065,Faith Brown,faith.brown833@example.com,Female,28,Ghana,Kumasi,Electronics,Smartphone X12,1,699,0.15,594.15,Debit Card,2026-06-17,2026-06-23,Returned,4
ORD-01066,Daniel Akinyi,daniel.akinyi267@example.com,Male,56,India,Delhi,Beauty,Lipstick,1,16,0.15,13.6,PayPal,2025-01-21,2025-01-25,Cancelled,4
ORD-01067,Faith Brown,faith.brown718@example.com,Male,52,United States,New York,Electronics,Gaming Mouse,2,38,0,76,Bank Transfer,2026-07-28,2026-08-05,Returned,4
ORD-01068,Faith Khan,faith.khan52@example.com,Male,50,Ghana,Accra,Fashion,Hoodie,4,42,0.05,159.6,Cash on Delivery,2025-09-05,2025-09-07,Returned,3
ORD-01069,Kevin Otieno,kevin.otieno823@example.com,Male,68,Uganda,Entebbe,Fashion,Denim Jacket,1,62,0.15,52.7,Mobile Money,2025-04-02,2025-04-05,Delivered,5
ORD-01070,Peter Ochieng,peter.ochieng34@example.com,Male,66,United Kingdom,London,Home Appliances,Microwave Oven,1,180,0.1,162.0,Bank Transfer,2025-01-28,2025-01-29,Delivered,4
ORD-01071,Michael Williams,michael.williams916@example.com,Female,52,Ghana,Accra,Electronics,Laptop Pro 14,1,1150,0,1150,Debit Card,2025-02-28,2025-03-01,Processing,5
ORD-01072,Sarah Patel,sarah.patel152@example.com,Female,56,Nigeria,Kano,Home Appliances,Blender,1,58,0,58,Credit Card,2025-10-22,2025-10-30,Shipped,5
ORD-01073,James Kiptoo,james.kiptoo479@example.com,Male,19,Uganda,Jinja,Electronics,Bluetooth Speaker,1,65,0,65,PayPal,2025-02-20,2025-02-21,Shipped,5
ORD-01074,Brian Kiptoo,brian.kiptoo387@example.com,Male,54,Tanzania,Dar es Salaam,Home Appliances,Coffee Maker,2,85,0.2,136.0,PayPal,2025-08-30,2025-09-06,Returned,2
ORD-01075,Victor Kiptoo,victor.kiptoo748@example.com,Male,20,Tanzania,Arusha,Electronics,Bluetooth Speaker,1,65,0.05,61.75,Debit Card,2026-04-27,2026-04-28,Shipped,4
ORD-01076,James Otieno,james.otieno129@example.com,Male,22,India,Chennai,Home Appliances,Air Fryer,3,110,0.25,247.5,Mobile Money,2025-10-02,2025-10-03,Processing,1
ORD-01077,Aisha Okafor,aisha.okafor972@example.com,Female,48,Nigeria,Kano,Electronics,Bluetooth Speaker,2,65,0.1,117.0,Bank Transfer,2025-09-12,2025-09-16,Shipped,4
ORD-01078,Briaan Brown,brian.brown410@example.com,Female,57,nigeria, Port Harcourt ,Home Appliances,Electric Kettle,-1,$35.00,0%,70.0,Cash,06-24-2025,06-29-2025,Shipped,4
ORD-01079,Aisha Kiptoo,aisha.kiptoo808@example.com,Female,32,Rwanda,Kigali,Home Appliances,Blender,3,58,0,174,Debit Card,2025-12-15,2025-12-18,Delivered,3
ORD-01080,James Mensah,james.mensah984@example.com,Male,70,United States,Los Angeles,Home Appliances,Microwave Oven,3,180,0.1,486.0,Debit Card,2025-08-20,2025-08-22,Returned,3
ORD-01081,Michael Mensah,michael.mensah852@example.com,Male,62,United Kingdom,London,Home Appliances,Blender,2,58,0.05,110.2,Bank Transfer,2025-12-15,2025-12-16,Delivered,3
ORD-01082,Kevin Patel,kevin.patel539@example.com,Female,34,Uganda,Kampala,Fashion,Denim Jacket,1,62,0.1,55.8,Debit Card,2025-05-06,2025-05-13,Shipped,5
ORD-01083,Sarah Ochieng,sarah.ochieng622@example.com,Male,30,Nigeria,Lagos,Beauty,Body Lotion,2,19,0,38,Debit Card,2025-04-04,2025-04-08,Shipped,4
ORD-01084,David Kamau,david.kamau941@example.com,Female,66,Tanzania,Dar es Salaam,Electronics,USB-C Charger,3,22,0.25,49.5,Mobile Money,2025-12-02,2025-12-09,Returned,1
ORD-01085,John Williams,john.williams31@example.com,Male,55,United Kingdom,Birmingham,Electronics,Wireless Headphones,4,45,0.05,171.0,Cash on Delivery,2025-12-09,2025-12-16,Shipped,1
ORD-01086,Linda Mwangi,linda.mwangi747@example.com,Male,36,United Kingdom,London,Fashion,Running Shorts,1,28,0.15,23.8,Bank Transfer,2026-03-02,2026-03-03,Shipped,5
ORD-01087,David Williams,david.williams127@example.com,Female,51,India,Bangalore,Fashion,Sneakers,1,75,0.2,60.0,Debit Card,2025-04-22,2025-04-27,Cancelled,2
ORD-01088,Aisha Wanjiku,aisha.wanjiku622@example.com,Male,56,Tanzania,Dar es Salaam,Fashion,Handbag,1,55,0.25,41.25,PayPal,2025-03-17,2025-03-21,Processing,4
ORD-01089,Lucy Otieno,lucy.otieno533@example.com,Female,52,Nigeria,Lagos,Home Appliances,Air Fryer,2,110,0.25,165.0,Credit Card,2025-02-13,2025-02-19,Processing,5
ORD-01090,Grace Kamau,grace.kamau765@example.com,Female,26,Rwanda,Butare,Beauty,Makeup Kit,1,52,0.25,39.0,Credit Card,2025-01-19,2025-01-20,Returned,2
ORD-01091,Samuel Otieno,samuel.otieno702@example.com,Male,47,Tanzania,Arusha,Beauty,Body Lotion,1,19,0,19,Debit Card,2025-11-25,2025-11-29,Shipped,1
ORD-01092,Aisha Kiptoo,aisha.kiptoo586@example.com,Female,24,Tanzania,Arusha,Electronics,Gaming Mouse,1,38,0.2,30.4,Cash on Delivery,2026-05-12,2026-05-19,Shipped,4
ORD-01093,Faith Mwangi,faith.mwangi918@example.com,Male,53,United Kingdom,Manchester,Home Appliances,Coffee Maker,5,85,0,425,Debit Card,2026-06-25,2026-07-03,Processing,4
ORD-01094,Jane Mensah,jane.mensah742@example.com,Male,25,United States,Chicago,Beauty,Face Cream,1,24,0.25,18.0,Bank Transfer,2025-04-15,2025-04-21,Delivered,4
ORD-01095,Lucy Mwangi,lucy.mwangi588@example.com,Male,29,Kenya,Eldoret,Home Appliances,Vacuum Cleaner,2,145,0,290,Debit Card,2026-04-09,2026-04-14,Cancelled,5
ORD-01096,Mercy Williams,mercy.williams615@example.com,Female,65,India,Chennai,Beauty,Makeup Kit,1,52,0.2,41.6,Cash on Delivery,2025-04-02,2025-04-07,Processing,2
ORD-01097,John Williams,john.williams513@example.com,Male,37,India,Delhi,Fashion,Cotton T-Shirt,2,18,0.1,32.4,Debit Card,2025-06-29,2025-07-03,Shipped,1
ORD-01098,Esther Mensah,esther.mensah717@example.com,Female,19,Ghana,Takoradi,Beauty,Body Lotion,2,19,0,38,Credit Card,2025-06-08,2025-06-15,Cancelled,5
ORD-01099,Faith Okafor,faith.okafor622@example.com,Female,32,Kenya,Nakuru,Fashion,Running Shorts,1,28,0.2,22.4,Debit Card,2026-01-06,2026-01-10,Returned,5
ORD-01100,Brian Khan,brian.khan712@example.com,Female,54,Uganda,Kampala,Home Appliances,Microwave Oven,4,180,0,720,Debit Card,2025-12-16,2025-12-17,Cancelled,5
ORD-01101,Sarah Kiptoo,sarah.kiptoo587@example.com,Female,42,Tanzania,Mwanza,Fashion,Handbag,2,55,0,110,Debit Card,2026-02-21,2026-02-23,Delivered,4
ORD-01102,Victor Akinyi,victor.akinyi946@example.com,Male,66,Rwanda,Kigali,Fashion,Denim Jacket,3,62,0.1,167.4,PayPal,2025-09-15,2025-09-19,Cancelled,4
ORD-01103,Aisha Njoroge,aisha.njoroge771@example.com,Male,32,South Africa,Durban,Home Appliances,Coffee Maker,4,85,0,340,Mobile Money,2025-01-07,2025-01-14,Cancelled,5
ORD-01104,Kevin Patel,kevin.patel627@example.com,Male,39,Kenya,Nairobi,Beauty,Body Lotion,1,19,0,19,Cash on Delivery,2025-02-19,2025-02-21,Delivered,4
ORD-01105,Peter Ochieng,peter.ochieng465@example.com,Male,44,Uganda,Kampala,Home Appliances,Coffee Maker,2,85,0.25,127.5,Cash on Delivery,2026-06-19,2026-06-23,Cancelled,4
ORD-01106,John Khan,john.khan508@example.com,Female,46,Ghana,Accra,Home Appliances,Electric Kettle,2,35,0.1,63.0,Credit Card,2025-10-16,2025-10-23,Cancelled,2
ORD-01107,Sarah Williams,sarah.williams95@example.com,Female,65,Rwanda,Butare,Fashion,Hoodie,1,42,0,42,Debit Card,2026-05-01,2026-05-08,Returned,1
ORD-01108,Sarah Mwangi,sarah.mwangi69@example.com,Male,30,India,Mumbai,Home Appliances,Air Fryer,1,110,0.2,88.0,Credit Card,2025-07-27,2025-08-04,Shipped,2
ORD-01109,Grace Njoroge,grace.njoroge558@example.com,Female,23,Tanzania,Arusha,Fashion,Denim Jacket,1,62,0.15,52.7,Debit Card,2025-01-11,2025-01-15,Delivered,4
ORD-01110,Faith Patel,faith.patel526@example.com,Female,60,Ghana,Accra,Beauty,Face Cream,1,24,0.15,20.4,Cash on Delivery,2025-05-16,2025-05-24,Returned,4
ORD-01111,Sarah Mwangi,sarah.mwangi315@example.com,Male,34,Rwanda,Kigali,Fashion,Denim Jacket,1,62,0.25,46.5,Debit Card,2025-06-22,2025-06-28,Cancelled,1
ORD-01112,Faith Njoroge,faith.njoroge210@example.com,Female,61,Kenya,Nairobi,Beauty,Hair Dryer,1,48,0,48,Cash on Delivery,2025-04-15,2025-04-22,Delivered,4
ORD-01113,David Khan,david.khan504@example.com,Male,70,United States,Los Angeles,Fashion,Denim Jacket,1,62,0.05,58.9,Cash on Delivery,2025-04-15,2025-04-19,Cancelled,3
ORD-01114,Faith Williams,faith.williams437@example.com,Male,70,United Kingdom,Manchester,Beauty,Makeup Kit,2,52,0.15,88.4,Cash on Delivery,2026-07-07,2026-07-11,Shipped,1
ORD-01115,John Njoroge,john.njoroge805@example.com,Female,62,Tanzania,Arusha,Electronics,Bluetooth Speaker,1,65,0.15,55.25,Mobile Money,2026-02-17,2026-02-19,Delivered,4
ORD-01116,John Akinyi,john.akinyi783@example.com,Female,18,United States,Chicago,Beauty,Body Lotion,3,19,0.05,54.15,Bank Transfer,2026-07-08,2026-07-11,Shipped,1
ORD-01117,Jane Ochieng,jane.ochieng796@example.com,Female,39,Tanzania,Arusha,Fashion,Sneakers,10,75,0.25,562.5,Cash on Delivery,2025-04-18,2025-04-23,Shipped,4
ORD-01118,Peter Mensah,peter.mensah408@example.com,Male,47,United Kingdom,Birmingham,Fashion,Sneakers,10,75,0.05,712.5,Mobile Money,2026-07-25,2026-07-30,Returned,2
ORD-01119,Peter Williams,peter.williams35@example.com,Male,56,Uganda,Jinja,Electronics,Smartphone X12,1,699,0,699,Cash on Delivery,2026-07-10,2026-07-17,Processing,5
ORD-01120,Mercy Okafor,mercy.okafor567@example.com,Male,58,Uganda,Jinja,Fashion,Cotton T-Shirt,4,18,0.1,64.8,Mobile Money,2025-03-28,2025-04-02,Returned,3
ORD-01121,Sarah Kiptoo,sarah.kiptoo459@example.com,Female,42,Kenya,Nakuru,Electronics,Bluetooth Speaker,4,65,0.05,247.0,Cash on Delivery,2025-07-20,2025-07-23,Cancelled,1
ORD-01122,Linda Mensah,linda.mensah545@example.com,Female,49,Nigeria,Kano,Electronics,Laptop Pro 14,2,1150,0.15,1955.0,Cash on Delivery,2026-07-09,2026-07-12,Returned,4
ORD-01123,Kevin Njoroge,kevin.njoroge768@example.com,Female,20,United Kingdom,Manchester,Fashion,Denim Jacket,1,62,0.2,49.6,Bank Transfer,2026-06-21,2026-06-22,Shipped,4
ORD-01124,Jane Williams,jane.williams400@example.com,Female,42,South Africa,Durban,Electronics,Laptop Pro 14,1,1150,0,1150,Bank Transfer,2026-04-13,2026-04-14,Delivered,1
ORD-01125,James Kiptoo,james.kiptoo472@example.com,Female,55,United Kingdom,London,Home Appliances,Blender,1,58,0.05,55.1,Cash on Delivery,2025-07-20,2025-07-23,Processing,3
ORD-01126,Kevin Okafor,kevin.okafor984@example.com,Male,54,South Africa,Cape Town,Home Appliances,Microwave Oven,3,180,0.05,513.0,PayPal,2025-12-15,2025-12-22,Delivered,2
ORD-01127,Aisha Khan,aisha.khan968@example.com,Female,39,Tanzania,Dar es Salaam,Home Appliances,Coffee Maker,10,85,0.15,722.5,Cash on Delivery,2025-06-21,2025-06-24,Shipped,4
ORD-01128,Grace Okafor,grace.okafor728@example.com,Female,43,South Africa,Durban,Home Appliances,Air Fryer,1,110,0.2,88.0,Mobile Money,2026-01-10,2026-01-11,Returned,5
ORD-01129,Lucy Patel,lucy.patel268@example.com,Male,32,Rwanda,Butare,Electronics,Smart Watch,1,120,0.15,102.0,Cash on Delivery,2025-07-18,2025-07-23,Delivered,5
ORD-01130,Mercy Njoroge,mercy.njoroge169@example.com,Male,21,United Kingdom,Birmingham,Electronics,Gaming Mouse,1,38,0.15,32.3,Debit Card,2026-06-19,2026-06-25,Processing,5
ORD-01131,Lucy Njoroge,lucy.njoroge111@example.com,Female,38,Nigeria,Ibadan,Fashion,Handbag,1,55,0.1,49.5,Bank Transfer,2025-07-27,2025-07-29,Shipped,2
ORD-01132,Grace Wanjiku,grace.wanjiku818@example.com,Female,45,South Africa,Pretoria,Beauty,Makeup Kit,3,52,0.2,124.8,Cash on Delivery,2025-11-21,2025-11-22,Processing,1
ORD-01133,Aisha Njoroge,aisha.njoroge393@example.com,Male,57,Ghana,Accra,Home Appliances,Air Fryer,1,110,0.1,99.0,Credit Card,2026-06-21,2026-06-29,Returned,5
ORD-01134,James Okafor,james.okafor572@example.com,Female,67,Ghana,Takoradi,Electronics,Bluetooth Speaker,1,65,0.05,61.75,PayPal,2026-02-16,2026-02-19,Returned,2
ORD-01135,James Kiptoo,james.kiptoo812@example.com,Female,66,Rwanda,Butare,Electronics,Bluetooth Speaker,3,65,0.2,156.0,PayPal,2026-07-06,2026-07-14,Shipped,3
ORD-01136,Sarah Smith,sarah.smith348@example.com,Female,64,Tanzania,Mwanza,Home Appliances,Coffee Maker,4,85,0.1,306.0,Bank Transfer,2026-01-08,2026-01-14,Returned,4
ORD-01137,Esther Akinyi,esther.akinyi27@example.com,Male,26,United Kingdom,London,Home Appliances,Vacuum Cleaner,4,145,0,580,PayPal,2025-02-10,2025-02-11,Processing,2
ORD-01138,Peter Patel,peter.patel325@example.com,Male,22,India,Delhi,Electronics,Smartphone X12,1,699,0,699,Mobile Money,2025-01-06,2025-01-12,Delivered,3
ORD-01139,James Mensah,james.mensah393@example.com,Female,42,Rwanda,Kigali,Electronics,Bluetooth Speaker,1,65,0.2,52.0,Bank Transfer,2025-05-28,2025-06-05,Shipped,4
ORD-01140,Jane Patel,jane.patel528@example.com,Male,65,United States,Houston,Beauty,Perfume,3,70,0.05,199.5,Credit Card,2026-01-13,2026-01-18,Returned,2
ORD-01141,Kevin Mensah,kevin.mensah147@example.com,Male,59,Ghana,Accra,Fashion,Denim Jacket,3,62,0.05,176.7,Mobile Money,2025-11-09,2025-11-11,Delivered,1
ORD-01142,Sarah Njoroge,sarah.njoroge354@example.com,Male,19,United Kingdom,London,Beauty,Hair Dryer,2,48,0.05,91.2,Bank Transfer,2026-04-28,2026-05-05,Delivered,5
ORD-01143,Jane Okafor,jane.okafor643@example.com,Female,35,Ghana,Kumasi,Home Appliances,Microwave Oven,2,180,0.1,324.0,Cash on Delivery,2025-05-19,2025-05-26,Delivered,2
ORD-01144,Faith Brown,faith.brown105@example.com,Male,43,India,Mumbai,Beauty,Lipstick,4,16,0.2,51.2,Mobile Money,2026-07-17,2026-07-20,Delivered,5
ORD-01145,Kevin Khan,kevin.khan579@example.com,Male,59,Ghana,Accra,Beauty,Makeup Kit,1,52,0.15,44.2,Debit Card,2025-01-30,2025-02-05,Shipped,2
ORD-01146,Esther Williams,esther.williams335@example.com,Male,60,India,Delhi,Beauty,Perfume,5,70,0.25,262.5,Cash on Delivery,2025-11-07,2025-11-11,Shipped,5
ORD-01147,Sarah Wanjiku,sarah.wanjiku328@example.com,Female,53,Ghana,Tamale,Home Appliances,Coffee Maker,5,85,0.2,340.0,Mobile Money,2025-10-01,2025-10-08,Cancelled,1
ORD-01148,Victor Akinyi,victor.akinyi268@example.com,Female,34,United States,Chicago,Fashion,Handbag,1,55,0,55,Cash on Delivery,2025-04-30,2025-05-03,Returned,4
ORD-01149,Faith Smith,faith.smith923@example.com,Female,56,Ghana,Kumasi,Beauty,Face Cream,1,24,0.1,21.6,Credit Card,2026-06-24,2026-07-02,Shipped,5
ORD-01150,Grace Otieno,grace.otieno813@example.com,Female,41,Tanzania,Dar es Salaam,Fashion,Denim Jacket,1,62,0.25,46.5,Credit Card,2025-02-25,2025-03-01,Delivered,2
ORD-01151,Michael Akinyi,michael.akinyi701@example.com,Female,31,United Kingdom,Manchester,Beauty,Body Lotion,2,19,0.2,30.4,Debit Card,2026-06-11,2026-06-17,Returned,2
ORD-01152,Faith Khan,faith.khan398@example.com,Male,59,Kenya,Nairobi,Fashion,Sneakers,1,75,0.1,67.5,Mobile Money,2026-08-10,2026-08-16,Delivered,1
ORD-01153,Victor Otieno,victor.otieno798@example.com,Female,64,Ghana,Kumasi,Electronics,Wireless Headphones,3,45,0.25,101.25,Debit Card,2025-01-25,2025-01-27,Cancelled,3
ORD-01154,Victor Kiptoo,victor.kiptoo482@example.com,Male,23,United Kingdom,London,Electronics,Smart Watch,3,120,0,360,Credit Card,2026-05-27,2026-05-29,Shipped,5
ORD-01155,Michael Kiptoo,michael.kiptoo478@example.com,Male,66,Ghana,Kumasi,Electronics,Smartphone X12,1,699,0.25,524.25,Bank Transfer,2025-02-24,2025-02-26,Delivered,5
ORD-01156,Grace Mensah,grace.mensah739@example.com,Female,20,Rwanda,Butare,Electronics,Smartphone X12,4,699,0,2796,Bank Transfer,2025-05-20,2025-05-26,Returned,5
ORD-01157,Esther Kiptoo,esther.kiptoo346@example.com,Male,31,South Africa,Cape Town,Fashion,Sneakers,1,75,0.05,71.25,Bank Transfer,2025-07-03,2025-07-11,Processing,5
ORD-01158,John Williams,john.williams572@example.com,Female,61,Nigeria,Abuja,Home Appliances,Electric Kettle,1,35,0.1,31.5,Credit Card,2026-06-22,2026-06-25,Returned,3
ORD-01159,Kevin Brown,kevin.brown868@example.com,Female,41,Ghana,Kumasi,Home Appliances,Microwave Oven,1,180,0.2,144.0,Bank Transfer,2026-01-25,2026-01-27,Delivered,4
ORD-01160,Grace Wanjiku,grace.wanjiku993@example.com,Male,47,South Africa,Durban,Fashion,Running Shorts,2,28,0,56,Mobile Money,2025-05-26,2025-05-31,Processing,2
ORD-01161,Kevin Patel,kevin.patel28@example.com,Male,34,United Kingdom,Manchester,Beauty,Hair Dryer,3,48,0.05,136.8,Mobile Money,2025-06-09,2025-06-10,Delivered,2
ORD-01162,Daaniel Ochieng,daniel.ochieng171@example.com,male,56,Tanzania, Mwanza ,,Handbag,1 units,$55.00,0.15,60.77,Credit card,2026.03.30,2026.04.01,returned,4
ORD-01163,Linda Mensah,linda.mensah937@example.com,Female,67,South Africa,Johannesburg,Electronics,Wireless Headphones,2,45,0.15,76.5,PayPal,2026-01-13,2026-01-20,Returned,4
ORD-01164,Faith Mwangi,faith.mwangi492@example.com,Male,24,United States,Houston,Home Appliances,Blender,1,58,0.05,55.1,Credit Card,2025-09-15,2025-09-23,Delivered,4
ORD-01165,Esther Okafor,esther.okafor236@example.com,Female,24,Kenya,Nairobi,Electronics,Wireless Headphones,1,45,0.25,33.75,Credit Card,2026-02-13,2026-02-18,Cancelled,4
ORD-01166,Jane Njoroge,jane.njoroge110@example.com,Male,27,United Kingdom,London,Electronics,Smart Watch,1,120,0.25,90.0,Credit Card,2025-04-21,2025-04-27,Cancelled,5
ORD-01167,Michael Brown,michael.brown235@example.com,Male,39,United Kingdom,London,Beauty,Lipstick,1,16,0,16,Cash on Delivery,2025-02-18,2025-02-23,Processing,3
ORD-01168,John Mensah,john.mensah446@example.com,Female,29,South Africa,Pretoria,Fashion,Sneakers,2,75,0,150,Mobile Money,2026-06-29,2026-07-05,Cancelled,4
ORD-01169,Kevin Smith,kevin.smith823@example.com,Male,67,United States,New York,Fashion,Sneakers,2,75,0.1,135.0,Mobile Money,2026-02-17,2026-02-20,Processing,4
ORD-01170,James Wanjiku,james.wanjiku851@example.com,Female,26,Rwanda,Butare,Fashion,Sneakers,1,75,0,75,PayPal,2025-01-20,2025-01-21,Cancelled,1
ORD-01171,Grace Ochieng,grace.ochieng458@example.com,Female,55,Nigeria,Ibadan,Home Appliances,Coffee Maker,2,85,0,170,Credit Card,2026-04-24,2026-04-26,Delivered,3
ORD-01172,David Patel,david.patel733@example.com,Female,54,Uganda,Jinja,Fashion,Hoodie,3,42,0.2,100.8,Debit Card,2026-08-11,2026-08-12,Delivered,3
ORD-01173,Victor Mwangi,victor.mwangi663@example.com,Female,56,Ghana,Accra,Home Appliances,Vacuum Cleaner,2,145,0,290,Debit Card,2026-02-09,2026-02-17,Delivered,5
ORD-01174,Sarah Brown,sarah.brown300@example.com,Female,24,India,Chennai,Electronics,Gaming Mouse,1,38,0.2,30.4,Debit Card,2026-01-27,2026-01-29,Cancelled,2
ORD-01175,Aisha Williams,aisha.williams331@example.com,Male,45,Kenya,Nakuru,Beauty,Body Lotion,1,19,0.05,18.05,Cash on Delivery,2025-08-04,2025-08-09,Delivered,5
ORD-01176,Aisha Khan,aisha.khan442@example.com,Male,60,United States,New York,Electronics,Laptop Pro 14,3,1150,0.1,3105.0,Credit Card,2025-01-27,2025-01-31,Returned,4
ORD-01177,John Smith,john.smith823@example.com,Female,60,United Kingdom,London,Electronics,Wireless Headphones,1,45,0.05,42.75,PayPal,2025-04-08,2025-04-10,Returned,2
ORD-01178,John Brown,john.brown857@example.com,Female,52,India,Chennai,Fashion,Sneakers,1,75,0.15,63.75,Credit Card,2026-06-05,2026-06-06,Returned,4
ORD-01179,Jane Okafor,jane.okafor526@example.com,Male,65,Uganda,Entebbe,Fashion,Denim Jacket,3,62,0.15,158.1,PayPal,2026-08-08,2026-08-16,Cancelled,5
ORD-01180,Mary Kiptoo,mary.kiptoo486@example.com,Female,38,United Kingdom,London,Electronics,Gaming Mouse,1,38,0.2,30.4,Debit Card,2025-04-06,2025-04-09,Cancelled,4
ORD-01181,David Khan,david.khan162@example.com,Female,50,Uganda,Jinja,Beauty,Face Cream,3,24,0.25,54.0,Bank Transfer,2025-10-04,2025-10-07,Cancelled,5
ORD-01182,Linda Smith,linda.smith651@example.com,Female,21,United Kingdom,London,Beauty,Makeup Kit,3,52,0.2,124.8,Bank Transfer,2025-02-14,2025-02-20,Delivered,2
ORD-01183,Linda Khan,linda.khan566@example.com,Male,59,Nigeria,Kano,Beauty,Face Cream,1,24,0,24,Bank Transfer,2025-07-01,2025-07-09,Returned,3
ORD-01184,Victor Williams,victor.williams880@example.com,Female,69,Tanzania,Mwanza,Beauty,Hair Dryer,1,48,0.15,40.8,Credit Card,2025-07-06,2025-07-11,Returned,5
ORD-01185,Daniel Khan,daniel.khan627@example.com,Male,45,Uganda,Jinja,Beauty,Lipstick,2,16,0.25,24.0,PayPal,2025-09-30,2025-10-08,Shipped,5
ORD-01186,Jane Mensah,jane.mensah779@example.com,Female,33,Kenya,Mombasa,Home Appliances,Air Fryer,1,110,0.05,104.5,Cash on Delivery,2025-10-09,2025-10-12,Returned,1
ORD-01187,Mercy Ochieng,mercy.ochieng902@example.com,Male,45,South Africa,Durban,Beauty,Body Lotion,2,19,0.05,36.1,Debit Card,2025-09-22,2025-09-29,Returned,4
ORD-01188,David Mwangi,david.mwangi76@example.com,Male,31,India,Mumbai,Beauty,Face Cream,2,24,0,48,Bank Transfer,2026-08-24,2026-08-28,Returned,3
ORD-01189,Esther Khan,esther.khan1@example.com,Male,39,Ghana,Kumasi,Beauty,Face Cream,1,24,0.15,20.4,PayPal,2025-09-12,2025-09-13,Returned,3
ORD-01190,Lucy Njoroge,lucy.njoroge149@example.com,Male,34,Rwanda,Butare,Electronics,Smartphone X12,1,699,0.1,629.1,Bank Transfer,2025-04-10,2025-04-17,Delivered,3
ORD-01191,David Njoroge,david.njoroge774@example.com,Female,65,Uganda,Entebbe,Electronics,Gaming Mouse,2,38,0.15,64.6,PayPal,2025-03-08,2025-03-11,Returned,5
ORD-01192,John Patel,john.patel411@example.com,Male,47,United Kingdom,Birmingham,Electronics,Smart Watch,2,120,0.25,180.0,Mobile Money,2025-04-10,2025-04-15,Processing,1
ORD-01193,Samuel Mwangi,samuel.mwangi560@example.com,Male,45,Nigeria,Abuja,Home Appliances,Vacuum Cleaner,1,145,0.15,123.25,Cash on Delivery,2026-08-19,2026-08-26,Returned,5
ORD-01194,Peter Akinyi,peter.akinyi603@example.com,Female,34,United Kingdom,Manchester,Home Appliances,Coffee Maker,4,85,0,340,Cash on Delivery,2025-02-20,2025-02-22,Shipped,1
ORD-01195,Mary Akinyi,mary.akinyi117@example.com,Female,22,Ghana,Accra,Beauty,Hair Dryer,1,48,0.15,40.8,Bank Transfer,2025-03-22,2025-03-29,Delivered,5
ORD-01196,Brian Kamau,brian.kamau528@example.com,Female,55,India,Chennai,Fashion,Handbag,1,55,0.15,46.75,Credit Card,2025-12-02,2025-12-08,Cancelled,5
ORD-01197,Daniel Otieno,daniel.otieno49@example.com,Female,36,Kenya,Nairobi,Home Appliances,Electric Kettle,1,35,0.2,28.0,Bank Transfer,2026-01-20,2026-01-25,Returned,4
ORD-01198,Daniel Otieno,daniel.otieno15@example.com,Female,70,Rwanda,Butare,Beauty,Face Cream,1,24,0.15,20.4,PayPal,2025-11-19,2025-11-26,Cancelled,4
ORD-01199,Peter Wanjiku,peter.wanjiku197@example.com,Male,68,Tanzania,Mwanza,Electronics,Smart Watch,2,120,0.1,216.0,PayPal,2026-03-12,2026-03-15,Processing,2
ORD-01200,Mary Kamau,mary.kamau407@example.com,Female,58,Rwanda,Kigali,Fashion,Handbag,1,55,0.1,49.5,Credit Card,2025-12-22,2025-12-26,Cancelled,1
ORD-01201,Esther Khan,esther.khan490@example.com,Female,62,Ghana,Accra,Fashion,Denim Jacket,1,62,0.15,52.7,PayPal,2025-11-15,2025-11-22,Returned,2
ORD-01202,Daavid Akinyi,invalid@,Female,999,Kenya, Nairobi ,Electronics,Smartphone X12,-1,€699.00,0%,1398.0,Cash,01/07/2026,08/07/2026,RETURNED,N/A
ORD-01203,Mary Wanjiku,mary.wanjiku542@example.com,Male,34,Rwanda,Kigali,Fashion,Running Shorts,1,28,0.05,26.6,Mobile Money,2026-05-06,2026-05-12,Processing,2
ORD-01204,Aisha Akinyi,aisha.akinyi272@example.com,Male,50,Rwanda,Kigali,Beauty,Body Lotion,1,19,0.25,14.25,Bank Transfer,2025-11-14,2025-11-17,Returned,1
ORD-01205,Mary Ochieng,mary.ochieng693@example.com,Female,45,South Africa,Durban,Home Appliances,Blender,3,58,0.1,156.6,Bank Transfer,2025-11-09,2025-11-15,Cancelled,3
ORD-01206,Brian Khan,brian.khan731@example.com,Female,46,Ghana,Kumasi,Electronics,Wireless Headphones,1,45,0.05,42.75,Cash on Delivery,2026-07-05,2026-07-13,Delivered,5
ORD-01207,Aisha Njoroge,aisha.njoroge174@example.com,Male,19,Rwanda,Kigali,Fashion,Running Shorts,1,28,0.25,21.0,Debit Card,2026-07-23,2026-07-30,Delivered,5
ORD-01208,Mercy Williams,mercy.williams397@example.com,Male,33,Tanzania,mwanza,Electronics,Laptop Pro 14,2,"$1,150.00",0%,460.0,bank transfer,09-19-2025,09-25-2025,shipped,5
ORD-01209,James Khan,james.khan69@example.com,Female,45,United Kingdom,London,Beauty,Lipstick,2,16,0.1,28.8,PayPal,2025-06-26,2025-07-01,Processing,3
ORD-01210,David Njoroge,david.njoroge618@example.com,Male,57,Rwanda,Kigali,Fashion,Hoodie,4,42,0.25,126.0,Bank Transfer,2026-04-07,2026-04-09,Processing,1
ORD-01211,James Smith,james.smith262@example.com,Female,52,India,Mumbai,Fashion,Hoodie,2,42,0.2,67.2,Cash on Delivery,2026-08-05,2026-08-12,Returned,5
ORD-01212,Brian Patel,brian.patel491@example.com,female,24,India,Mumbai,Home Appliances,Blender,2,58,0.25,87.0,MOBILE MONEY,2026-04-06,2026-04-09,Shipped,3
ORD-01213,Faith Wanjiku,faith.wanjiku582@example.com,Male,68,United Kingdom,Birmingham,Fashion,Hoodie,1,42,0.2,33.6,Bank Transfer,2025-06-04,2025-06-06,Returned,5
ORD-01214,@@Maary Brown!!,user#mail.com,MALE,999,rwanda, Kigali ,,Denim Jacket,0,$62.00,20%,128.96,Mpesa,21/06/2025,24/06/2025,Delivered,0
ORD-01215,Sarah Mwangi,sarah.mwangi951@example.com,Male,38,Rwanda,Kigali,Home Appliances,Air Fryer,4,110,0.05,418.0,Mobile Money,2025-03-29,2025-03-30,Processing,4
ORD-01216,Victor Akinyi,victor.akinyi853@example.com,Male,61,United Kingdom,Birmingham,Fashion,Denim Jacket,1,62,0.15,52.7,Bank Transfer,2025-02-05,2025-02-06,Delivered,2
ORD-01217,Peter Brown,peter.brown603@example.com,Female,42,Rwanda,Kigali,Electronics,Bluetooth Speaker,3,65,0.1,175.5,Bank Transfer,2025-03-18,2025-03-24,Delivered,1
ORD-01218,Samuel Khan,samuel.khan380@example.com,Male,37,Rwanda,Butare,Home Appliances,Air Fryer,1,110,0.25,82.5,Credit Card,2025-04-03,2025-04-07,Cancelled,3
ORD-01219,Mercy Ochieng,mercy.ochieng377@example.com,Male,67,Nigeria,Port Harcourt,Home Appliances,Vacuum Cleaner,2,145,0.2,232.0,Debit Card,2026-03-17,2026-03-24,Processing,5
ORD-01220,James Wanjiku,james.wanjiku553@example.com,Male,45,Rwanda,Butare,Fashion,Handbag,2,55,0,110,Cash on Delivery,2026-04-29,2026-05-07,Delivered,4
ORD-01221,Victor Njoroge,victor.njoroge919@example.com,Male,42,Tanzania,Mwanza,Beauty,Perfume,1,70,0,70,Credit Card,2025-08-31,2025-09-03,Shipped,1
ORD-01222,Sarah Patel,sarah.patel6@example.com,Female,66,Tanzania,Arusha,Fashion,Handbag,1,55,0,55,Mobile Money,2025-05-23,2025-05-25,Processing,4
ORD-01223,David Smith,david.smith766@example.com,Female,26,Tanzania,Dar es Salaam,Beauty,Lipstick,2,16,0.25,24.0,Debit Card,2025-10-31,2025-11-07,Delivered,5
ORD-01224,Samuel Otieno,samuel.otieno447@example.com,Male,35,United Kingdom,London,Home Appliances,Air Fryer,2,110,0.2,176.0,Mobile Money,2025-06-16,2025-06-19,Processing,5
ORD-01225,Jane Mwangi,jane.mwangi939@example.com,Male,26,Nigeria,Port Harcourt,Electronics,Gaming Mouse,2,38,0.1,68.4,PayPal,2026-07-21,2026-07-27,Processing,5
ORD-01226,Brian Otieno,brian.otieno865@example.com,Female,41,Kenya,Kisumu,Beauty,Body Lotion,1,19,0.2,15.2,Credit Card,2025-01-01,2025-01-02,Delivered,5
ORD-01227,Aisha Wanjiku,aisha.wanjiku848@example.com,Female,26,South Africa,Durban,Beauty,Hair Dryer,5,48,0.15,204.0,Debit Card,2026-04-27,2026-04-30,Returned,5
ORD-01228,James Otieno,james.otieno165@example.com,Female,62,Uganda,Kampala,Electronics,Wireless Headphones,2,45,0.25,67.5,Debit Card,2026-04-09,2026-04-13,Cancelled,1
ORD-01229,Sarah Smith,sarah.smith715@example.com,Male,66,United Kingdom,Manchester,Electronics,USB-C Charger,1,22,0.1,19.8,PayPal,2025-04-04,2025-04-06,Delivered,5
ORD-01230,Mary Brown,mary.brown372@example.com,Female,32,United States,New York,Electronics,Bluetooth Speaker,1,65,0,65,Credit Card,2025-02-24,2025-02-27,Delivered,2
ORD-01231,David Khan,david.khan517@example.com,Female,54,Rwanda,Butare,Electronics,Wireless Headphones,5,45,0.1,202.5,PayPal,2026-07-30,2026-08-05,Shipped,5
ORD-01232,Esther Akinyi,esther.akinyi135@example.com,Female,56,Ghana,Takoradi,Beauty,Body Lotion,2,19,0.05,36.1,Credit Card,2025-10-13,2025-10-21,Cancelled,4
ORD-01233,Sarah Kamau,sarah.kamau219@example.com,Male,67,Nigeria,Kano,Fashion,Handbag,1,55,0.1,49.5,Credit Card,2025-02-06,2025-02-11,Shipped,3
ORD-01234,Michael Khan,michael.khan304@example.com,Female,31,United Kingdom,Birmingham,Beauty,Perfume,2,70,0,140,Debit Card,2026-03-25,2026-03-30,Processing,5
ORD-01235,Esther Ochieng,esther.ochieng764@example.com,Female,45,Ghana,Takoradi,Electronics,USB-C Charger,3,22,0.2,52.8,PayPal,2025-07-18,2025-07-22,Processing,5
ORD-01236,Samuel Khan,samuel.khan817@example.com,Female,58,United Kingdom,London,Home Appliances,Electric Kettle,1,35,0.05,33.25,Credit Card,2026-02-20,2026-02-23,Processing,5
ORD-01237,Michael Mensah,michael.mensah344@example.com,Male,40,United States,Los Angeles,Home Appliances,Coffee Maker,1,85,0.1,76.5,Debit Card,2026-01-08,2026-01-15,Returned,2
ORD-01238,Grace Ochieng,grace.ochieng506@example.com,Female,58,Kenya,Eldoret,Electronics,Smart Watch,4,120,0.1,432.0,Credit Card,2025-01-29,2025-01-31,Delivered,2
ORD-01239,Brian Akinyi,brian.akinyi825@example.com,Female,36,United States,Los Angeles,Electronics,Smart Watch,10,120,0,1200,Bank Transfer,2026-02-03,2026-02-04,Shipped,5
ORD-01240,David Smith,david.smith182@example.com,Male,18,Kenya,Nakuru,Home Appliances,Electric Kettle,1,35,0.1,31.5,PayPal,2025-05-19,2025-05-22,Returned,4
ORD-01241,Mary Kamau,mary.kamau328@example.com,Female,25,Kenya,Nairobi,Fashion,Handbag,3,55,0.25,123.75,Bank Transfer,2025-08-08,2025-08-11,Returned,3
ORD-01242,Grace Williams,grace.williams454@example.com,Male,63,India,Bangalore,Electronics,USB-C Charger,1,22,0.15,18.7,Cash on Delivery,2025-05-13,2025-05-21,Delivered,5
ORD-01243,Mary Ochieng,mary.ochieng403@example.com,Male,36,India,Bangalore,Electronics,Smartphone X12,2,699,0,1398,Bank Transfer,2025-11-08,2025-11-09,Returned,2
ORD-01244,Mary Okafor,mary.okafor627@example.com,Female,62,Uganda,Entebbe,Fashion,Sneakers,4,75,0.15,255.0,PayPal,2025-03-07,2025-03-09,Returned,5
ORD-01245,Jane Smith,jane.smith581@example.com,Male,39,South Africa,Durban,Fashion,Hoodie,1,42,0.05,39.9,Credit Card,2025-02-16,2025-02-22,Delivered,4
ORD-01246,Mary Kamau,mary.kamau560@example.com,Female,42,United States,New York,Electronics,USB-C Charger,2,22,0.2,35.2,Bank Transfer,2026-05-04,2026-05-09,Shipped,1
,@@None!!,invalid@,,-5,,,,,4 units,28,0.05,138.32,Cash,18/08/2026,24/08/2026,,N/A
ORD-01248,Aisha Mensah,aisha.mensah63@example.com,Male,58,Rwanda,Kigali,Home Appliances,Air Fryer,2,110,0.1,198.0,Debit Card,2026-08-10,2026-08-13,Processing,2
ORD-01249,Mary Smith,mary.smith917@example.com,Male,44,Nigeria,Lagos,Electronics,Laptop Pro 14,3,1150,0.2,2760.0,Bank Transfer,2025-12-31,2026-01-04,Returned,1
ORD-01250,David Kiptoo,david.kiptoo403@example.com,Male,46,Rwanda,Butare,Fashion,Sneakers,1,75,0,75,Bank Transfer,2025-05-20,2025-05-21,Processing,3
ORD-01251,David Otieno,david.otieno608@example.com,Female,65,United States,Houston,Beauty,Hair Dryer,3,48,0.05,136.8,Credit Card,2025-11-16,2025-11-19,Shipped,4
ORD-01252,Michael Akinyi,michael.akinyi363@example.com,Male,51,South Africa,Pretoria,Fashion,Sneakers,4,75,0.05,285.0,Mobile Money,2025-03-21,2025-03-26,Delivered,4
ORD-01253,Aisha Wanjiku,aisha.wanjiku731@example.com,Male,66,Ghana,Accra,Beauty,Face Cream,1,24,0.1,21.6,Bank Transfer,2025-07-05,2025-07-09,Shipped,4
ORD-01254,Grace Okafor,grace.okafor587@example.com,Male,49,India,Delhi,Electronics,Bluetooth Speaker,4,65,0.2,208.0,Credit Card,2026-01-10,2026-01-12,Delivered,4
ORD-01255,Victor Khan,victor.khan321@example.com,Female,54,South Africa,Durban,Home Appliances,Vacuum Cleaner,2,145,0.25,217.5,Bank Transfer,2026-04-27,2026-04-30,Delivered,5
ORD-01256,Faith Njoroge,faith.njoroge548@example.com,Male,66,United Kingdom,London,Electronics,Gaming Mouse,10,38,0.1,342.0,Debit Card,2025-03-10,2025-03-17,Returned,5
ORD-01257,Mary Smith,mary.smith99@example.com,Male,50,United States,Chicago,Home Appliances,Blender,5,58,0.1,261.0,Credit Card,2025-06-22,2025-06-30,Delivered,2
ORD-01258,Brian Smith,brian.smith969@example.com,Male,27,South Africa,Durban,Fashion,Running Shorts,4,28,0.05,106.4,PayPal,2025-09-16,2025-09-18,Cancelled,3
ORD-01259,Victor Mensah,victor.mensah728@example.com,Male,30,South Africa,Cape Town,Electronics,Wireless Headphones,1,45,0.1,40.5,Credit Card,2025-05-10,2025-05-11,Shipped,2
ORD-01260,Michael Njoroge,michael.njoroge368@example.com,Male,26,Uganda,Jinja,Fashion,Denim Jacket,3,62,0.05,176.7,Debit Card,2025-09-07,2025-09-13,Delivered,5
ORD-01261,Daniel Kiptoo,daniel.kiptoo202@example.com,Male,18,Ghana,Accra,Beauty,Hair Dryer,4,48,0.15,163.2,Mobile Money,2025-12-19,2025-12-23,Cancelled,4
ORD-01262,John Smith,john.smith166@example.com,Male,56,Rwanda,Kigali,Fashion,Denim Jacket,3,62,0.25,139.5,PayPal,2026-03-02,2026-03-04,Cancelled,4
ORD-01263,Daniel Wanjiku,daniel.wanjiku863@example.com,Female,65,Kenya,Mombasa,Fashion,Sneakers,5,75,0,375,Debit Card,2025-03-10,2025-03-17,Shipped,4
ORD-01264,Jane Kiptoo,jane.kiptoo571@example.com,Female,41,South Africa,Johannesburg,Beauty,Lipstick,1,16,0,16,Credit Card,2026-02-07,2026-02-15,Cancelled,4
ORD-01265,Jane Akinyi,jane.akinyi62@example.com,Female,37,Rwanda,Kigali,Electronics,Smart Watch,2,120,0.15,204.0,Credit Card,2025-09-18,2025-09-23,Cancelled,5
ORD-01266,Faith Mensah,faith.mensah427@example.com,Male,40,Rwanda,Kigali,Home Appliances,Vacuum Cleaner,3,145,0.25,326.25,Mobile Money,2025-11-06,2025-11-13,Shipped,2
ORD-01267,David Mwangi,david.mwangi992@example.com,Female,27,Ghana,Takoradi,Fashion,Handbag,4,55,0,220,Debit Card,2025-08-10,2025-08-17,Processing,5
ORD-01268,James Patel,james.patel526@example.com,Male,58,United Kingdom,Birmingham,Home Appliances,Blender,2,58,0,116,Bank Transfer,2026-07-01,2026-07-09,Returned,5
ORD-01269,David Smith,david.smith616@example.com,Female,54,India,Chennai,Fashion,Running Shorts,1,28,0.1,25.2,Cash on Delivery,2025-09-27,2025-10-01,Processing,2
ORD-01270,Mary Akinyi,mary.akinyi545@example.com,Male,33,Ghana,Tamale,Beauty,Perfume,4,70,0.25,210.0,Credit Card,2025-09-09,2025-09-14,Shipped,2
ORD-01271,Daniel Akinyi,daniel.akinyi885@example.com,Female,47,Tanzania,Mwanza,Beauty,Lipstick,1,16,0.25,12.0,PayPal,2026-08-01,2026-08-06,Cancelled,4
ORD-01272,Esther Akinyi,esther.akinyi578@example.com,Female,48,Uganda,Jinja,Home Appliances,Electric Kettle,1,35,0.05,33.25,Cash on Delivery,2026-02-07,2026-02-14,Returned,5
ORD-01273,Peter Mwangi,peter.mwangi379@example.com,Male,19,Nigeria,Port Harcourt,Fashion,Cotton T-Shirt,1,18,0.05,17.1,Cash on Delivery,2026-08-10,2026-08-16,Processing,4
ORD-01274,Victor Kiptoo,victor.kiptoo407@example.com,Female,37,Tanzania,Dar es Salaam,Beauty,Body Lotion,1,19,0.1,17.1,Debit Card,2025-07-06,2025-07-08,Delivered,4
ORD-01275,Grace Mwangi,grace.mwangi186@example.com,Male,42,Uganda,Kampala,Fashion,Cotton T-Shirt,3,18,0.2,43.2,PayPal,2025-10-20,2025-10-21,Returned,5
ORD-01276,Lucy Wanjiku,lucy.wanjiku736@example.com,Male,69,South Africa,Cape Town,Beauty,Face Cream,1,24,0.1,21.6,Bank Transfer,2026-04-09,2026-04-16,Cancelled,2
ORD-01277,Aisha Otieno,aisha.otieno955@example.com,Male,25,Kenya,Nairobi,Electronics,USB-C Charger,5,22,0.1,99.0,Cash on Delivery,2026-01-13,2026-01-21,Processing,1
ORD-01278,James Williams,james.williams472@example.com,Female,34,South Africa,Durban,Home Appliances,Coffee Maker,4,85,0.15,289.0,Mobile Money,2026-05-26,2026-05-27,Shipped,1
ORD-01279,Faith Khan,faith.khan456@example.com,Female,47,Ghana,Accra,Beauty,Hair Dryer,4,48,0.05,182.4,Bank Transfer,2025-05-16,2025-05-23,Processing,4
ORD-01280,Mary Khan,mary.khan782@example.com,Female,58,South Africa,Pretoria,Electronics,Wireless Headphones,1,45,0,45,Credit Card,2025-06-06,2025-06-14,Delivered,5
ORD-01281,Linda Patel,linda.patel699@example.com,Male,29,Tanzania,Arusha,Electronics,Wireless Headphones,1,45,0.05,42.75,PayPal,2025-03-09,2025-03-14,Cancelled,2
ORD-01282,Victor Brown,victor.brown811@example.com,Male,25,South Africa,Johannesburg,Beauty,Face Cream,2,24,0.05,45.6,Debit Card,2026-02-12,2026-02-14,Delivered,4
ORD-01283,Samuel Otieno,samuel.otieno929@example.com,Male,64,South Africa,Pretoria,Home Appliances,Blender,2,58,0.2,92.8,Debit Card,2025-07-10,2025-07-18,Processing,4
ORD-01284,Brian Otieno,brian.otieno155@example.com,Female,58,Tanzania,Mwanza,Home Appliances,Coffee Maker,2,85,0.05,161.5,Cash on Delivery,2025-08-21,2025-08-25,Returned,5
ORD-01285,Jane Wanjiku,jane.wanjiku133@example.com,Female,32,Uganda,Entebbe,Beauty,Makeup Kit,2,52,0.05,98.8,PayPal,2026-03-14,2026-03-16,Delivered,5
ORD-01286,Mercy Njoroge,mercy.njoroge807@example.com,Male,25,Nigeria,Lagos,Beauty,Face Cream,2,24,0.15,40.8,Credit Card,2025-07-24,2025-07-31,Delivered,1
ORD-01287,Faith Khan,faith.khan986@example.com,Male,53,Ghana,Takoradi,Electronics,Bluetooth Speaker,2,65,0.2,104.0,Bank Transfer,2025-04-02,2025-04-10,Cancelled,5
ORD-01288,Michael Williams,michael.williams269@example.com,Male,26,Uganda,Jinja,Home Appliances,Microwave Oven,2,180,0.1,324.0,Debit Card,2025-08-03,2025-08-07,Shipped,5
ORD-01289,Brian Akinyi,brian.akinyi574@example.com,Male,60,United Kingdom,London,Electronics,Gaming Mouse,2,38,0.1,68.4,PayPal,2025-07-08,2025-07-11,Cancelled,5
ORD-01290,Faith Patel,faith.patel919@example.com,Female,58,Ghana,Tamale,Fashion,Cotton T-Shirt,2,18,0.15,30.6,Bank Transfer,2025-09-08,2025-09-10,Delivered,4
ORD-01291,John Njoroge,john.njoroge686@example.com,Male,38,Uganda,Entebbe,Beauty,Hair Dryer,1,48,0.05,45.6,Credit Card,2026-07-27,2026-08-01,Returned,4
ORD-01292,Mary Okafor,mary.okafor804@example.com,Female,36,Kenya,Nairobi,Fashion,Handbag,1,55,0.25,41.25,PayPal,2025-08-23,2025-08-31,Cancelled,5
ORD-01293,David Williams,david.williams179@example.com,Male,58,Uganda,Entebbe,Electronics,Bluetooth Speaker,1,65,0.2,52.0,Bank Transfer,2026-01-13,2026-01-15,Processing,4
ORD-01294,David Mensah,david.mensah739@example.com,Male,42,India,Bangalore,Home Appliances,Microwave Oven,1,180,0.2,144.0,Mobile Money,2025-11-25,2025-12-03,Processing,5
ORD-01295,Aisha Kiptoo,aisha.kiptoo163@example.com,Male,60,Kenya,Nakuru,Electronics,Gaming Mouse,1,38,0.1,34.2,Debit Card,2025-03-14,2025-03-22,Delivered,1
ORD-01296,Samuel Njoroge,samuel.njoroge545@example.com,Female,54,Nigeria,Abuja,Fashion,Running Shorts,1,28,0.2,22.4,Cash on Delivery,2026-02-20,2026-02-21,Cancelled,5
ORD-01297,Aisha Otieno,aisha.otieno449@example.com,Female,59,Ghana,Takoradi,Beauty,Lipstick,1,16,0.2,12.8,Bank Transfer,2025-01-29,2025-02-06,Returned,3
ORD-01298,Faith Patel,faith.patel653@example.com,Female,31,United Kingdom,Birmingham,Beauty,Makeup Kit,2,52,0.1,93.6,Credit Card,2025-07-27,2025-07-29,Cancelled,5
ORD-01299,Mary Otieno,mary.otieno124@example.com,Male,55,South Africa,Johannesburg,Home Appliances,Electric Kettle,1,35,0.05,33.25,PayPal,2025-12-27,2025-12-28,Cancelled,4
ORD-01300,Mary Ochieng,mary.ochieng144@example.com,Female,44,Uganda,Entebbe,Beauty,Hair Dryer,2,48,0.25,72.0,Cash on Delivery,2026-02-10,2026-02-15,Cancelled,3
ORD-01301,David Kiptoo,david.kiptoo836@example.com,Female,30,Uganda,Jinja,Beauty,Body Lotion,2,19,0.1,34.2,Credit Card,2025-12-22,2025-12-29,Processing,5
ORD-01302,Faith Njoroge,faith.njoroge204@example.com,Female,20,Kenya,Nairobi,Beauty,Perfume,1,70,0.25,52.5,Debit Card,2025-10-06,2025-10-13,Cancelled,5
ORD-01303,Faith Akinyi,faith.akinyi211@example.com,Female,21,Nigeria,Kano,Home Appliances,Electric Kettle,2,35,0.15,59.5,PayPal,2026-04-23,2026-04-24,Processing,2
ORD-01304,Lucy Wanjiku,lucy.wanjiku81@example.com,Female,38,United Kingdom,London,Beauty,Lipstick,2,16,0.15,27.2,Mobile Money,2026-06-22,2026-06-28,Processing,5
ORD-01305,Lucy Brown,lucy.brown227@example.com,Female,37,Rwanda,Butare,Fashion,Cotton T-Shirt,5,18,0.1,81.0,Credit Card,2025-03-16,2025-03-21,Cancelled,5
ORD-01306,Daniel Mensah,daniel.mensah462@example.com,Male,36,India,Delhi,Fashion,Running Shorts,5,28,0.1,126.0,PayPal,2026-08-12,2026-08-17,Delivered,4
ORD-01307,James Kiptoo,james.kiptoo132@example.com,Female,56,United Kingdom,London,Fashion,Denim Jacket,1,62,0.1,55.8,Debit Card,2025-08-12,2025-08-17,Shipped,1
ORD-01308,Grace Patel,grace.patel491@example.com,Male,66,Kenya,Eldoret,Beauty,Perfume,1,70,0.05,66.5,Cash on Delivery,2026-05-06,2026-05-12,Processing,3
ORD-01309,Brian Ochieng,brian.ochieng251@example.com,Male,18,Rwanda,Butare,Home Appliances,Microwave Oven,3,180,0.05,513.0,Mobile Money,2025-11-06,2025-11-11,Processing,5
ORD-01310,Brian Khan,brian.khan755@example.com,Male,40,Nigeria,Abuja,Fashion,Hoodie,1,42,0,42,Bank Transfer,2025-05-20,2025-05-22,Cancelled,2
ORD-01311,Linda Ochieng,linda.ochieng569@example.com,Male,45,Rwanda,Butare,Beauty,Perfume,1,70,0.1,63.0,PayPal,2026-08-11,2026-08-15,Processing,1
ORD-01312,David Wanjiku,david.wanjiku957@example.com,Female,52,South Africa,Durban,Home Appliances,Microwave Oven,1,180,0,180,Debit Card,2025-02-19,2025-02-23,Shipped,3
ORD-01313,Michael Mwangi,michael.mwangi188@example.com,Female,34,Ghana,Kumasi,Electronics,Gaming Mouse,1,38,0.1,34.2,PayPal,2025-08-01,2025-08-03,Shipped,1
ORD-01314,Sarah Williams,sarah.williams924@example.com,Female,59,India,Chennai,Beauty,Body Lotion,3,19,0,57,Cash on Delivery,2025-05-25,2025-05-30,Delivered,4
ORD-01315,Kevin Ochieng,kevin.ochieng310@example.com,Female,31,Nigeria,Port Harcourt,Beauty,Hair Dryer,1,48,0.1,43.2,Cash on Delivery,2025-03-01,2025-03-04,Processing,2
ORD-01316,Michael Williams,michael.williams345@example.com,Male,64,Ghana,Kumasi,Home Appliances,Microwave Oven,1,180,0.05,171.0,Cash on Delivery,2025-07-23,2025-07-27,Shipped,2
ORD-01317,Victor Kamau,victor.kamau221@example.com,Male,31,South Africa,Johannesburg,Fashion,Sneakers,1,75,0.15,63.75,Debit Card,2025-08-24,2025-08-25,Processing,2
ORD-01318,Jane Khan,jane.khan836@example.com,Female,18,United States,New York,Electronics,Laptop Pro 14,4,1150,0.15,3910.0,Mobile Money,2026-03-14,2026-03-17,Returned,4
ORD-01319,Kevin Ochieng,kevin.ochieng81@example.com,Male,29,Tanzania,Dar es Salaam,Electronics,Smartphone X12,1,699,0.1,629.1,Mobile Money,2026-08-19,2026-08-24,Shipped,4
ORD-01320,Michael Kamau,michael.kamau970@example.com,Male,69,South Africa,Durban,Fashion,Sneakers,1,75,0.1,67.5,Debit Card,2025-04-04,2025-04-12,Shipped,5
ORD-01321,Esther Khan,esther.khan852@example.com,Female,34,Ghana,Tamale,Electronics,Bluetooth Speaker,1,65,0.25,48.75,Bank Transfer,2025-04-15,2025-04-23,Cancelled,5
ORD-01322,Aisha Khan,aisha.khan271@example.com,Female,21,Uganda,Entebbe,Electronics,Smart Watch,3,120,0.2,288.0,Mobile Money,2026-01-04,2026-01-08,Shipped,5
ORD-01323,Aisha Otieno,aisha.otieno325@example.com,Male,56,United States,Chicago,Home Appliances,Vacuum Cleaner,4,145,0,580,Mobile Money,2026-08-22,2026-08-28,Returned,4
ORD-01324,Kevin Njoroge,kevin.njoroge588@example.com,Male,67,Uganda,Jinja,Fashion,Denim Jacket,2,62,0.25,93.0,Credit Card,2025-07-10,2025-07-12,Delivered,2
ORD-01325,Jane Brown,jane.brown567@example.com,Male,44,Nigeria,Kano,Beauty,Body Lotion,1,19,0.25,14.25,Credit Card,2025-03-17,2025-03-25,Cancelled,4
ORD-01326,Mercy Mwangi,mercy.mwangi712@example.com,Male,40,Kenya,Mombasa,Fashion,Cotton T-Shirt,1,18,0.2,14.4,Credit Card,2025-11-22,2025-11-24,Shipped,4
ORD-01327,Aisha Otieno,aisha.otieno22@example.com,Female,41,United States,Los Angeles,Home Appliances,Electric Kettle,1,35,0.15,29.75,Mobile Money,2025-06-03,2025-06-06,Shipped,1
ORD-01328,Kevin Khan,kevin.khan200@example.com,Male,65,Tanzania,Mwanza,Home Appliances,Vacuum Cleaner,4,145,0.15,493.0,PayPal,2026-07-07,2026-07-11,Processing,2
ORD-01329,John Mwangi,john.mwangi476@example.com,Male,19,Kenya,Kisumu,Beauty,Body Lotion,2,19,0.1,34.2,Bank Transfer,2025-01-11,2025-01-17,Cancelled,5
ORD-01330,Linda Mwangi,linda.mwangi639@example.com,Male,62,Tanzania,Dar es Salaam,Home Appliances,Electric Kettle,3,35,0.15,89.25,Bank Transfer,2026-02-11,2026-02-18,Shipped,5
ORD-01331,Linda Njoroge,linda.njoroge327@example.com,Male,68,India,Bangalore,Beauty,Perfume,1,70,0.15,59.5,Debit Card,2025-06-13,2025-06-19,Delivered,5
ORD-01332,John Smith,john.smith378@example.com,Male,54,Rwanda,Butare,Electronics,Smartphone X12,3,699,0.05,1992.15,Credit Card,2025-06-04,2025-06-09,Processing,1
ORD-01333,Victor Kiptoo,victor.kiptoo239@example.com,Male,45,Rwanda,Kigali,Electronics,Smartphone X12,2,699,0.1,1258.2,Mobile Money,2026-04-20,2026-04-23,Shipped,5
ORD-01334,Peter Smith,peter.smith266@example.com,Male,57,Uganda,Jinja,Fashion,Sneakers,1,75,0,75,Debit Card,2026-07-19,2026-07-25,Shipped,1
ORD-01335,Aisha Kamau,aisha.kamau839@example.com,Male,59,South Africa,Johannesburg,Electronics,Bluetooth Speaker,2,65,0.05,123.5,Debit Card,2025-07-01,2025-07-04,Delivered,1
ORD-01336,Esther Okafor,esther.okafor428@example.com,Female,52,Uganda,Jinja,Electronics,Laptop Pro 14,1,1150,0.05,1092.5,Credit Card,2026-02-16,2026-02-21,Returned,1
ORD-01337,Brian Patel,brian.patel857@example.com,Male,61,Tanzania,Arusha,Electronics,USB-C Charger,1,22,0.1,19.8,Cash on Delivery,2025-02-13,2025-02-20,Returned,2
ORD-01338,Peter Williams,peter.williams755@example.com,Female,42,United States,Los Angeles,Beauty,Perfume,3,70,0.2,168.0,PayPal,2025-10-16,2025-10-23,Delivered,5
ORD-01339,Brian Brown,brian.brown953@example.com,Male,45,Ghana,Kumasi,Home Appliances,Coffee Maker,1,85,0.2,68.0,Debit Card,2025-07-03,2025-07-05,Delivered,2
ORD-01340,Kevin Williams,kevin.williams996@example.com,Female,25,Nigeria,Lagos,Home Appliances,Electric Kettle,2,35,0.2,56.0,Mobile Money,2026-05-13,2026-05-15,Returned,1
ORD-01341,Kevin Kaamau,kevin.kamau754@example.com,Male,53,, BUTARE ,ELECTRONICS,Laptop Pro 14,1000,"$1,150.00",25%,1121.25,Mpesa,02-28-2025,03-04-2025,CANCELLED,4
ORD-01342,Esther Patel,esther.patel830@example.com,Male,57,United Kingdom,London,Electronics,Bluetooth Speaker,2,65,0.05,123.5,Mobile Money,2026-08-02,2026-08-03,Cancelled,1
ORD-01343,Aisha Patel,aisha.patel570@example.com,Female,31,Rwanda,Kigali,Beauty,Lipstick,4,16,0.05,60.8,Mobile Money,2025-07-28,2025-08-01,Cancelled,4
ORD-01344,Sarah Khan,sarah.khan831@example.com,Female,66,Nigeria,Kano,Home Appliances,Coffee Maker,1,85,0.25,63.75,Credit Card,2025-07-01,2025-07-08,Shipped,4
ORD-01345,James Williams,james.williams161@example.com,Male,30,Uganda,Kampala,Electronics,Wireless Headphones,1,45,0.25,33.75,Cash on Delivery,2025-06-06,2025-06-08,Returned,5
ORD-01346,David Okafor,david.okafor489@example.com,Male,38,South Africa,Durban,Fashion,Handbag,3,55,0.25,123.75,Mobile Money,2026-02-20,2026-02-28,Delivered,4
ORD-01347,James Kamau,james.kamau877@example.com,Female,59,Rwanda,Butare,Fashion,Sneakers,2,75,0.2,120.0,Debit Card,2025-09-11,2025-09-13,Cancelled,5
ORD-01348,Victor Kiptoo,victor.kiptoo594@example.com,Male,52,Rwanda,Kigali,Beauty,Body Lotion,2,19,0.1,34.2,Bank Transfer,2026-07-09,2026-07-14,Cancelled,3
ORD-01349,Sarah Kiptoo,sarah.kiptoo783@example.com,Female,28,Kenya,Mombasa,Beauty,Lipstick,1,16,0.15,13.6,PayPal,2026-08-12,2026-08-14,Cancelled,2
ORD-01350,Esther Smith,esther.smith652@example.com,Female,18,India,Delhi,Home Appliances,Blender,1,58,0.1,52.2,Cash on Delivery,2025-11-02,2025-11-05,Delivered,5
ORD-01351,David Williams,david.williams449@example.com,Female,54,United States,Chicago,Beauty,Lipstick,2,16,0.1,28.8,Credit Card,2026-05-12,2026-05-13,Returned,5
ORD-01352,Mercy Patel,mercy.patel585@example.com,Female,36,United States,Houston,Beauty,Hair Dryer,2,48,0.25,72.0,Debit Card,2025-10-10,2025-10-12,Returned,5
ORD-01353,James Smith,james.smith352@example.com,Female,31,Uganda,Kampala,Beauty,Lipstick,1,16,0.15,13.6,PayPal,2026-08-19,2026-08-21,Returned,4
ORD-01354,James Williams,james.williams404@example.com,Female,18,Uganda,Entebbe,Home Appliances,Air Fryer,3,110,0.05,313.5,Credit Card,2025-06-25,2025-06-27,Shipped,4
ORD-01355,Mary Ochieng,mary.ochieng861@example.com,Male,52,United States,New York,Beauty,Lipstick,1,16,0.2,12.8,Cash on Delivery,2025-10-05,2025-10-10,Delivered,3
ORD-01356,Linda Mwangi,linda.mwangi683@example.com,Male,70,Kenya,Eldoret,Fashion,Running Shorts,3,28,0.1,75.6,Bank Transfer,2026-05-01,2026-05-06,Delivered,4
ORD-01357,Jane Khan,jane.khan14@example.com,Male,21,Rwanda,Kigali,Electronics,Smartphone X12,4,699,0.15,2376.6,PayPal,2025-08-06,2025-08-07,Cancelled,5
ORD-01358,Samuel Mwangi,samuel.mwangi100@example.com,Female,53,Rwanda,Kigali,Home Appliances,Coffee Maker,1,85,0.1,76.5,Mobile Money,2026-08-02,2026-08-06,Returned,4
ORD-01359,John Smith,john.smith122@example.com,Female,51,Uganda,Entebbe,Beauty,Body Lotion,1,19,0.15,16.15,Credit Card,2025-06-15,2025-06-22,Delivered,5
ORD-01360,Daniel Khan,daniel.khan303@example.com,Female,37,South Africa,Pretoria,Home Appliances,Coffee Maker,1,85,0.05,80.75,Mobile Money,2025-05-15,2025-05-16,Processing,4
ORD-01361,Samuel Otieno,samuel.otieno807@example.com,Male,67,Rwanda,Butare,Home Appliances,Electric Kettle,1,35,0,35,Cash on Delivery,2025-04-30,2025-05-06,Returned,3
ORD-01362,Aisha Kamau,aisha.kamau624@example.com,Female,18,United States,Chicago,Home Appliances,Microwave Oven,3,180,0.05,513.0,Bank Transfer,2025-08-30,2025-09-03,Processing,5
ORD-01363,Lucy Okafor,lucy.okafor296@example.com,Female,61,Kenya,Kisumu,Beauty,Hair Dryer,2,48,0.15,81.6,Mobile Money,2026-01-17,2026-01-21,Processing,5
ORD-01364,Brian Mwangi,brian.mwangi342@example.com,Female,64,South Africa,Cape Town,Home Appliances,Air Fryer,2,110,0,220,Bank Transfer,2025-08-12,2025-08-14,Returned,2
ORD-01365,David Khan,david.khan735@example.com,Female,67,South Africa,Pretoria,Fashion,Running Shorts,1,28,0,28,Mobile Money,2025-08-31,2025-09-03,Cancelled,5
ORD-01366,Peter Okafor,peter.okafor333@example.com,Male,28,Uganda,Jinja,Fashion,Hoodie,1,42,0.1,37.8,Bank Transfer,2026-08-22,2026-08-27,Processing,2
ORD-01367,Linda Akinyi,linda.akinyi630@example.com,Female,23,Tanzania,Dar es Salaam,Beauty,Face Cream,5,24,0.1,108.0,Credit Card,2025-03-10,2025-03-11,Returned,3
ORD-01368,Michael Mwangi,michael.mwangi276@example.com,Male,48,Kenya,Kisumu,Home Appliances,Vacuum Cleaner,1,145,0.15,123.25,Debit Card,2026-01-10,2026-01-14,Processing,3
ORD-01369,Grace Akinyi,grace.akinyi595@example.com,female,37,UNITED KINGDOM,Birmingham,Home Appliances,Air Fryer,3,110,0.15,280.5,Cash on Delivery,2025-07-24,2025-07-29,SHIPPED,3
ORD-01370,Linda Okafor,linda.okafor548@example.com,Male,29,United Kingdom,Birmingham,Fashion,Handbag,4,55,0.2,176.0,Cash on Delivery,2025-12-28,2025-12-31,Cancelled,4
ORD-01371,Peter Otieno,peter.otieno126@example.com,Female,46,Uganda,Jinja,Beauty,Perfume,1,70,0,70,Bank Transfer,2026-02-23,2026-03-01,Shipped,4
ORD-01372,Jane Kiptoo,jane.kiptoo703@example.com,Male,48,South Africa,Pretoria,Electronics,Wireless Headphones,2,45,0,90,Mobile Money,2025-10-27,2025-11-01,Cancelled,4
ORD-01373,Victor Khan,victor.khan67@example.com,Male,37,United States,Los Angeles,Beauty,Perfume,2,70,0.15,119.0,Cash on Delivery,2025-08-03,2025-08-10,Returned,2
ORD-01374,Victor Mensah,victor.mensah810@example.com,Male,19,Rwanda,Butare,Home Appliances,Blender,1,58,0.2,46.4,Cash on Delivery,2025-04-25,2025-04-26,Returned,5
ORD-01375,Grace Brown,grace.brown88@example.com,Female,52,South Africa,Johannesburg,Fashion,Running Shorts,2,28,0.05,53.2,Debit Card,2026-06-19,2026-06-24,Processing,3
ORD-01376,Mercy Brown,mercy.brown469@example.com,Female,55,United Kingdom,Birmingham,Home Appliances,Vacuum Cleaner,3,145,0.25,326.25,PayPal,2026-03-25,2026-03-28,Cancelled,5
ORD-01377,Mary Otieno,mary.otieno147@example.com,Female,22,India,Bangalore,Fashion,Hoodie,3,42,0.2,100.8,Cash on Delivery,2026-08-21,2026-08-29,Returned,5
ORD-01378,Mercy Khan,mercy.khan881@example.com,Male,46,Nigeria,Abuja,Home Appliances,Vacuum Cleaner,2,145,0.25,217.5,Cash on Delivery,2026-04-19,2026-04-20,Returned,3
ORD-01379,Esther Njoroge,esther.njoroge779@example.com,Female,28,Uganda,Entebbe,Electronics,Gaming Mouse,1,38,0.05,36.1,Debit Card,2026-06-20,2026-06-22,Shipped,1
ORD-01380,Victor Wanjiku,victor.wanjiku625@example.com,Male,49,South Africa,Durban,Beauty,Body Lotion,1,19,0,19,Credit Card,2025-10-09,2025-10-15,Delivered,5
ORD-01381,Jane Akinyi,jane.akinyi152@example.com,Female,53,India,Delhi,Electronics,USB-C Charger,2,22,0,44,PayPal,2026-03-10,2026-03-14,Delivered,2
ORD-01382,John Williams,john.williams857@example.com,Female,60,Tanzania,Mwanza,Electronics,Gaming Mouse,2,38,0.25,57.0,Mobile Money,2025-07-19,2025-07-22,Delivered,5
ORD-01383,Sarah Otieno,sarah.otieno874@example.com,Female,54,Nigeria,Lagos,Fashion,Hoodie,1,42,0.05,39.9,PayPal,2025-11-11,2025-11-14,Processing,5
ORD-01384,Grace Patel,grace.patel515@example.com,Male,63,Rwanda,Kigali,Electronics,Laptop Pro 14,2,1150,0.2,1840.0,Credit Card,2025-02-13,2025-02-18,Shipped,3
ORD-01385,James Njoroge,james.njoroge211@example.com,Female,42,United States,Chicago,Beauty,Face Cream,4,24,0.25,72.0,Debit Card,2025-05-24,2025-06-01,Processing,1
ORD-01386,Mary Brown,mary.brown8@example.com,Female,58,India,Chennai,Fashion,Denim Jacket,1,62,0.2,49.6,Mobile Money,2026-07-12,2026-07-18,Delivered,4
ORD-01387,Samuel Wanjiku,samuel.wanjiku599@example.com,Male,49,Uganda,Entebbe,Fashion,Sneakers,2,75,0.15,127.5,Credit Card,2026-01-01,2026-01-07,Delivered,4
ORD-01388,Faith Njoroge,faith.njoroge498@example.com,Female,29,South Africa,Pretoria,Electronics,Laptop Pro 14,1,1150,0.2,920.0,Cash on Delivery,2025-01-29,2025-02-01,Cancelled,5
ORD-01389,Aisha Okafor,aisha.okafor85@example.com,Female,42,Rwanda,Butare,Electronics,Bluetooth Speaker,4,65,0.1,234.0,Bank Transfer,2025-09-20,2025-09-22,Cancelled,4
ORD-01390,Peter Okafor,peter.okafor894@example.com,Female,70,Nigeria,kano,BEAUTY,Hair Dryer,2,48,0.05,91.2,PayPal,2026-02-24,2026-03-01,Delivered,1
ORD-01391,Michael Kamau,michael.kamau542@example.com,Male,66,United Kingdom,London,Home Appliances,Coffee Maker,1,85,0.1,76.5,Cash on Delivery,2025-11-21,2025-11-25,Cancelled,1
ORD-01392,Mercy Smith,mercy.smith989@example.com,Male,62,Kenya,Nakuru,Beauty,Lipstick,1,16,0.25,12.0,Cash on Delivery,2026-08-07,2026-08-10,Returned,2
ORD-01393,Grace Patel,grace.patel724@example.com,Female,33,Uganda,Jinja,Beauty,Hair Dryer,4,48,0.1,172.8,Mobile Money,2026-07-05,2026-07-13,Delivered,2
ORD-01394,Grace Williams,grace.williams393@example.com,Female,70,South Africa,Johannesburg,Beauty,Body Lotion,5,19,0,95,Debit Card,2025-02-05,2025-02-09,Returned,3
ORD-01395,@@Jaane Okafor!!,john@@email.com,male,0,United Kingdom, London ,beauty,,-2,KSh 70,15%,154.7,Cash,2025.08.08,2025.08.15,Cancelled,N/A
ORD-01396,David Mensah,david.mensah36@example.com,Female,64,Kenya,Kisumu,Electronics,Laptop Pro 14,3,1150,0.05,3277.5,Credit Card,2026-04-07,2026-04-15,Processing,2
ORD-01397,Victor Patel,victor.patel722@example.com,Male,35,Nigeria,Lagos,Electronics,Laptop Pro 14,2,1150,0.25,1725.0,PayPal,2026-08-02,2026-08-06,Processing,2
ORD-01398,Lucy Kamau,lucy.kamau978@example.com,Male,58,South Africa,Johannesburg,Electronics,Smart Watch,2,120,0.2,192.0,Mobile Money,2025-05-28,2025-06-02,Delivered,5
ORD-01399,Victor Kiptoo,victor.kiptoo210@example.com,Male,29,United Kingdom,Manchester,Fashion,Running Shorts,1,28,0.1,25.2,PayPal,2026-01-18,2026-01-20,Shipped,4
ORD-01400,Sarah Patel,sarah.patel637@example.com,Male,21,Kenya,Kisumu,Fashion,Denim Jacket,1,62,0,62,Cash on Delivery,2025-07-17,2025-07-22,Cancelled,4
ORD-01401,Samuel Njoroge,samuel.njoroge712@example.com,Male,59,Rwanda,Kigali,Electronics,USB-C Charger,1,22,0.2,17.6,Credit Card,2025-02-27,2025-03-02,Delivered,4
ORD-01402,Jane Wanjiku,jane.wanjiku420@example.com,Male,52,South Africa,Pretoria,Beauty,Makeup Kit,1,52,0.2,41.6,Mobile Money,2025-01-11,2025-01-17,Returned,4
ORD-01403,John Ochieng,john.ochieng818@example.com,Male,47,Kenya,Nairobi,Beauty,Perfume,1,70,0.2,56.0,Credit Card,2026-04-18,2026-04-20,Cancelled,2
ORD-01404,Maary Brown,mary.brown522@example.com,male,48,Nigeria, Lagos ,Fashion,,3,42,0.2,131.04,Cash,04/02/2026,12/02/2026,DELIVERED,2
ORD-01405,Lucy Paatel,user#mail.com,male,999,SOUTH AFRICA, Pretoria ,Electronics,Smartphone X12,0,699,10%,943.65,M-Pesa,05/01/2026,08/01/2026,CANCELLED,6
ORD-01406,Esther Kamau,esther.kamau668@example.com,Female,47,Tanzania,Arusha,Electronics,Smartphone X12,4,699,0.15,2376.6,Debit Card,2026-07-25,2026-07-26,Processing,5
ORD-01407,Grace Kamau,grace.kamau589@example.com,Male,60,Tanzania,Mwanza,Home Appliances,Air Fryer,1,110,0.05,104.5,Mobile Money,2025-11-24,2025-11-26,Returned,2
ORD-01408,James Smith,james.smith432@example.com,Male,26,Uganda,Jinja,Beauty,Hair Dryer,2,48,0.15,81.6,Credit Card,2026-04-20,2026-04-27,Returned,1
ORD-01409,Michael Patel,michael.patel674@example.com,Male,53,Uganda,Entebbe,Home Appliances,Air Fryer,2,110,0.05,209.0,Credit Card,2026-08-02,2026-08-04,Cancelled,5
ORD-01410,Samuel Mensah,samuel.mensah755@example.com,Male,64,India,Delhi,Electronics,USB-C Charger,1,22,0,22,Debit Card,2026-02-07,2026-02-10,Processing,4
ORD-01411,Mary Okafor,mary.okafor162@example.com,Male,25,Uganda,Jinja,Home Appliances,Vacuum Cleaner,1,145,0.15,123.25,PayPal,2026-08-11,2026-08-18,Cancelled,3
ORD-01412,Linda Smith,linda.smith962@example.com,Male,65,Kenya,Mombasa,Electronics,Smartphone X12,1,699,0.25,524.25,Credit Card,2025-01-15,2025-01-21,Shipped,3
,@@None!!,john@@email.com,,-5,,,,,-2,$45.00,0.15,38.25,Mpesa,2026.04.10,2026.04.14,,N/A
ORD-01414,Sarah Williams,sarah.williams592@example.com,Female,64,United States,Chicago,Beauty,Makeup Kit,3,52,0.25,117.0,Cash on Delivery,2025-02-15,2025-02-22,Processing,1
ORD-01415,Faith Ochieng,faith.ochieng52@example.com,Female,19,Nigeria,Kano,Beauty,Lipstick,25,16,0.15,340.0,Credit Card,2025-08-13,2025-08-17,Delivered,4
ORD-01416,Peter Kamau,peter.kamau679@example.com,Female,56,South Africa,Pretoria,Electronics,Wireless Headphones,2,45,0,90,Debit Card,2025-09-23,2025-09-29,Returned,5
ORD-01417,John Kamau,john.kamau372@example.com,Female,31,Uganda,Kampala,Electronics,Smartphone X12,2,699,0.25,1048.5,Mobile Money,2025-09-02,2025-09-07,Delivered,4
ORD-01418,Samuel Kiptoo,samuel.kiptoo453@example.com,Male,27,Rwanda,Butare,Home Appliances,Vacuum Cleaner,4,145,0.1,522.0,Debit Card,2025-04-08,2025-04-09,Processing,5
ORD-01419,Faith Okafor,faith.okafor458@example.com,Female,56,Kenya,Mombasa,Electronics,Laptop Pro 14,2,1150,0.05,2185.0,Debit Card,2025-01-02,2025-01-05,Delivered,4
ORD-01420,Michael Wanjiku,michael.wanjiku809@example.com,Male,40,United Kingdom,London,Beauty,Hair Dryer,2,48,0.05,91.2,Debit Card,2026-02-26,2026-03-03,Processing,2
ORD-01421,Sarah Otieno,sarah.otieno565@example.com,Female,62,Kenya,Nairobi,Home Appliances,Air Fryer,1,110,0,110,Mobile Money,2025-04-20,2025-04-22,Delivered,5
ORD-01422,Grace Khan,grace.khan33@example.com,Female,21,Tanzania,Arusha,Electronics,Bluetooth Speaker,2,65,0.15,110.5,PayPal,2025-06-27,2025-07-01,Cancelled,1
ORD-01423,Michael Kamau,michael.kamau31@example.com,Male,23,Kenya,Nairobi,Fashion,Hoodie,1,42,0.05,39.9,Bank Transfer,2025-07-25,2025-07-28,Cancelled,5
ORD-01424,Jane Ochieng,jane.ochieng510@example.com,Female,65,Nigeria,Abuja,Electronics,Laptop Pro 14,4,1150,0.2,3680.0,Bank Transfer,2026-03-22,2026-03-28,Processing,2
ORD-01425,Faith Patel,faith.patel650@example.com,Female,37,Kenya,Kisumu,Fashion,Denim Jacket,5,62,0.15,263.5,Credit Card,2025-01-26,2025-01-28,Processing,5
ORD-01426,Daniel Wanjiku,daniel.wanjiku359@example.com,Female,53,Tanzania,Arusha,Fashion,Running Shorts,1,28,0.05,26.6,Cash on Delivery,2025-03-27,2025-04-04,Shipped,4
ORD-01427,Samuel Njoroge,samuel.njoroge4@example.com,Female,50,Tanzania,Dar es Salaam,Fashion,Handbag,2,55,0.05,104.5,Bank Transfer,2026-03-05,2026-03-12,Cancelled,3
ORD-01428,Sarah Njoroge,sarah.njoroge523@example.com,Female,35,Ghana,Tamale,Electronics,Smart Watch,4,120,0.15,408.0,Credit Card,2026-04-30,2026-05-08,Shipped,4
ORD-01429,James Mwangi,james.mwangi513@example.com,Female,54,South Africa,Durban,Electronics,Wireless Headphones,1,45,0,45,Debit Card,2025-11-05,2025-11-08,Processing,2
ORD-01430,Samuel Okafor,samuel.okafor157@example.com,Male,25,South Africa,Durban,Electronics,Bluetooth Speaker,2,65,0.25,97.5,Bank Transfer,2025-03-30,2025-04-05,Cancelled,4
ORD-01431,John Kiptoo,john.kiptoo676@example.com,Female,62,India,Bangalore,Fashion,Cotton T-Shirt,1,18,0.05,17.1,Credit Card,2025-10-17,2025-10-19,Delivered,4
ORD-01432,Brian Njoroge,brian.njoroge256@example.com,Female,18,India,Chennai,Fashion,Hoodie,2,42,0.2,67.2,PayPal,2025-08-28,2025-09-02,Returned,2
ORD-01433,Daniel Mensah,daniel.mensah821@example.com,Male,44,United Kingdom,Birmingham,Fashion,Running Shorts,1,28,0.2,22.4,Credit Card,2026-02-19,2026-02-26,Processing,3
ORD-01434,Lucy Wanjiku,lucy.wanjiku673@example.com,Female,65,Nigeria,Lagos,Fashion,Sneakers,1,75,0.1,67.5,Credit Card,2025-03-26,2025-03-29,Delivered,2
ORD-01435,Linda Otieno,linda.otieno103@example.com,Female,63,Kenya,Kisumu,Beauty,Face Cream,3,24,0.05,68.4,Debit Card,2025-02-24,2025-02-25,Delivered,2
ORD-01436,Mercy Khan,mercy.khan981@example.com,Male,21,South Africa,Johannesburg,Beauty,Body Lotion,3,19,0.2,45.6,Credit Card,2025-04-02,2025-04-07,Shipped,1
ORD-01437,Grace Mensah,grace.mensah843@example.com,Female,47,United States,New York,Fashion,Sneakers,3,75,0.15,191.25,Mobile Money,2025-02-16,2025-02-18,Shipped,5
ORD-01438,Victor Smith,victor.smith292@example.com,Female,58,Tanzania,Mwanza,Electronics,Laptop Pro 14,2,1150,0,2300,PayPal,2026-06-21,2026-06-27,Delivered,4
ORD-01439,Aisha Brown,aisha.brown123@example.com,Female,19,Nigeria,Abuja,Beauty,Hair Dryer,1,48,0.2,38.4,Bank Transfer,2025-06-20,2025-06-28,Delivered,5
ORD-01440,Grace Kiptoo,grace.kiptoo29@example.com,Male,53,United States,New York,Fashion,Handbag,1,55,0.15,46.75,Debit Card,2026-04-27,2026-04-30,Returned,2
ORD-01441,Sarah Wanjiku,sarah.wanjiku497@example.com,Male,39,India,Chennai,Home Appliances,Microwave Oven,2,180,0,360,Cash on Delivery,2025-02-11,2025-02-19,Delivered,4
ORD-01442,Sarah Akinyi,sarah.akinyi804@example.com,Female,40,Kenya,Mombasa,Home Appliances,Vacuum Cleaner,1,145,0.25,108.75,Debit Card,2026-05-28,2026-05-29,Processing,1
ORD-01443,Aisha Patel,aisha.patel125@example.com,Male,43,Uganda,Kampala,Fashion,Denim Jacket,4,62,0.05,235.6,PayPal,2026-01-29,2026-02-05,Cancelled,5
ORD-01444,David Kiptoo,david.kiptoo635@example.com,Male,62,United States,New York,Beauty,Lipstick,2,16,0.1,28.8,Bank Transfer,2025-09-09,2025-09-15,Shipped,5
ORD-01445,David Ochieng,david.ochieng492@example.com,Male,18,Kenya,Nairobi,Beauty,Hair Dryer,3,48,0.15,122.4,Bank Transfer,2025-07-22,2025-07-28,Returned,1
ORD-01446,Mercy Okaafor,mercy.okafor887@example.com,Male,32,Ghana, Tamale ,Fashion,Running Shorts,3000,$28.00,0%,168.0,Bank transfer,23/10/2025,28/10/2025,SHIPPED,5
,@@None!!,user#mail.com,,999,,,,,-1,€52.00,25%,50.7,cash on delivery,27/08/2025,01/09/2025,,5 stars
ORD-01448,Brian Wanjiku,brian.wanjiku607@example.com,Female,41,Ghana,Accra,Beauty,Lipstick,1,16,0,16,PayPal,2026-06-03,2026-06-05,Processing,3
ORD-01449,John Otieno,john.otieno303@example.com,Female,68,Kenya,Eldoret,Beauty,Perfume,1,70,0.15,59.5,PayPal,2026-03-22,2026-03-28,Cancelled,4
ORD-01450,John Njoroge,john.njoroge209@example.com,Female,21,United States,Chicago,Electronics,Bluetooth Speaker,1,65,0,65,PayPal,2025-05-06,2025-05-12,Cancelled,4
ORD-01451,Lucy Wanjiku,lucy.wanjiku543@example.com,Male,19,South Africa,Pretoria,Electronics,Smartphone X12,1,699,0.1,629.1,Credit Card,2026-03-29,2026-04-03,Processing,4
ORD-01452,Aisha Mensah,aisha.mensah177@example.com,Female,39,Tanzania,Mwanza,Beauty,Makeup Kit,1,52,0,52,Mobile Money,2026-02-08,2026-02-15,Shipped,2
ORD-01453,John Njoroge,john.njoroge669@example.com,Male,42,Uganda,Kampala,Beauty,Lipstick,1,16,0.05,15.2,Bank Transfer,2025-05-28,2025-06-05,Shipped,1
ORD-01454,Mercy Otieno,mercy.otieno224@example.com,Female,51,South Africa,Pretoria,Beauty,Lipstick,2,16,0.1,28.8,Credit Card,2026-06-01,2026-06-09,Cancelled,5
ORD-01455,Mary Brown,mary.brown343@example.com,Female,67,Kenya,Kisumu,Beauty,Body Lotion,2,19,0.05,36.1,PayPal,2025-08-29,2025-09-03,Delivered,1
ORD-01456,David Khan,david.khan336@example.com,Female,56,India,Delhi,Beauty,Perfume,2,70,0.25,105.0,Credit Card,2026-03-16,2026-03-21,Processing,4
ORD-01457,Mercy Khan,mercy.khan475@example.com,Female,49,Tanzania,Arusha,Beauty,Face Cream,3,24,0.2,57.6,Mobile Money,2025-12-19,2025-12-24,Delivered,2
ORD-01458,Kevin Patel,kevin.patel413@example.com,Male,65,Kenya,Mombasa,Home Appliances,Electric Kettle,3,35,0.15,89.25,Credit Card,2026-04-12,2026-04-16,Shipped,2
ORD-01459,Jane Smith,jane.smith909@example.com,Female,49,Ghana,Takoradi,Electronics,Wireless Headphones,3,45,0.15,114.75,Mobile Money,2025-05-04,2025-05-12,Shipped,1
,@@None!!,john@@email.com,,-5,,,,,-1,KSh 110,0.2,176.0,creditcard,01-19-2026,01-22-2026,,5 stars
ORD-01461,Kevin Williams,kevin.williams83@example.com,Male,43,Rwanda,Kigali,Electronics,USB-C Charger,2,22,0,44,Bank Transfer,2026-04-02,2026-04-03,Delivered,3
ORD-01462,Aisha Mwangi,aisha.mwangi939@example.com,Female,35,Uganda,Jinja,Fashion,Denim Jacket,1,62,0.15,52.7,Credit Card,2026-08-15,2026-08-19,Cancelled,4
ORD-01463,Sarah Wanjiku,sarah.wanjiku981@example.com,Male,54,Uganda,Entebbe,Beauty,Perfume,4,70,0,280,Credit Card,2026-02-12,2026-02-18,Shipped,3
ORD-01464,Mercy Wanjiku,mercy.wanjiku131@example.com,Male,47,India,Bangalore,Electronics,Laptop Pro 14,2,1150,0.25,1725.0,Credit Card,2026-05-21,2026-05-24,Shipped,5
ORD-01465,Victor Patel,victor.patel440@example.com,Male,21,Nigeria,Port Harcourt,Fashion,Cotton T-Shirt,2,18,0.1,32.4,Mobile Money,2026-03-17,2026-03-24,Processing,4
ORD-01466,Linda Mwangi,linda.mwangi639@example.com,Female,65,United States,Chicago,Home Appliances,Blender,5,58,0.2,232.0,Credit Card,2025-01-24,2025-02-01,Returned,5
ORD-01467,Esther Patel,esther.patel892@example.com,Male,19,Rwanda,Butare,Electronics,USB-C Charger,3,22,0.1,59.4,Bank Transfer,2025-02-15,2025-02-16,Delivered,5
ORD-01468,Lucy Khan,lucy.khan834@example.com,Male,33,Ghana,Accra,Fashion,Denim Jacket,3,62,0.1,167.4,Cash on Delivery,2025-10-14,2025-10-19,Delivered,5
ORD-01469,John Otieno,john.otieno251@example.com,Male,40,Ghana,Kumasi,Home Appliances,Electric Kettle,1,35,0.05,33.25,PayPal,2025-02-11,2025-02-14,Processing,4
ORD-01470,Mary Wanjiku,mary.wanjiku876@example.com,Female,43,Kenya,Nairobi,Fashion,Cotton T-Shirt,1,18,0.25,13.5,Debit Card,2025-08-02,2025-08-06,Shipped,4
ORD-01471,John Williams,john.williams551@example.com,Female,19,Uganda,Kampala,Beauty,Perfume,2,70,0.05,133.0,Debit Card,2026-08-01,2026-08-05,Processing,1
ORD-01472,Samuel Akinyi,samuel.akinyi930@example.com,Male,57,Nigeria,Abuja,Electronics,USB-C Charger,3,22,0.2,52.8,Debit Card,2025-02-27,2025-03-01,Cancelled,2
ORD-01473,Aisha Kamau,aisha.kamau929@example.com,Female,18,Nigeria,Port Harcourt,Beauty,Hair Dryer,2,48,0.1,86.4,Credit Card,2025-07-06,2025-07-11,Returned,5
ORD-01474,Michael Kamau,michael.kamau720@example.com,Male,32,United States,Houston,Electronics,Smart Watch,1,120,0.15,102.0,Bank Transfer,2026-05-09,2026-05-15,Cancelled,2
ORD-01475,Samuel Mwangi,samuel.mwangi393@example.com,Male,24,rwanda, Butare ,beauty,Hair Dryer,1,€48.00,0.20,19.2,MOBILE MONEY,27/01/2025,03/02/2025,Shipped,1
ORD-01476,Brian Kamau,brian.kamau596@example.com,Male,58,Tanzania,Arusha,Electronics,Bluetooth Speaker,1,65,0.05,61.75,Credit Card,2025-11-03,2025-11-07,Returned,5
ORD-01477,Jane Brown,jane.brown760@example.com,Male,34,United States,Los Angeles,Fashion,Cotton T-Shirt,2,18,0.05,34.2,Cash on Delivery,2025-06-07,2025-06-09,Shipped,5
ORD-01478,Victor Otieno,victor.otieno754@example.com,Female,18,Uganda,Jinja,Home Appliances,Coffee Maker,4,85,0,340,Credit Card,2026-07-10,2026-07-18,Cancelled,4
ORD-01479,Victor Okafor,victor.okafor441@example.com,Male,40,Rwanda,Kigali,Fashion,Denim Jacket,3,62,0.2,148.8,PayPal,2026-01-02,2026-01-03,Cancelled,2
ORD-01480,James Williams,james.williams804@example.com,Male,40,Uganda,Entebbe,Home Appliances,Air Fryer,4,110,0.1,396.0,PayPal,2026-07-09,2026-07-12,Cancelled,4
ORD-01481,Daniel Kiptoo,daniel.kiptoo494@example.com,Male,26,United States,Chicago,Beauty,Perfume,1,70,0.2,56.0,Bank Transfer,2026-01-07,2026-01-12,Processing,2
ORD-01482,Aisha Patel,aisha.patel359@example.com,Male,18,Nigeria,Kano,Beauty,Perfume,2,70,0.05,133.0,Bank Transfer,2026-07-01,2026-07-04,Cancelled,3
ORD-01483,Daniel Khan,daniel.khan185@example.com,Male,59,Uganda,Entebbe,Fashion,Hoodie,1,42,0.2,33.6,Debit Card,2025-04-03,2025-04-06,Shipped,4
ORD-01484,Mercy Brown,mercy.brown671@example.com,Female,44,Nigeria,Ibadan,Fashion,Hoodie,1,42,0,42,Debit Card,2025-06-24,2025-07-02,Cancelled,1
ORD-01485,Aisha Kamau,aisha.kamau489@example.com,Male,36,Uganda,Entebbe,Electronics,Smart Watch,1,120,0.05,114.0,Credit Card,2025-01-20,2025-01-24,Delivered,5
ORD-01486,Sarah Mensah,sarah.mensah182@example.com,Male,26,Nigeria,Kano,Fashion,Denim Jacket,1,62,0.05,58.9,Credit Card,2025-11-02,2025-11-10,Returned,1
ORD-01487,Michael Njoroge,michael.njoroge675@example.com,Female,20,Kenya,Nairobi,Beauty,Face Cream,4,24,0.05,91.2,Credit Card,2026-02-14,2026-02-19,Cancelled,4
ORD-01488,James Brown,james.brown962@example.com,Male,40,Kenya,Nakuru,Beauty,Perfume,1,70,0.05,66.5,Mobile Money,2025-01-16,2025-01-22,Shipped,2
ORD-01489,Grace Wanjiku,grace.wanjiku889@example.com,Female,30,Rwanda,Kigali,Beauty,Lipstick,2,16,0.05,30.4,Cash on Delivery,2025-04-28,2025-04-29,Processing,5
ORD-01490,Grace Kiptoo,grace.kiptoo358@example.com,Female,35,Nigeria,Port Harcourt,Home Appliances,Electric Kettle,4,35,0.25,105.0,Debit Card,2025-04-30,2025-05-04,Cancelled,4
ORD-01491,Esther Patel,esther.patel710@example.com,Female,31,Rwanda,Butare,Beauty,Lipstick,4,16,0,64,Credit Card,2025-10-27,2025-10-30,Processing,5
ORD-01492,Michael Ochieng,michael.ochieng89@example.com,Male,49,Nigeria,Port Harcourt,Home Appliances,Blender,1,58,0.2,46.4,Debit Card,2025-06-26,2025-07-01,Delivered,5
ORD-01493,David Williams,david.williams509@example.com,Male,28,Uganda,Jinja,Fashion,Handbag,1,55,0.1,49.5,PayPal,2025-10-03,2025-10-09,Shipped,4
ORD-01494,Aisha Akinyi,aisha.akinyi896@example.com,Female,36,Rwanda,Butare,Beauty,Body Lotion,3,19,0,57,Debit Card,2025-08-19,2025-08-26,Cancelled,4
ORD-01495,Daniel Kamau,daniel.kamau669@example.com,Male,18,Kenya,Kisumu,Beauty,Perfume,1,70,0.15,59.5,PayPal,2025-12-14,2025-12-18,Processing,5
ORD-01496,Peter Williams,peter.williams605@example.com,Male,56,Uganda,Kampala,Electronics,USB-C Charger,2,22,0.05,41.8,Cash on Delivery,2025-02-03,2025-02-07,Delivered,4
ORD-01497,Esther Brown,esther.brown97@example.com,Male,36,Rwanda,Kigali,Home Appliances,Microwave Oven,3,180,0.25,405.0,Debit Card,2026-04-12,2026-04-17,Cancelled,3
ORD-01498,Esther Mwangi,esther.mwangi918@example.com,Female,44,Rwanda,Kigali,Beauty,Makeup Kit,5,52,0.1,234.0,Debit Card,2025-05-15,2025-05-22,Cancelled,4
ORD-01499,James Brown,james.brown624@example.com,Male,54,Nigeria,Ibadan,Home Appliances,Coffee Maker,1,85,0.1,76.5,Mobile Money,2025-03-03,2025-03-06,Shipped,4
ORD-01500,Sarah Kiptoo,sarah.kiptoo21@example.com,Male,36,Nigeria,Lagos,Home Appliances,Blender,1,58,0.15,49.3,Mobile Money,2026-01-08,2026-01-15,Delivered,4
ORD-01501,Victor Okaafor,victor.okafor252@example.com,Male,31,Kenya, Mombasa ,Fashion,Handbag,1,€55.00,0.15,9.35,Bank transfer,02-10-2026,02-18-2026,Shipped,5
ORD-01502,Mercy Williams,mercy.williams847@example.com,Female,20,United Kingdom,Birmingham,Beauty,Hair Dryer,1,48,0.1,43.2,Mobile Money,2026-04-28,2026-05-02,Shipped,5
ORD-01503,Peter Patel,peter.patel23@example.com,Female,60,Ghana,Takoradi,Beauty,Face Cream,3,24,0.1,64.8,Credit Card,2026-08-08,2026-08-11,Cancelled,2
ORD-01504,Michael Ochieng,michael.ochieng417@example.com,Male,43,United Kingdom,Manchester,Electronics,Smart Watch,3,120,0.25,270.0,Credit Card,2025-07-11,2025-07-12,Cancelled,4
ORD-01505,Victor Otieno,victor.otieno786@example.com,Male,50,India,Mumbai,Beauty,Perfume,5,70,0.2,280.0,Credit Card,2026-08-04,2026-08-07,Returned,4
ORD-01506,John Okafor,john.okafor434@example.com,Female,70,Tanzania,Dar es Salaam,Fashion,Handbag,1,55,0.25,41.25,Cash on Delivery,2025-09-26,2025-09-29,Processing,4
ORD-01507,Lucy Smith,lucy.smith656@example.com,Male,56,South Africa,Cape Town,Electronics,Laptop Pro 14,3,1150,0.1,3105.0,Cash on Delivery,2025-04-26,2025-05-01,Returned,3
ORD-01508,Peter Patel,peter.patel552@example.com,Male,46,United States,New York,Beauty,Body Lotion,1,19,0.2,15.2,Cash on Delivery,2025-01-03,2025-01-09,Returned,3
ORD-01509,Brian Williams,brian.williams893@example.com,Male,62,Uganda,Kampala,Home Appliances,Coffee Maker,3,85,0,255,Mobile Money,2026-04-23,2026-04-25,Returned,4
ORD-01510,Grace Akinyi,grace.akinyi905@example.com,Male,59,Kenya,Nakuru,Beauty,Makeup Kit,1,52,0.05,49.4,PayPal,2025-04-16,2025-04-23,Returned,5
ORD-01511,Mary Kamau,mary.kamau488@example.com,Male,21,Ghana,Accra,Home Appliances,Air Fryer,1,110,0.15,93.5,Mobile Money,2026-02-27,2026-03-04,Delivered,1
ORD-01512,Michael Otieno,michael.otieno412@example.com,Male,27,United Kingdom,Birmingham,Electronics,Smart Watch,2,120,0,240,PayPal,2026-03-01,2026-03-04,Processing,5
ORD-01513,Victor Akinyi,victor.akinyi975@example.com,Male,54,Tanzania,Dar es Salaam,Electronics,USB-C Charger,1,22,0.2,17.6,Credit Card,2026-04-24,2026-04-29,Cancelled,1
ORD-01514,Samuel Kiptoo,samuel.kiptoo136@example.com,Male,18,Rwanda,Kigali,Beauty,Face Cream,1,24,0.15,20.4,Credit Card,2026-06-28,2026-07-01,Shipped,4
ORD-01515,Daniel Mwangi,daniel.mwangi224@example.com,Female,38,United States,New York,Fashion,Handbag,1,55,0.1,49.5,Cash on Delivery,2025-07-08,2025-07-13,Cancelled,3
ORD-01516,Brian Mwangi,brian.mwangi167@example.com,Female,60,Nigeria,Abuja,Electronics,Laptop Pro 14,3,1150,0.25,2587.5,Credit Card,2025-08-09,2025-08-16,Returned,5
ORD-01517,Sarah Khan,sarah.khan273@example.com,Female,54,Ghana,Kumasi,Beauty,Hair Dryer,1,48,0.05,45.6,Cash on Delivery,2026-02-19,2026-02-20,Cancelled,2
ORD-01518,Brian Patel,brian.patel784@example.com,Female,62,United States,New York,Fashion,Cotton T-Shirt,1,18,0.1,16.2,Debit Card,2025-02-13,2025-02-19,Cancelled,3
ORD-01519,John Wanjiku,john.wanjiku895@example.com,Female,43,Nigeria,Kano,Beauty,Hair Dryer,3,48,0.1,129.6,PayPal,2026-06-07,2026-06-10,Returned,1
ORD-01520,Esther Otieno,esther.otieno203@example.com,Male,26,United States,Chicago,Home Appliances,Blender,4,58,0.15,197.2,Mobile Money,2026-03-15,2026-03-16,Cancelled,4
ORD-01521,Victor Mwangi,victor.mwangi581@example.com,Female,70,India,Chennai,Home Appliances,Vacuum Cleaner,1,145,0.1,130.5,Credit Card,2025-06-28,2025-07-01,Processing,5
ORD-01522,Mercy Otieno,mercy.otieno12@example.com,Female,42,United Kingdom,Manchester,Fashion,Denim Jacket,5,62,0.2,248.0,Cash on Delivery,2026-02-12,2026-02-14,Returned,4
ORD-01523,Brian Mensah,brian.mensah937@example.com,Male,65,South Africa,Durban,Beauty,Body Lotion,10,19,0.2,152.0,Cash on Delivery,2025-08-09,2025-08-15,Cancelled,4
ORD-01524,Esther Ochieng,esther.ochieng309@example.com,Male,25,Rwanda,Butare,Beauty,Lipstick,2,16,0.1,28.8,Cash on Delivery,2025-09-18,2025-09-21,Processing,1
ORD-01525,Kevin Williams,kevin.williams614@example.com,Male,23,South Africa,Johannesburg,Home Appliances,Electric Kettle,2,35,0.25,52.5,Credit Card,2025-05-10,2025-05-17,Delivered,1
ORD-01526,Michael Khan,michael.khan409@example.com,Male,27,Uganda,Entebbe,Electronics,Laptop Pro 14,5,1150,0.25,4312.5,Credit Card,2025-11-09,2025-11-13,Processing,4
ORD-01527,James Williams,james.williams589@example.com,Female,49,India,Mumbai,Fashion,Cotton T-Shirt,1,18,0.05,17.1,Credit Card,2025-06-05,2025-06-13,Returned,2
ORD-01528,Brian Mwangi,brian.mwangi931@example.com,Female,18,Rwanda,Butare,Beauty,Hair Dryer,1,48,0.25,36.0,Debit Card,2025-06-04,2025-06-05,Shipped,5
ORD-01529,Mercy Mwangi,mercy.mwangi573@example.com,Female,57,South Africa,Johannesburg,Beauty,Lipstick,1,16,0,16,PayPal,2025-05-09,2025-05-10,Cancelled,5
ORD-01530,John Njoroge,john.njoroge631@example.com,Female,44,Kenya,Nairobi,Beauty,Makeup Kit,1,52,0.25,39.0,PayPal,2025-04-13,2025-04-20,Cancelled,5
ORD-01531,Linda Mwangi,linda.mwangi124@example.com,Male,63,Uganda,Kampala,Home Appliances,Electric Kettle,3,35,0.1,94.5,Bank Transfer,2025-11-22,2025-11-26,Shipped,1
ORD-01532,Linda Njoroge,linda.njoroge202@example.com,Male,59,India,Bangalore,Beauty,Face Cream,1,24,0.15,20.4,Credit Card,2025-03-17,2025-03-25,Shipped,3
ORD-01533,Victor Mensah,victor.mensah740@example.com,Male,22,India,Delhi,Electronics,Smartphone X12,2,699,0.2,1118.4,Debit Card,2026-06-13,2026-06-21,Cancelled,2
ORD-01534,Daniel Patel,daniel.patel460@example.com,Male,36,Uganda,Jinja,Fashion,Cotton T-Shirt,3,18,0.1,48.6,Credit Card,2025-10-05,2025-10-13,Cancelled,4
ORD-01535,John Brown,john.brown858@example.com,Female,48,United Kingdom,Manchester,Fashion,Denim Jacket,1,62,0,62,Cash on Delivery,2025-11-26,2025-11-28,Delivered,4
ORD-01536,Aisha Patel,aisha.patel552@example.com,Female,55,Kenya,Eldoret,Home Appliances,Air Fryer,2,110,0.05,209.0,Mobile Money,2025-03-22,2025-03-27,Shipped,3
ORD-01537,John Akinyi,john.akinyi355@example.com,Male,52,Kenya,Eldoret,Electronics,Smart Watch,3,120,0.2,288.0,Mobile Money,2025-04-08,2025-04-14,Processing,4
ORD-01538,Samuel Ochieng,samuel.ochieng663@example.com,Female,49,India,Chennai,Home Appliances,Electric Kettle,2,35,0,70,Credit Card,2025-01-03,2025-01-04,Returned,3
ORD-01539,John Williams,john.williams255@example.com,Male,56,Kenya,Kisumu,Home Appliances,Blender,1,58,0.1,52.2,Cash on Delivery,2025-07-02,2025-07-04,Delivered,4
ORD-01540,Mary Wanjiku,mary.wanjiku527@example.com,Female,41,India,Chennai,Beauty,Perfume,3,70,0.25,157.5,Mobile Money,2025-10-13,2025-10-14,Returned,5
ORD-01541,David Khan,david.khan392@example.com,Female,36,Ghana,Takoradi,Home Appliances,Electric Kettle,2,35,0.1,63.0,Debit Card,2025-07-31,2025-08-04,Processing,5
ORD-01542,Lucy Mwangi,lucy.mwangi871@example.com,Male,19,Ghana,Kumasi,Electronics,Smartphone X12,2,699,0.15,1188.3,Cash on Delivery,2026-03-19,2026-03-27,Returned,1
ORD-01543,Grace Mensah,grace.mensah717@example.com,Male,57,Kenya,Eldoret,Fashion,Sneakers,5,75,0.25,281.25,Debit Card,2026-07-08,2026-07-13,Delivered,4
ORD-01544,Daniel Okafor,daniel.okafor347@example.com,Male,53,Ghana,Takoradi,Beauty,Face Cream,1,24,0.2,19.2,Mobile Money,2025-12-18,2025-12-21,Shipped,4
ORD-01545,Aisha Otieno,aisha.otieno19@example.com,Male,38,Nigeria,Lagos,Beauty,Face Cream,1,24,0.15,20.4,Mobile Money,2026-04-27,2026-04-28,Processing,4
ORD-01546,Sarah Smith,sarah.smith914@example.com,Male,61,Uganda,Entebbe,Beauty,Makeup Kit,2,52,0,104,Credit Card,2025-07-21,2025-07-23,Processing,4
ORD-01547,Esther Khan,esther.khan812@example.com,Female,49,Nigeria,Kano,Home Appliances,Coffee Maker,1,85,0.1,76.5,Mobile Money,2026-02-22,2026-02-25,Shipped,4
ORD-01548,Brian Brown,brian.brown394@example.com,Female,22,India,Chennai,Electronics,Bluetooth Speaker,1,65,0,65,Mobile Money,2025-01-17,2025-01-20,Returned,3
ORD-01549,Mary Kiptoo,mary.kiptoo243@example.com,Female,20,Kenya,Mombasa,Beauty,Body Lotion,1,19,0.1,17.1,Credit Card,2026-02-10,2026-02-14,Processing,4
ORD-01550,John Mensah,john.mensah559@example.com,Male,55,United Kingdom,Birmingham,Electronics,Laptop Pro 14,2,1150,0.1,2070.0,Credit Card,2025-01-12,2025-01-16,Returned,5
ORD-01551,Brian Ochieng,brian.ochieng623@example.com,Female,34,Ghana,Accra,Fashion,Running Shorts,1,28,0.1,25.2,Mobile Money,2025-06-11,2025-06-15,Processing,4
ORD-01552,Samuel Ochieng,samuel.ochieng51@example.com,Female,57,India,Bangalore,Fashion,Sneakers,2,75,0.05,142.5,Mobile Money,2025-02-14,2025-02-17,Processing,4
ORD-01553,Victor Otieno,victor.otieno45@example.com,Female,38,United States,Houston,Home Appliances,Blender,3,58,0.25,130.5,PayPal,2026-07-25,2026-07-30,Processing,5
ORD-01554,Sarah Mensah,sarah.mensah399@example.com,Female,40,Nigeria,Lagos,Electronics,Laptop Pro 14,2,1150,0.25,1725.0,PayPal,2026-06-27,2026-07-01,Processing,3
ORD-01555,@@Briaan Kamau!!,user#mail.com,FEMALE,-5,rwanda, KIGALI ,Fashion,Hoodie,3000,KSh 42,10%,147.42,cash on delivery,23/02/2025,01/03/2025,Cancelled,5 stars
ORD-01556,Faith Smith,faith.smith744@example.com,Male,58,Nigeria,Ibadan,Fashion,Running Shorts,1,28,0.15,23.8,Credit Card,2026-03-10,2026-03-18,Processing,4
ORD-01557,Aisha Mwangi,aisha.mwangi310@example.com,Male,22,Tanzania,Mwanza,Beauty,Body Lotion,1,19,0.05,18.05,Mobile Money,2025-09-09,2025-09-15,Returned,3
ORD-01558,Michael Mensah,michael.mensah56@example.com,Female,38,Rwanda,Butare,Home Appliances,Electric Kettle,1,35,0.1,31.5,Bank Transfer,2025-05-07,2025-05-09,Returned,4
ORD-01559,Samuel Mensah,samuel.mensah220@example.com,Female,45,United Kingdom,Manchester,Beauty,Makeup Kit,4,52,0.25,156.0,Debit Card,2026-02-02,2026-02-04,Shipped,5
ORD-01560,Samuel Okafor,samuel.okafor978@example.com,Female,18,India,Chennai,Home Appliances,Coffee Maker,2,85,0.15,144.5,Debit Card,2026-04-25,2026-04-26,Shipped,4
ORD-01561,Grace Mensah,grace.mensah191@example.com,Male,28,United States,Los Angeles,Electronics,Smart Watch,1,120,0,120,Debit Card,2026-01-04,2026-01-11,Shipped,4
ORD-01562,Samuel Mwangi,samuel.mwangi266@example.com,Male,20,Ghana,Takoradi,Fashion,Running Shorts,1,28,0.2,22.4,Debit Card,2026-07-29,2026-08-01,Shipped,3
ORD-01563,Faith Mensah,faith.mensah956@example.com,Male,63,United States,Los Angeles,Fashion,Cotton T-Shirt,1,18,0.15,15.3,Debit Card,2025-08-18,2025-08-24,Delivered,5
ORD-01564,David Kiptoo,david.kiptoo632@example.com,Male,30,Ghana,Accra,Electronics,Bluetooth Speaker,2,65,0,130,Debit Card,2025-06-29,2025-07-04,Shipped,3
ORD-01565,Linda Akinyi,linda.akinyi840@example.com,Male,38,United States,New York,Fashion,Hoodie,1,42,0.25,31.5,PayPal,2025-12-03,2025-12-08,Shipped,5
ORD-01566,Mercy Kamau,mercy.kamau207@example.com,Male,53,Kenya,Nakuru,Home Appliances,Microwave Oven,2,180,0.2,288.0,Bank Transfer,2025-05-08,2025-05-09,Cancelled,1
ORD-01567,Brian Khan,brian.khan132@example.com,Female,49,South Africa,Cape Town,Fashion,Denim Jacket,3,62,0.15,158.1,Debit Card,2026-04-24,2026-05-02,Delivered,2
ORD-01568,Linda Ochieng,linda.ochieng948@example.com,Female,69,United Kingdom,Birmingham,Electronics,USB-C Charger,1,22,0.1,19.8,PayPal,2025-01-04,2025-01-08,Delivered,5
ORD-01569,Brian Smith,brian.smith295@example.com,Male,23,Kenya,Kisumu,Home Appliances,Electric Kettle,2,35,0.1,63.0,Credit Card,2026-04-30,2026-05-05,Shipped,5
ORD-01570,James Otieno,james.otieno439@example.com,Female,47,Uganda,Kampala,Beauty,Lipstick,3,16,0.1,43.2,Credit Card,2025-05-22,2025-05-28,Cancelled,5
ORD-01571,Jane Smith,jane.smith868@example.com,Female,68,Kenya,Nairobi,Fashion,Running Shorts,1,28,0.2,22.4,Credit Card,2025-09-26,2025-10-03,Processing,5
ORD-01572,James Khan,james.khan223@example.com,Female,55,Uganda,Entebbe,Beauty,Makeup Kit,2,52,0,104,Cash on Delivery,2026-08-12,2026-08-17,Delivered,4
ORD-01573,Peter Ochieng,peter.ochieng888@example.com,Male,36,United Kingdom,Manchester,Electronics,Smart Watch,3,120,0.1,324.0,Mobile Money,2025-05-27,2025-06-03,Processing,4
ORD-01574,Aisha Brown,aisha.brown562@example.com,Male,55,Ghana,Kumasi,Home Appliances,Microwave Oven,1,180,0,180,PayPal,2025-04-17,2025-04-23,Returned,5
ORD-01575,Michael Kiptoo,michael.kiptoo760@example.com,Male,62,South Africa,Durban,Electronics,Wireless Headphones,2,45,0.05,85.5,Cash on Delivery,2025-05-21,2025-05-25,Returned,4
ORD-01576,Aisha Akinyi,aisha.akinyi408@example.com,Female,63,Uganda,Entebbe,Home Appliances,Electric Kettle,3,35,0.25,78.75,Cash on Delivery,2026-06-01,2026-06-09,Returned,1
ORD-01577,Linda Ochieng,linda.ochieng338@example.com,Female,60,Ghana,Kumasi,Beauty,Body Lotion,2,19,0.25,28.5,Credit Card,2025-03-11,2025-03-18,Cancelled,5
ORD-01578,Victor Mensah,victor.mensah550@example.com,Female,35,South Africa,Durban,Home Appliances,Microwave Oven,1,180,0.25,135.0,Mobile Money,2025-01-26,2025-02-01,Cancelled,5
ORD-01579,Mercy Patel,mercy.patel941@example.com,Male,46,India,Chennai,Fashion,Running Shorts,2,28,0,56,Credit Card,2025-07-26,2025-08-02,Delivered,4
ORD-01580,Brian Ochieng,brian.ochieng102@example.com,Female,44,Kenya,Eldoret,Fashion,Handbag,1,55,0.15,46.75,Mobile Money,2025-12-31,2026-01-06,Returned,5
ORD-01581,Peter Akinyi,peter.akinyi770@example.com,Female,66,Uganda,Entebbe,Beauty,Makeup Kit,4,52,0.15,176.8,Debit Card,2026-05-21,2026-05-27,Processing,1
ORD-01582,Peter Okafor,peter.okafor806@example.com,Female,69,Uganda,Kampala,Electronics,Wireless Headphones,1,45,0.15,38.25,Bank Transfer,2026-06-28,2026-07-01,Delivered,3
ORD-01583,Aisha Khan,aisha.khan263@example.com,Female,37,Rwanda,Butare,Home Appliances,Blender,1,58,0.05,55.1,Credit Card,2025-03-12,2025-03-20,Shipped,3
ORD-01584,James Williams,james.williams239@example.com,Female,38,South Africa,Cape Town,Beauty,Body Lotion,25,19,0,475,Credit Card,2025-02-12,2025-02-14,Shipped,4
ORD-01585,James Smith,james.smith422@example.com,Male,21,Kenya,Eldoret,Home Appliances,Blender,1,58,0.05,55.1,Credit Card,2025-02-16,2025-02-22,Returned,5
ORD-01586,David Wanjiku,david.wanjiku276@example.com,Male,60,United Kingdom,London,Electronics,Smart Watch,3,120,0.1,324.0,Credit Card,2026-08-21,2026-08-28,Returned,5
ORD-01587,Sarah Mwangi,sarah.mwangi113@example.com,Female,31,United States,Los Angeles,Fashion,Cotton T-Shirt,1,18,0.05,17.1,Credit Card,2026-02-03,2026-02-08,Processing,5
ORD-01588,Linda Mwangi,linda.mwangi522@example.com,Female,18,Kenya,Nakuru,Fashion,Cotton T-Shirt,3,18,0.15,45.9,PayPal,2026-05-26,2026-05-30,Delivered,5
ORD-01589,Aisha Brown,aisha.brown632@example.com,Female,34,India,Mumbai,Fashion,Running Shorts,10,28,0,280,Debit Card,2025-05-31,2025-06-01,Delivered,4
ORD-01590,John Njoroge,john.njoroge196@example.com,Male,37,United Kingdom,Birmingham,Fashion,Cotton T-Shirt,2,18,0.2,28.8,Cash on Delivery,2025-02-11,2025-02-15,Cancelled,1
ORD-01591,Grace Smith,grace.smith317@example.com,Female,22,United States,Houston,Beauty,Lipstick,1,16,0.1,14.4,Credit Card,2025-10-01,2025-10-04,Returned,2
ORD-01592,Grace Mensah,grace.mensah431@example.com,Male,28,Ghana,Tamale,Beauty,Makeup Kit,2,52,0.1,93.6,Credit Card,2025-08-14,2025-08-17,Processing,4
ORD-01593,Lucy Khan,lucy.khan529@example.com,Male,31,Rwanda,Butare,Fashion,Handbag,1,55,0.15,46.75,Credit Card,2026-03-31,2026-04-04,Cancelled,5
ORD-01594,David Njoroge,david.njoroge554@example.com,Male,50,India,Delhi,Electronics,Bluetooth Speaker,1,65,0.2,52.0,PayPal,2025-10-29,2025-11-01,Processing,4
ORD-01595,Brian Wanjiku,brian.wanjiku670@example.com,Male,48,Rwanda,Kigali,Beauty,Perfume,1,70,0.15,59.5,Debit Card,2026-04-07,2026-04-08,Shipped,2
ORD-01596,Peter Patel,peter.patel280@example.com,Female,69,India,Mumbai,Electronics,Laptop Pro 14,3,1150,0.15,2932.5,Mobile Money,2025-02-26,2025-03-03,Cancelled,4
ORD-01597,Kevin Mensah,kevin.mensah538@example.com,Male,22,Uganda,Kampala,Beauty,Lipstick,2,16,0.1,28.8,Cash on Delivery,2026-04-09,2026-04-13,Delivered,4
ORD-01598,Lucy Akinyi,lucy.akinyi523@example.com,Female,56,Nigeria,Ibadan,Beauty,Body Lotion,1,19,0.2,15.2,Cash on Delivery,2025-06-21,2025-06-28,Shipped,4
ORD-01599,Brian Ochieng,brian.ochieng702@example.com,Female,48,United Kingdom,Birmingham,Beauty,Lipstick,1,16,0,16,Cash on Delivery,2025-03-23,2025-03-26,Cancelled,2
ORD-01600,David Okafor,david.okafor900@example.com,Male,69,Ghana,Accra,Electronics,Laptop Pro 14,3,1150,0.25,2587.5,Bank Transfer,2025-06-08,2025-06-15,Delivered,4
ORD-01601,Mercy Ochieng,mercy.ochieng895@example.com,Male,25,Ghana,Accra,Beauty,Face Cream,4,24,0.15,81.6,Mobile Money,2026-04-11,2026-04-14,Shipped,2
ORD-01602,James Smith,james.smith953@example.com,Female,45,Ghana,Takoradi,Fashion,Denim Jacket,1,62,0.25,46.5,Bank Transfer,2026-04-11,2026-04-12,Processing,2
ORD-01603,Faith Wanjiku,faith.wanjiku347@example.com,Female,40,United States,Houston,Beauty,Body Lotion,2,19,0.2,30.4,Debit Card,2025-01-14,2025-01-22,Delivered,4
ORD-01604,Peter Njoroge,peter.njoroge693@example.com,Female,20,South Africa,Johannesburg,Home Appliances,Blender,1,58,0,58,Mobile Money,2025-05-11,2025-05-13,Returned,5
ORD-01605,James Okafor,james.okafor215@example.com,Male,24,South Africa,Durban,Home Appliances,Blender,1,58,0.1,52.2,Mobile Money,2025-11-15,2025-11-17,Delivered,3
ORD-01606,Kevin Kiptoo,kevin.kiptoo549@example.com,Male,46,Nigeria,Abuja,Fashion,Running Shorts,3,28,0,84,Cash on Delivery,2025-11-29,2025-12-06,Returned,4
ORD-01607,Mary Patel,mary.patel904@example.com,Male,27,Kenya,Eldoret,Beauty,Lipstick,2,16,0.2,25.6,Mobile Money,2025-11-06,2025-11-11,Returned,3
ORD-01608,Esther Brown,esther.brown877@example.com,Female,45,Rwanda,Butare,Home Appliances,Air Fryer,4,110,0.05,418.0,Debit Card,2025-01-23,2025-01-25,Shipped,4
ORD-01609,Jane Mensah,jane.mensah968@example.com,Female,49,United States,Chicago,Beauty,Body Lotion,2,19,0,38,Bank Transfer,2026-04-09,2026-04-12,Shipped,5
ORD-01610,Mary Otieno,mary.otieno579@example.com,Female,23,South Africa,Johannesburg,Beauty,Body Lotion,3,19,0.05,54.15,Bank Transfer,2026-07-27,2026-08-02,Processing,5
ORD-01611,Jaane Kamau,jane.kamau564@example.com,Female,40,south africa, Cape Town ,Fashion,Cotton T-Shirt,0,€18.00,0.25,2.7,Bank transfer,07-05-2026,07-09-2026,Cancelled,5
ORD-01612,Peter Ochieng,peter.ochieng972@example.com,Male,28,Uganda,Jinja,Electronics,USB-C Charger,1,22,0,22,Cash on Delivery,2025-03-20,2025-03-22,Returned,4
ORD-01613,Linda Kiptoo,linda.kiptoo716@example.com,Female,21,Uganda,Kampala,Fashion,Cotton T-Shirt,3,18,0.25,40.5,Mobile Money,2026-07-30,2026-08-03,Cancelled,5
ORD-01614,Kevin Williams,kevin.williams957@example.com,Male,19,Ghana,Kumasi,Beauty,Hair Dryer,2,48,0.05,91.2,Credit Card,2026-03-11,2026-03-17,Returned,5
,@@None!!,mary.example.com,,0,,,,,2000,KSh 75,0.05,28.5,creditcard,2026.01.22,2026.01.29,,N/A
ORD-01616,John Kamau,john.kamau486@example.com,Male,46,United States,Los Angeles,Fashion,Handbag,2,55,0.2,88.0,PayPal,2025-12-02,2025-12-05,Processing,5
ORD-01617,Faith Williams,faith.williams879@example.com,Male,40,Nigeria,Ibadan,Home Appliances,Air Fryer,2,110,0.05,209.0,Mobile Money,2026-04-14,2026-04-19,Processing,4
ORD-01618,Faith Njoroge,faith.njoroge770@example.com,Female,26,Uganda,Kampala,Beauty,Face Cream,1,24,0.15,20.4,Cash on Delivery,2025-08-12,2025-08-14,Processing,5
ORD-01619,Aisha Njoroge,aisha.njoroge702@example.com,Female,46,Rwanda, Butare ,Home Appliances,Vacuum Cleaner,3,$145.00,0.25,163.12,CASH ON DELIVERY,09-27-2025,09-29-2025,Delivered,3
ORD-01620,Aisha Okafor,aisha.okafor933@example.com,Male,52,Uganda,Entebbe,Home Appliances,Vacuum Cleaner,1,145,0.05,137.75,Mobile Money,2026-08-10,2026-08-11,Shipped,3
ORD-01621,David Akinyi,david.akinyi704@example.com,Female,48,Nigeria,Ibadan,Home Appliances,Blender,1,58,0.25,43.5,PayPal,2026-08-18,2026-08-22,Delivered,2
ORD-01622,David Otieno,david.otieno896@example.com,Male,62,India,Chennai,Beauty,Body Lotion,3,19,0.05,54.15,PayPal,2025-10-24,2025-10-25,Processing,5
ORD-01623,James Williams,james.williams383@example.com,Male,50,United States,Los Angeles,Beauty,Face Cream,2,24,0,48,Bank Transfer,2025-03-03,2025-03-05,Returned,5
ORD-01624,David Kamau,david.kamau257@example.com,Female,32,South Africa,Johannesburg,Home Appliances,Electric Kettle,2,35,0.1,63.0,Bank Transfer,2026-05-08,2026-05-15,Delivered,2
ORD-01625,Mercy Smith,mercy.smith416@example.com,Female,58,Kenya,Nakuru,Electronics,Smart Watch,2,120,0,240,PayPal,2026-03-10,2026-03-15,Cancelled,2
ORD-01626,@@!!,invalid@,MALE,0,rwanda, Kigali ,Fashion,Handbag,3,€55.00,25%,160.88,M-Pesa,17/01/2026,22/01/2026,shipped,5 stars
ORD-01627,Daniel Akinyi,daniel.akinyi757@example.com,Male,55,Rwanda,Butare,Beauty,Face Cream,1,24,0,24,Mobile Money,2025-01-20,2025-01-22,Cancelled,4
ORD-01628,Mary Ochieng,mary.ochieng328@example.com,Male,32,South Africa,Cape Town,Fashion,Denim Jacket,3,62,0.1,167.4,PayPal,2025-07-08,2025-07-11,Cancelled,1
ORD-01629,Daniel Okafor,daniel.okafor315@example.com,Male,31,Kenya,Nairobi,Electronics,Gaming Mouse,1,38,0.05,36.1,Debit Card,2026-08-13,2026-08-15,Shipped,2
ORD-01630,Mercy Mwangi,mercy.mwangi344@example.com,Female,44,United Kingdom,Manchester,Electronics,Gaming Mouse,1,38,0.05,36.1,PayPal,2025-12-08,2025-12-11,Shipped,2
ORD-01631,Daniel Mensah,daniel.mensah525@example.com,Female,45,Uganda,Entebbe,Beauty,Lipstick,3,16,0.05,45.6,Bank Transfer,2025-07-17,2025-07-22,Delivered,2
ORD-01632,Linda Smith,linda.smith927@example.com,Male,70,India,Bangalore,Fashion,Handbag,3,55,0.25,123.75,Cash on Delivery,2025-10-11,2025-10-17,Cancelled,2
ORD-01633,Samuel Akinyi,samuel.akinyi834@example.com,Male,39,Tanzania,Arusha,Electronics,Bluetooth Speaker,2,65,0.15,110.5,Mobile Money,2025-10-01,2025-10-09,Shipped,4
ORD-01634,Linda Williams,linda.williams379@example.com,Male,32,South Africa,Johannesburg,Beauty,Lipstick,1,16,0.1,14.4,PayPal,2026-02-19,2026-02-25,Cancelled,2
ORD-01635,Peter Wanjiku,peter.wanjiku575@example.com,Female,55,Uganda,Entebbe,Beauty,Makeup Kit,1,52,0.05,49.4,Debit Card,2025-05-11,2025-05-17,Shipped,5
ORD-01636,David Otieno,david.otieno657@example.com,Female,47,Rwanda,Butare,Fashion,Cotton T-Shirt,1,18,0.15,15.3,PayPal,2025-07-21,2025-07-25,Shipped,3
ORD-01637,Victor Ochieng,victor.ochieng423@example.com,Male,68,Uganda,Entebbe,Home Appliances,Vacuum Cleaner,3,145,0.05,413.25,Cash on Delivery,2026-02-07,2026-02-10,Cancelled,3
ORD-01638,James Kamau,james.kamau104@example.com,Male,43,South Africa,Johannesburg,Beauty,Face Cream,1,24,0.05,22.8,Debit Card,2026-04-18,2026-04-20,Delivered,1
ORD-01639,Aisha Williams,aisha.williams851@example.com,Male,67,South Africa,Pretoria,Fashion,Handbag,1,55,0.25,41.25,Cash on Delivery,2025-04-08,2025-04-13,Cancelled,5
ORD-01640,Daniel Mensah,daniel.mensah213@example.com,Male,25,United Kingdom,Birmingham,Electronics,Smart Watch,4,120,0.15,408.0,Debit Card,2025-05-06,2025-05-11,Returned,4
ORD-01641,Victor Patel,victor.patel649@example.com,Female,28,United States,Los Angeles,Fashion,Cotton T-Shirt,2,18,0.05,34.2,Mobile Money,2025-10-31,2025-11-06,Shipped,4
ORD-01642,Victor Smith,victor.smith921@example.com,Male,37,South Africa,Johannesburg,Beauty,Perfume,3,70,0.2,168.0,Cash on Delivery,2025-08-09,2025-08-16,Processing,4
ORD-01643,Lucy Mensah,lucy.mensah472@example.com,Female,23,Nigeria,Lagos,Fashion,Running Shorts,1,28,0.15,23.8,Bank Transfer,2026-04-08,2026-04-09,Returned,4
ORD-01644,Grace Otieno,grace.otieno359@example.com,Male,68,Tanzania,Dar es Salaam,Electronics,Wireless Headphones,1,45,0.15,38.25,Bank Transfer,2025-04-27,2025-05-04,Shipped,4
ORD-01645,Faith Wanjiku,faith.wanjiku279@example.com,Male,35,Uganda,Jinja,Electronics,Gaming Mouse,3,38,0.05,108.3,Mobile Money,2026-05-03,2026-05-10,Shipped,4
ORD-01646,Sarah Williams,sarah.williams708@example.com,Male,34,Uganda,Jinja,Electronics,Bluetooth Speaker,1,65,0.2,52.0,Mobile Money,2025-03-05,2025-03-07,Cancelled,4
ORD-01647,John Mwangi,john.mwangi593@example.com,Male,59,Kenya,Nairobi,Home Appliances,Vacuum Cleaner,1,145,0.15,123.25,PayPal,2025-01-26,2025-01-27,Shipped,4
ORD-01648,Sarah Ochieng,sarah.ochieng766@example.com,Male,22,Kenya,Mombasa,Beauty,Lipstick,4,16,0.15,54.4,Credit Card,2025-09-10,2025-09-15,Shipped,2
ORD-01649,Peter Wanjiku,peter.wanjiku77@example.com,Male,45,Tanzania,Arusha,Home Appliances,Electric Kettle,25,35,0.05,831.25,Cash on Delivery,2026-05-05,2026-05-07,Delivered,4
ORD-01650,Grace Patel,grace.patel719@example.com,Female,23,United Kingdom,Manchester,Electronics,Wireless Headphones,1,45,0.15,38.25,Bank Transfer,2025-04-29,2025-05-03,Delivered,2
ORD-01651,John Otieno,john.otieno994@example.com,Male,51,Uganda,Kampala,Fashion,Cotton T-Shirt,4,18,0.25,54.0,Debit Card,2025-10-24,2025-10-26,Returned,1
ORD-01652,Mercy Wanjiku,mercy.wanjiku994@example.com,Female,45,Uganda,Entebbe,Fashion,Handbag,4,55,0,220,Mobile Money,2026-06-07,2026-06-13,Processing,4
ORD-01653,Mary Khan,mary.khan653@example.com,Female,49,South Africa,Johannesburg,Fashion,Hoodie,3,42,0,126,Cash on Delivery,2025-04-24,2025-05-01,Processing,1
ORD-01654,Faith Kamau,faith.kamau943@example.com,Male,39,Ghana,Accra,Home Appliances,Blender,4,58,0,232,Cash on Delivery,2025-12-06,2025-12-07,Cancelled,4
ORD-01655,Peter Otieno,peter.otieno331@example.com,Female,29,Ghana,Takoradi,Electronics,USB-C Charger,2,22,0.1,39.6,Debit Card,2025-11-16,2025-11-18,Processing,1
ORD-01656,Esther Kiptoo,esther.kiptoo620@example.com,Male,36,Nigeria,Port Harcourt,Home Appliances,Vacuum Cleaner,2,145,0.1,261.0,Credit Card,2025-03-01,2025-03-02,Returned,3
ORD-01657,Kevin Akinyi,kevin.akinyi373@example.com,Female,67,Tanzania,Arusha,Beauty,Hair Dryer,4,48,0.15,163.2,Bank Transfer,2025-05-30,2025-06-02,Delivered,4
ORD-01658,John Mwangi,john.mwangi392@example.com,Female,18,Rwanda,Butare,Fashion,Running Shorts,1,28,0.1,25.2,PayPal,2025-01-24,2025-01-25,Processing,1
ORD-01659,Aisha Mwangi,aisha.mwangi42@example.com,Female,68,South Africa,Johannesburg,Beauty,Body Lotion,2,19,0.15,32.3,Bank Transfer,2025-04-16,2025-04-17,Cancelled,1
ORD-01660,Brian Ochieng,brian.ochieng484@example.com,Male,44,India,Mumbai,Home Appliances,Air Fryer,2,110,0.2,176.0,PayPal,2025-07-16,2025-07-18,Shipped,1
ORD-01661,John Okafor,john.okafor285@example.com,Female,48,Ghana,Kumasi,Fashion,Denim Jacket,2,62,0.1,111.6,Cash on Delivery,2025-06-09,2025-06-13,Returned,3
ORD-01662,Daniel Njoroge,daniel.njoroge620@example.com,Male,69,Kenya,Nairobi,Home Appliances,Air Fryer,1,110,0.2,88.0,Credit Card,2025-08-22,2025-08-28,Delivered,4
ORD-01663,Kevin Akinyi,kevin.akinyi991@example.com,Female,67,Tanzania,Mwanza,Electronics,Gaming Mouse,3,38,0.1,102.6,Bank Transfer,2025-05-30,2025-06-02,Returned,4
ORD-01664,Jaane Njoroge,mary.example.com,FEMALE,-5,Kenya, Nakuru ,Home Appliances,Air Fryer,2000,€110.00,0.25,330.0,Bank transfer,2026.06.21,2026.06.25,Returned,0
ORD-01665,Sarah Khan,sarah.khan625@example.com,Male,32,Ghana,Accra,Fashion,Sneakers,2,75,0.25,112.5,PayPal,2026-01-30,2026-02-03,Cancelled,4
ORD-01666,Sarah Mensah,sarah.mensah792@example.com,Male,25,United Kingdom,Birmingham,Electronics,Laptop Pro 14,25,1150,0.15,24437.5,Bank Transfer,2025-04-10,2025-04-14,Returned,4
ORD-01667,John Akinyi,john.akinyi834@example.com,Female,39,United States,Houston,Fashion,Running Shorts,1,28,0.2,22.4,PayPal,2025-12-19,2025-12-27,Returned,4
ORD-01668,John Patel,john.patel430@example.com,Female,56,Kenya,Eldoret,Home Appliances,Electric Kettle,2,35,0.25,52.5,PayPal,2026-08-04,2026-08-05,Processing,5
ORD-01669,Mary Kiptoo,mary.kiptoo340@example.com,Female,44,United Kingdom,Birmingham,Beauty,Face Cream,1,24,0.25,18.0,PayPal,2025-09-04,2025-09-08,Processing,4
ORD-01670,David Khan,david.khan229@example.com,Male,44,Kenya,Nairobi,Beauty,Hair Dryer,1,48,0.15,40.8,PayPal,2025-11-03,2025-11-04,Shipped,2
ORD-01671,Mercy Otieno,mercy.otieno656@example.com,Female,57,United Kingdom,Manchester,Fashion,Handbag,2,55,0.2,88.0,Mobile Money,2025-10-30,2025-11-04,Cancelled,3
ORD-01672,Faith Brown,faith.brown145@example.com,Male,34,Ghana,Tamale,Electronics,Smart Watch,1,120,0.05,114.0,Credit Card,2025-08-06,2025-08-11,Delivered,5
ORD-01673,Faith Patel,faith.patel408@example.com,Male,56,United States,Chicago,Home Appliances,Air Fryer,2,110,0.1,198.0,Mobile Money,2025-12-02,2025-12-08,Processing,3
ORD-01674,Samuel Ochieng,samuel.ochieng167@example.com,Male,35,India,Mumbai,Beauty,Perfume,3,70,0.2,168.0,Debit Card,2026-01-13,2026-01-21,Shipped,1
ORD-01675,Daavid Akinyi,david.akinyi656@example.com,Male,,Ghana, Tamale ,Home Appliances,Blender,1000,58,5%,27.55,M-Pesa,22/06/2026,29/06/2026,Processing,2
ORD-01676,Grace Akinyi,grace.akinyi701@example.com,Male,33,Kenya,Kisumu,Electronics,USB-C Charger,2,22,0.05,41.8,Debit Card,2026-02-20,2026-02-27,Cancelled,5
,@@None!!,invalid@,,0,,,,,3,62,0.00,37.2,Credit card,05-28-2026,05-29-2026,,5 stars
ORD-01678,Aisha Patel,aisha.patel349@example.com,Female,42,Kenya,Mombasa,Home Appliances,Microwave Oven,1,180,0.05,171.0,Bank Transfer,2026-05-20,2026-05-22,Processing,5
ORD-01679,Brian Wanjiku,brian.wanjiku1@example.com,Female,36,India,Bangalore,Electronics,Laptop Pro 14,1,1150,0.2,920.0,Debit Card,2025-08-11,2025-08-14,Delivered,5
ORD-01680,Michael Brown,michael.brown295@example.com,Female,33,United States,Los Angeles,Electronics,Bluetooth Speaker,1,65,0.1,58.5,PayPal,2025-01-14,2025-01-16,Processing,5
ORD-01681,Esther Kiptoo,esther.kiptoo729@example.com,Female,45,India,Mumbai,Electronics,Laptop Pro 14,2,1150,0.15,1955.0,Bank Transfer,2025-03-01,2025-03-07,Cancelled,2
ORD-01682,Sarah Kamau,sarah.kamau842@example.com,Female,62,Rwanda,Kigali,Fashion,Sneakers,3,75,0.05,213.75,Bank Transfer,2026-05-04,2026-05-05,Delivered,4
ORD-01683,Grace Kiptoo,grace.kiptoo490@example.com,Female,58,India,Mumbai,Fashion,Denim Jacket,1,62,0.25,46.5,Mobile Money,2025-01-25,2025-02-01,Cancelled,5
ORD-01684,Sarah Akinyi,sarah.akinyi600@example.com,Male,27,South Africa,Cape Town,Fashion,Denim Jacket,2,62,0,124,Bank Transfer,2025-05-22,2025-05-29,Returned,4
ORD-01685,David Mwangi,david.mwangi867@example.com,Female,27,United Kingdom,Manchester,Beauty,Perfume,4,70,0,280,Credit Card,2025-07-17,2025-07-18,Shipped,1
ORD-01686,Kevin Otieno,kevin.otieno266@example.com,Female,45,Tanzania,Dar es Salaam,Fashion,Denim Jacket,2,62,0,124,Cash on Delivery,2026-05-30,2026-06-06,Shipped,4
ORD-01687,Linda Kiptoo,linda.kiptoo351@example.com,Male,54,United States,Houston,Electronics,USB-C Charger,2,22,0.05,41.8,Debit Card,2025-12-16,2025-12-20,Delivered,5
ORD-01688,Aisha Brown,aisha.brown439@example.com,Female,43,Uganda,Jinja,Electronics,Gaming Mouse,1,38,0.1,34.2,Debit Card,2025-07-08,2025-07-15,Processing,4
ORD-01689,Faith Williams,faith.williams932@example.com,Female,33,Ghana,Takoradi,Fashion,Cotton T-Shirt,1,18,0.1,16.2,Mobile Money,2026-01-10,2026-01-17,Returned,3
ORD-01690,Aisha Otieno,aisha.otieno286@example.com,Female,70,Rwanda,Butare,Beauty,Body Lotion,1,19,0.15,16.15,PayPal,2026-01-12,2026-01-14,Cancelled,1
ORD-01691,Esther Akinyi,esther.akinyi393@example.com,Female,52,Tanzania,Dar es Salaam,Beauty,Body Lotion,1,19,0.2,15.2,Bank Transfer,2025-04-23,2025-04-26,Delivered,4
ORD-01692,Faith Brown,faith.brown328@example.com,Male,62,Ghana,Takoradi,Beauty,Makeup Kit,2,52,0.2,83.2,Bank Transfer,2026-03-28,2026-04-01,Processing,3
ORD-01693,Jane Khan,jane.khan5@example.com,Male,29,Nigeria,Abuja,Electronics,Bluetooth Speaker,1,65,0.25,48.75,Mobile Money,2025-07-20,2025-07-25,Returned,4
ORD-01694,Brian Akinyi,brian.akinyi120@example.com,Female,51,Kenya,Kisumu,Home Appliances,Microwave Oven,2,180,0.15,306.0,Debit Card,2025-02-23,2025-03-03,Shipped,1
ORD-01695,Brian Williams,brian.williams249@example.com,Female,30,United Kingdom,London,Electronics,Bluetooth Speaker,2,65,0.25,97.5,Bank Transfer,2025-06-09,2025-06-10,Processing,5
ORD-01696,Kevin Kiptoo,kevin.kiptoo646@example.com,Male,32,Rwanda,Butare,Beauty,Makeup Kit,1,52,0.15,44.2,Credit Card,2026-06-17,2026-06-24,Delivered,2
ORD-01697,James Mwangi,james.mwangi516@example.com,Male,35,Ghana,Kumasi,Electronics,Gaming Mouse,5,38,0,190,Cash on Delivery,2026-02-02,2026-02-07,Shipped,4
ORD-01698,@@Jaames Otieno!!,user#mail.com,Female,150,south africa, Pretoria ,Beauty,Makeup Kit,2,$52.00,0%,52.0,Cash,2026.05.26,2026.05.28,cancelled,-1
ORD-01699,John Kamau,john.kamau111@example.com,Female,39,Tanzania,Dar es Salaam,Fashion,Cotton T-Shirt,1,18,0.25,13.5,PayPal,2026-02-05,2026-02-07,Returned,4
ORD-01700,James Mensah,james.mensah655@example.com,Male,66,Kenya,Eldoret,Electronics,Smartphone X12,5,699,0.25,2621.25,Credit Card,2025-10-20,2025-10-25,Delivered,5
ORD-01701,Peter Kamau,peter.kamau704@example.com,Female,31,Uganda,Kampala,Electronics,Bluetooth Speaker,1,65,0.2,52.0,Cash on Delivery,2025-07-15,2025-07-17,Shipped,3
ORD-01702,Mercy Smith,mercy.smith13@example.com,Female,24,United States,Houston,Home Appliances,Vacuum Cleaner,1,145,0,145,PayPal,2026-06-13,2026-06-19,Cancelled,4
ORD-01703,Mary Otieno,mary.otieno910@example.com,Male,47,United States,Houston,Electronics,Wireless Headphones,5,45,0.2,180.0,Bank Transfer,2026-02-19,2026-02-23,Delivered,4
ORD-01704,Esther Kamau,esther.kamau88@example.com,Female,54,Nigeria,Ibadan,Beauty,Lipstick,10,16,0.2,128.0,Cash on Delivery,2026-01-30,2026-02-07,Returned,3
ORD-01705,Peter Patel,peter.patel29@example.com,Male,39,South Africa,Cape Town,Beauty,Face Cream,2,24,0,48,PayPal,2026-01-19,2026-01-23,Returned,3
ORD-01706,Jane Wanjiku,jane.wanjiku374@example.com,Male,33,Tanzania,Arusha,Home Appliances,Microwave Oven,2,180,0.2,288.0,Debit Card,2026-08-16,2026-08-19,Cancelled,3
ORD-01707,Mary Kamau,mary.kamau698@example.com,Female,39,Ghana,Accra,Beauty,Makeup Kit,2,52,0.2,83.2,Mobile Money,2026-03-12,2026-03-19,Returned,5
ORD-01708,Kevin Otieno,kevin.otieno923@example.com,Female,70,Kenya,Mombasa,Electronics,Smartphone X12,3,699,0.1,1887.3,Mobile Money,2025-07-03,2025-07-11,Cancelled,4
ORD-01709,Mary Otieno,mary.otieno328@example.com,Female,26,South Africa,Durban,Home Appliances,Air Fryer,2,110,0.25,165.0,Debit Card,2025-11-04,2025-11-11,Delivered,1
ORD-01710,Brian Khan,brian.khan740@example.com,Female,18,United States,Chicago,Electronics,Smart Watch,4,120,0.15,408.0,Mobile Money,2025-08-18,2025-08-21,Cancelled,4
ORD-01711,Linda Smith,linda.smith517@example.com,Male,42,Nigeria,Lagos,Home Appliances,Electric Kettle,1,35,0.25,26.25,Mobile Money,2025-01-02,2025-01-03,Delivered,1
ORD-01712,Lucy Njoroge,lucy.njoroge222@example.com,Male,61,Kenya,Mombasa,Home Appliances,Electric Kettle,1,35,0.25,26.25,Bank Transfer,2025-12-24,2026-01-01,Cancelled,4
ORD-01713,Linda Kamau,linda.kamau386@example.com,Female,41,Nigeria,Kano,Beauty,Face Cream,2,24,0.2,38.4,Mobile Money,2025-12-25,2026-01-01,Cancelled,4
ORD-01714,John Ochieng,john.ochieng630@example.com,Female,63,India,Chennai,Fashion,Denim Jacket,1,62,0.1,55.8,PayPal,2025-06-05,2025-06-08,Shipped,4
ORD-01715,Aisha Otieno,aisha.otieno858@example.com,Male,23,Rwanda,Butare,Fashion,Handbag,2,55,0.25,82.5,Bank Transfer,2025-09-22,2025-09-26,Delivered,5
ORD-01716,Mary Williams,mary.williams117@example.com,Female,39,Tanzania,Mwanza,Home Appliances,Microwave Oven,2,180,0.15,306.0,PayPal,2026-08-24,2026-08-26,Delivered,1
ORD-01717,Esther Ochieng,esther.ochieng32@example.com,Male,50,Nigeria,Lagos,Electronics,USB-C Charger,2,22,0.05,41.8,Cash on Delivery,2025-05-18,2025-05-25,Returned,3
ORD-01718,Kevin Wanjiku,kevin.wanjiku327@example.com,Male,36,Uganda,Entebbe,Home Appliances,Vacuum Cleaner,2,145,0.2,232.0,Cash on Delivery,2026-01-02,2026-01-10,Shipped,1
ORD-01719,Saamuel Wanjiku,samuel.wanjiku994@example.com,female,63,India,,Beauty,Body Lotion,0,19,0.1,22.23,M-Pesa,02-01-2026,02-06-2026,shipped,5
ORD-01720,Brian Ochieng,brian.ochieng560@example.com,Male,43,United States,Chicago,Home Appliances,Air Fryer,1,110,0,110,Bank Transfer,2025-03-30,2025-04-04,Cancelled,5
ORD-01721,Kevin Patel,kevin.patel147@example.com,Male,49,Tanzania,Dar es Salaam,Electronics,Smart Watch,3,120,0.1,324.0,Credit Card,2026-02-15,2026-02-19,Shipped,5
ORD-01722,John Kamau,john.kamau929@example.com,Male,21,Tanzania,Arusha,Fashion,Handbag,2,55,0.05,104.5,Cash on Delivery,2025-02-08,2025-02-09,Returned,5
ORD-01723,Sarah Ochieng,sarah.ochieng178@example.com,Male,51,United Kingdom,Manchester,Electronics,Laptop Pro 14,1,1150,0.1,1035.0,PayPal,2025-12-10,2025-12-15,Returned,1
ORD-01724,Daniel Brown,daniel.brown226@example.com,Female,58,India,Delhi,Electronics,Smart Watch,3,120,0,360,Debit Card,2026-03-04,2026-03-11,Cancelled,1
ORD-01725,Brian Otieno,brian.otieno691@example.com,Female,58,United Kingdom,Birmingham,Electronics,Smart Watch,3,120,0,360,Cash on Delivery,2026-06-17,2026-06-19,Processing,3
ORD-01726,@@Faaith Kamau!!,john@@email.com,Male,150,UGANDA, Entebbe ,Electronics,Gaming Mouse,0,38,25%,57.0,Pay Pal,24/12/2025,28/12/2025,Shipped,0
ORD-01727,Grace Okafor,grace.okafor508@example.com,Female,48,Kenya,Nairobi,Beauty,Lipstick,1,16,0.25,12.0,Debit Card,2025-05-09,2025-05-13,Cancelled,4
ORD-01728,Aisha Njoroge,aisha.njoroge947@example.com,Male,43,Tanzania,Dar es Salaam,Electronics,Laptop Pro 14,2,1150,0.25,1725.0,Mobile Money,2025-06-12,2025-06-15,Cancelled,4
ORD-01729,Samuel Patel,samuel.patel333@example.com,Male,28,United Kingdom,London,Fashion,Handbag,2,55,0,110,PayPal,2026-07-18,2026-07-19,Returned,4
ORD-01730,Linda Njoroge,linda.njoroge477@example.com,Female,27,Tanzania,Mwanza,Electronics,Smartphone X12,1,699,0.2,559.2,PayPal,2025-11-27,2025-12-05,Delivered,4
ORD-01731,Lucy Kamau,lucy.kamau792@example.com,Male,46,South Africa,Durban,Electronics,Bluetooth Speaker,1,65,0,65,Cash on Delivery,2026-02-01,2026-02-07,Returned,4
ORD-01732,Sarah Okafor,sarah.okafor452@example.com,Male,23,Nigeria,Abuja,Home Appliances,Microwave Oven,1,180,0,180,Credit Card,2025-11-12,2025-11-19,Processing,1
ORD-01733,Aisha Okafor,aisha.okafor971@example.com,Female,46,Kenya,Eldoret,Fashion,Cotton T-Shirt,1,18,0.25,13.5,Bank Transfer,2025-12-24,2026-01-01,Shipped,1
ORD-01734,Peter Smith,peter.smith14@example.com,Female,22,Ghana,Kumasi,Electronics,Wireless Headphones,1,45,0.05,42.75,Debit Card,2025-02-06,2025-02-14,Returned,3
ORD-01735,@@Faaith Patel!!,user#mail.com,Male,150,KENYA, NAKURU ,Home Appliances,Electric Kettle,25000,35,5%,1080.62,Bank transfer,02/05/2025,03/05/2025,delivered,5 stars
ORD-01736,Esther Smith,esther.smith796@example.com,Female,49,Uganda,Entebbe,Beauty,Makeup Kit,5,52,0.1,234.0,Mobile Money,2025-02-20,2025-02-27,Shipped,5
ORD-01737,David Mwangi,david.mwangi390@example.com,Female,59,Uganda,Entebbe,Home Appliances,Electric Kettle,1,35,0.25,26.25,Cash on Delivery,2026-07-17,2026-07-24,Shipped,3
ORD-01738,Jane Smith,jane.smith561@example.com,Male,45,Uganda,Jinja,Fashion,Cotton T-Shirt,2,18,0.05,34.2,Mobile Money,2026-03-03,2026-03-11,Cancelled,2
ORD-01739,Michael Njoroge,michael.njoroge374@example.com,Female,51,United Kingdom,Manchester,Fashion,Denim Jacket,1,62,0.25,46.5,Debit Card,2025-01-05,2025-01-10,Cancelled,2
ORD-01740,Esther Mensah,esther.mensah708@example.com,Male,39,India,Delhi,Home Appliances,Blender,1,58,0.25,43.5,Bank Transfer,2025-12-31,2026-01-01,Processing,4
ORD-01741,Samuel Njoroge,samuel.njoroge170@example.com,Male,64,Kenya,Kisumu,Electronics,Smart Watch,1,120,0.1,108.0,PayPal,2025-02-22,2025-03-02,Shipped,2
ORD-01742,Linda Khan,linda.khan146@example.com,Female,55,India,Delhi,Electronics,Laptop Pro 14,2,1150,0.05,2185.0,Bank Transfer,2025-10-04,2025-10-10,Delivered,5
ORD-01743,Grace Akinyi,grace.akinyi40@example.com,Male,61,Kenya,Nairobi,Beauty,Perfume,1,70,0.1,63.0,Credit Card,2025-01-05,2025-01-10,Shipped,3
ORD-01744,Brian Khan,brian.khan476@example.com,Female,56,Nigeria,Ibadan,Fashion,Cotton T-Shirt,1,18,0,18,Mobile Money,2025-08-27,2025-08-31,Returned,4
ORD-01745,Grace Otieno,grace.otieno245@example.com,Female,60,Tanzania,Dar es Salaam,Electronics,Gaming Mouse,2,38,0,76,Debit Card,2026-08-13,2026-08-14,Cancelled,3
ORD-01746,Samuel Khan,samuel.khan188@example.com,Female,69,United States,Houston,Fashion,Hoodie,1,42,0.25,31.5,PayPal,2025-04-24,2025-04-25,Cancelled,5
ORD-01747,Daniel Smith,daniel.smith775@example.com,Male,45,South Africa,Durban,Home Appliances,Blender,1,58,0,58,Credit Card,2025-03-24,2025-03-28,Delivered,3
ORD-01748,Michael Brown,michael.brown33@example.com,Female,66,Uganda,Entebbe,Home Appliances,Blender,3,58,0.05,165.3,Cash on Delivery,2025-05-19,2025-05-27,Delivered,2
ORD-01749,David Smith,david.smith326@example.com,Female,48,South Africa,Cape Town,Beauty,Hair Dryer,1,48,0.05,45.6,Mobile Money,2026-03-10,2026-03-13,Processing,4
ORD-01750,James Williams,james.williams671@example.com,Female,46,Ghana,Takoradi,Electronics,Smart Watch,1,120,0,120,Cash on Delivery,2025-06-13,2025-06-14,Delivered,5
ORD-01751,Mercy Mensah,mercy.mensah345@example.com,Female,22,South Africa,Johannesburg,Beauty,Perfume,1,70,0.05,66.5,PayPal,2026-05-21,2026-05-22,Delivered,3
ORD-01752,Michael Wanjiku,michael.wanjiku693@example.com,Male,69,India,Delhi,Fashion,Running Shorts,2,28,0.15,47.6,Debit Card,2025-06-27,2025-07-01,Returned,3
ORD-01753,Lucy Smith,lucy.smith156@example.com,Male,21,United Kingdom,London,Home Appliances,Vacuum Cleaner,1,145,0,145,PayPal,2026-01-14,2026-01-18,Processing,4
ORD-01754,Linda Akinyi,linda.akinyi786@example.com,Female,41,Ghana,Kumasi,Fashion,Sneakers,1,75,0.05,71.25,Cash on Delivery,2026-01-23,2026-01-31,Returned,2
ORD-01755,Kevin Khan,kevin.khan88@example.com,Male,51,Tanzania,Arusha,Electronics,Laptop Pro 14,1,1150,0.1,1035.0,Cash on Delivery,2025-11-03,2025-11-07,Processing,4
ORD-01756,Linda Kamau,linda.kamau695@example.com,Male,59,Nigeria,Lagos,Fashion,Running Shorts,10,28,0.15,238.0,Debit Card,2025-11-25,2025-11-26,Returned,4
ORD-01757,Kevin Patel,kevin.patel166@example.com,Male,50,United States,Chicago,Beauty,Hair Dryer,3,48,0.15,122.4,Cash on Delivery,2026-03-14,2026-03-17,Delivered,5
ORD-01758,Victor Okafor,victor.okafor253@example.com,Male,43,United Kingdom,Manchester,Fashion,Hoodie,1,42,0,42,Bank Transfer,2025-11-26,2025-12-04,Cancelled,2
ORD-01759,Michael Njoroge,michael.njoroge2@example.com,Female,46,United States,New York,Electronics,Bluetooth Speaker,1,65,0.2,52.0,Debit Card,2025-12-21,2025-12-23,Delivered,3
ORD-01760,Brian Williams,brian.williams662@example.com,Male,42,Tanzania,Dar es Salaam,Electronics,Gaming Mouse,10,38,0,380,Cash on Delivery,2026-07-28,2026-08-05,Delivered,5
ORD-01761,@@Jaames Kiptoo!!,mary.example.com,female,999,Uganda,,Home Appliances,Air Fryer,1,$110.00,10%,49.5,M-Pesa,2025.02.18,2025.02.22,Processing,6
ORD-01762,Faith Wanjiku,faith.wanjiku288@example.com,Male,42,Ghana,Accra,Electronics,Gaming Mouse,3,38,0,114,Debit Card,2025-04-13,2025-04-18,Delivered,2
ORD-01763,Mary Williams,mary.williams564@example.com,Male,65,United Kingdom,Birmingham,Fashion,Cotton T-Shirt,3,18,0.05,51.3,Credit Card,2025-03-20,2025-03-27,Cancelled,5
ORD-01764,Faith Brown,faith.brown390@example.com,Male,56,Kenya,Mombasa,Electronics,Laptop Pro 14,4,1150,0.15,3910.0,Mobile Money,2026-04-23,2026-04-28,Cancelled,5
ORD-01765,Grace Williams,grace.williams52@example.com,Male,48,Kenya,Nairobi,Electronics,Bluetooth Speaker,1,65,0.1,58.5,Debit Card,2026-04-13,2026-04-15,Processing,4
ORD-01766,John Okafor,john.okafor381@example.com,Male,23,Kenya,Eldoret,Home Appliances,Air Fryer,1,110,0.15,93.5,PayPal,2026-08-22,2026-08-24,Processing,5
ORD-01767,Peter Kiptoo,peter.kiptoo843@example.com,Male,25,Tanzania,Arusha,Beauty,Perfume,2,70,0.1,126.0,Credit Card,2026-04-10,2026-04-17,Shipped,4
ORD-01768,Victor Akinyi,victor.akinyi411@example.com,Male,24,Nigeria,Kano,Beauty,Perfume,3,70,0.05,199.5,Mobile Money,2026-02-16,2026-02-23,Returned,4
ORD-01769,Kevin Okafor,kevin.okafor867@example.com,Female,51,Kenya,Kisumu,Home Appliances,Microwave Oven,1,180,0,180,Bank Transfer,2025-10-21,2025-10-22,Shipped,2
ORD-01770,Samuel Otieno,samuel.otieno507@example.com,Male,45,Uganda,Jinja,Beauty,Face Cream,1,24,0.15,20.4,Bank Transfer,2025-08-12,2025-08-13,Delivered,3
ORD-01771,Grace Akinyi,grace.akinyi191@example.com,Male,36,United States,Los Angeles,Electronics,Laptop Pro 14,1,1150,0.25,862.5,Bank Transfer,2025-04-26,2025-05-03,Cancelled,5
ORD-01772,Peter Kiptoo,peter.kiptoo552@example.com,Female,54,Rwanda,Butare,Beauty,Face Cream,3,24,0.15,61.2,Debit Card,2026-06-07,2026-06-15,Cancelled,1
ORD-01773,Mercy Khan,mercy.khan657@example.com,Female,32,South Africa,Johannesburg,Electronics,Bluetooth Speaker,2,65,0.15,110.5,PayPal,2025-08-21,2025-08-23,Returned,4
ORD-01774,Peter Mensah,peter.mensah229@example.com,Male,35,Ghana,Accra,Fashion,Handbag,4,55,0.15,187.0,Mobile Money,2025-02-14,2025-02-19,Shipped,1
ORD-01775,Daniel Njoroge,daniel.njoroge128@example.com,Male,51,Nigeria,Kano,Beauty,Perfume,1,70,0.05,66.5,Credit Card,2025-01-21,2025-01-23,Cancelled,5
ORD-01776,Mercy Brown,mercy.brown810@example.com,Female,64,Rwanda,Kigali,Beauty,Hair Dryer,2,48,0.2,76.8,Cash on Delivery,2026-08-14,2026-08-22,Returned,3
ORD-01777,Grace Njoroge,grace.njoroge128@example.com,Female,25,India,Mumbai,Home Appliances,Electric Kettle,4,35,0.05,133.0,PayPal,2026-07-14,2026-07-21,Cancelled,4
ORD-01778,Kevin Smith,kevin.smith821@example.com,Female,61,Nigeria,Kano,Electronics,Wireless Headphones,1,45,0.15,38.25,Mobile Money,2026-02-21,2026-02-25,Shipped,1
ORD-01779,Esther Kamau,esther.kamau429@example.com,Female,56,Ghana,Takoradi,Home Appliances,Blender,1,58,0.05,55.1,Cash on Delivery,2026-02-25,2026-03-01,Returned,4
ORD-01780,Mary Kamau,mary.kamau782@example.com,Male,31,India,Delhi,Electronics,USB-C Charger,2,22,0.05,41.8,Mobile Money,2026-05-27,2026-05-29,Processing,4
ORD-01781,Kevin Kiptoo,kevin.kiptoo944@example.com,Male,25,Ghana,Accra,Beauty,Perfume,3,70,0.25,157.5,Cash on Delivery,2025-03-20,2025-03-28,Processing,5
ORD-01782,Faith Njoroge,faith.njoroge689@example.com,Female,28,Kenya,Nairobi,Home Appliances,Coffee Maker,2,85,0,170,PayPal,2025-10-30,2025-11-05,Returned,5
ORD-01783,Kevin Mensah,kevin.mensah648@example.com,Male,27,Rwanda,Kigali,Electronics,Smartphone X12,2,699,0.1,1258.2,Mobile Money,2025-11-26,2025-12-02,Processing,1
ORD-01784,Daniel Patel,daniel.patel506@example.com,Male,44,India,Delhi,Home Appliances,Vacuum Cleaner,4,145,0,580,Debit Card,2025-04-19,2025-04-22,Cancelled,5
ORD-01785,Jane Mwangi,jane.mwangi101@example.com,Male,70,Nigeria,Kano,Beauty,Perfume,2,70,0.1,126.0,Debit Card,2026-07-23,2026-07-28,Delivered,3
ORD-01786,Mercy Kiptoo,mercy.kiptoo534@example.com,Female,60,South Africa,Johannesburg,Fashion,Sneakers,4,75,0.15,255.0,Bank Transfer,2025-02-17,2025-02-24,Processing,5
ORD-01787,Mary Okafor,mary.okafor768@example.com,Male,57,India,Chennai,Fashion,Running Shorts,1,28,0.25,21.0,Bank Transfer,2025-04-21,2025-04-29,Shipped,4
ORD-01788,Kevin Mensah,kevin.mensah482@example.com,Female,30,Nigeria,Port Harcourt,Beauty,Body Lotion,1,19,0.05,18.05,Bank Transfer,2026-04-09,2026-04-10,Shipped,4
ORD-01789,Brian Smith,brian.smith176@example.com,Male,59,South Africa,Durban,Electronics,Laptop Pro 14,4,1150,0.1,4140.0,Cash on Delivery,2025-10-04,2025-10-06,Returned,5
ORD-01790,Faith Kiptoo,faith.kiptoo321@example.com,Male,37,South Africa,Johannesburg,Beauty,Makeup Kit,4,52,0.05,197.6,PayPal,2025-04-07,2025-04-09,Processing,5
ORD-01791,John Otieno,john.otieno710@example.com,Male,35,Uganda,Jinja,Home Appliances,Electric Kettle,2,35,0.25,52.5,Cash on Delivery,2026-01-12,2026-01-13,Processing,5
ORD-01792,Esther Smith,esther.smith67@example.com,Female,39,Tanzania,Mwanza,Electronics,Wireless Headphones,2,45,0.2,72.0,Cash on Delivery,2025-10-08,2025-10-09,Processing,5
ORD-01793,David Khan,david.khan198@example.com,Male,47,United States,Houston,Fashion,Hoodie,2,42,0.25,63.0,Bank Transfer,2025-11-24,2025-11-29,Shipped,4
ORD-01794,Samuel Patel,samuel.patel78@example.com,Male,60,Tanzania,Dar es Salaam,Electronics,Smart Watch,4,120,0.05,456.0,Mobile Money,2025-01-28,2025-02-01,Processing,3
ORD-01795,Linda Kiptoo,linda.kiptoo729@example.com,Female,42,Ghana,Kumasi,Electronics,Laptop Pro 14,5,1150,0.05,5462.5,Debit Card,2026-08-21,2026-08-28,Shipped,5
ORD-01796,David Smith,david.smith843@example.com,Male,52,South Africa,Cape Town,Beauty,Face Cream,2,24,0,48,PayPal,2025-01-17,2025-01-21,Shipped,4
ORD-01797,James Brown,james.brown193@example.com,Female,35,Ghana,Tamale,Electronics,USB-C Charger,1,22,0.05,20.9,PayPal,2025-07-15,2025-07-19,Returned,4
ORD-01798,James Kiptoo,james.kiptoo447@example.com,Female,57,South Africa,Cape Town,Home Appliances,Electric Kettle,2,35,0,70,PayPal,2025-02-08,2025-02-15,Processing,4
ORD-01799,Peter Akinyi,peter.akinyi22@example.com,Female,46,South Africa,Cape Town,Beauty,Body Lotion,5,19,0.2,76.0,Credit Card,2025-07-29,2025-08-04,Returned,4
ORD-01800,Faith Mensah,faith.mensah438@example.com,Female,69,Ghana,Tamale,Home Appliances,Microwave Oven,3,180,0,540,PayPal,2025-10-18,2025-10-24,Returned,2
ORD-01801,Sarah Okafor,sarah.okafor207@example.com,Male,18,United States,Los Angeles,Home Appliances,Air Fryer,1,110,0,110,Cash on Delivery,2025-12-15,2025-12-20,Returned,2
ORD-01802,Samuel Smith,samuel.smith387@example.com,Female,51,South Africa,Durban,Home Appliances,Coffee Maker,2,85,0.25,127.5,Cash on Delivery,2026-03-17,2026-03-25,Returned,5
ORD-01803,John Patel,john.patel885@example.com,Male,45,United States,New York,Beauty,Makeup Kit,1,52,0.25,39.0,Mobile Money,2025-03-29,2025-04-03,Delivered,5
ORD-01804,Jane Kiptoo,jane.kiptoo443@example.com,Female,64,South Africa,Durban,Beauty,Face Cream,1,24,0.15,20.4,Cash on Delivery,2025-01-01,2025-01-07,Returned,1
ORD-01805,Victor Khan,victor.khan741@example.com,Male,61,Kenya,Nairobi,Beauty,Lipstick,2,16,0.1,28.8,Debit Card,2025-07-29,2025-08-03,Processing,5
ORD-01806,Peter Williams,peter.williams419@example.com,Male,44,Rwanda,Butare,Electronics,Bluetooth Speaker,1,65,0,65,Credit Card,2026-05-12,2026-05-18,Shipped,3
ORD-01807,Sarah Mensah,sarah.mensah172@example.com,Female,39,Uganda,Kampala,Beauty,Face Cream,2,24,0.25,36.0,Debit Card,2025-05-08,2025-05-13,Processing,1
ORD-01808,Lucy Okafor,lucy.okafor809@example.com,Female,22,South Africa,Durban,Beauty,Lipstick,3,16,0.15,40.8,Debit Card,2025-09-13,2025-09-18,Cancelled,5
ORD-01809,John Brown,john.brown861@example.com,Male,23,Kenya,Nakuru,Fashion,Cotton T-Shirt,2,18,0.05,34.2,Cash on Delivery,2025-03-23,2025-03-26,Returned,4
ORD-01810,James Patel,james.patel378@example.com,Female,27,Tanzania,Dar es Salaam,Fashion,Sneakers,3,75,0.25,168.75,Mobile Money,2026-04-16,2026-04-22,Cancelled,5
ORD-01811,Esther Wanjiku,esther.wanjiku260@example.com,Female,37,South Africa,Pretoria,Home Appliances,Microwave Oven,1,180,0.05,171.0,Cash on Delivery,2025-08-05,2025-08-10,Returned,4
ORD-01812,Kevin Wanjiku,kevin.wanjiku380@example.com,Female,46,South Africa,Cape Town,Electronics,Smart Watch,1,120,0.05,114.0,Bank Transfer,2025-04-01,2025-04-09,Delivered,5
ORD-01813,Michael Njoroge,michael.njoroge908@example.com,Male,45,South Africa,Johannesburg,Beauty,Hair Dryer,1,48,0.1,43.2,Debit Card,2026-02-28,2026-03-03,Cancelled,4
ORD-01814,Mercy Njoroge,mercy.njoroge834@example.com,Female,49,Tanzania,Mwanza,Electronics,Smart Watch,2,120,0.2,192.0,PayPal,2026-05-23,2026-05-29,Processing,5
ORD-01815,Michael Brown,michael.brown471@example.com,Female,68,Uganda,Jinja,Home Appliances,Electric Kettle,2,35,0.05,66.5,Mobile Money,2025-01-29,2025-02-02,Cancelled,4
ORD-01816,Linda Kiptoo,linda.kiptoo479@example.com,Male,40,United States,Houston,Electronics,Bluetooth Speaker,4,65,0,260,Debit Card,2025-11-12,2025-11-20,Processing,3
ORD-01817,Mercy Mensah,mercy.mensah60@example.com,Male,68,Tanzania,Arusha,Fashion,Running Shorts,3,28,0,84,Credit Card,2025-02-17,2025-02-22,Cancelled,5
ORD-01818,Daniel Akinyi,daniel.akinyi251@example.com,Female,51,Tanzania,Mwanza,Fashion,Denim Jacket,3,62,0.25,139.5,PayPal,2026-03-09,2026-03-15,Shipped,2
ORD-01819,John Patel,john.patel981@example.com,Female,20,Ghana,Takoradi,Beauty,Face Cream,2,24,0.25,36.0,Cash on Delivery,2026-04-23,2026-04-24,Delivered,4
ORD-01820,Mercy Okafor,mercy.okafor582@example.com,Female,55,South Africa,Durban,Home Appliances,Microwave Oven,1,180,0.2,144.0,Cash on Delivery,2025-11-18,2025-11-20,Delivered,1
ORD-01821,Samuel Kiptoo,samuel.kiptoo79@example.com,Female,37,Tanzania,Mwanza,Fashion,Running Shorts,5,28,0.1,126.0,Credit Card,2026-04-27,2026-05-05,Returned,4
ORD-01822,Victor Kiptoo,victor.kiptoo410@example.com,Female,60,Rwanda,Butare,Electronics,Bluetooth Speaker,2,65,0.25,97.5,Cash on Delivery,2026-07-15,2026-07-18,Delivered,5
,@@None!!,user#mail.com,,0,,,,,5 units,48,20%,38.4,Cash,2025.10.10,2025.10.13,,5 stars
ORD-01824,Mary Mwangi,mary.mwangi497@example.com,Female,37,Tanzania,Dar es Salaam,Fashion,Sneakers,2,75,0.15,127.5,Cash on Delivery,2025-09-07,2025-09-11,Delivered,5
ORD-01825,Brian Ochieng,brian.ochieng193@example.com,Female,38,United Kingdom,Manchester,Fashion,Cotton T-Shirt,2,18,0.1,32.4,Bank Transfer,2025-10-16,2025-10-18,Shipped,1
ORD-01826,Esther Kiptoo,esther.kiptoo318@example.com,Female,49,South Africa,Pretoria,Fashion,Cotton T-Shirt,10,18,0.2,144.0,Credit Card,2025-11-06,2025-11-08,Shipped,2
ORD-01827,Jane Wanjiku,jane.wanjiku274@example.com,Female,44,Nigeria,Kano,Fashion,Sneakers,1,75,0.2,60.0,Debit Card,2026-07-02,2026-07-04,Returned,3
ORD-01828,Mercy Akinyi,mercy.akinyi352@example.com,Male,57,United Kingdom,Manchester,Fashion,Running Shorts,1,28,0.2,22.4,Bank Transfer,2026-08-15,2026-08-20,Delivered,5
ORD-01829,Samuel Njoroge,samuel.njoroge354@example.com,Male,66,United Kingdom,Manchester,Home Appliances,Blender,3,58,0,174,Credit Card,2025-08-09,2025-08-13,Returned,4
ORD-01830,Mary Wanjiku,mary.wanjiku984@example.com,Male,52,United Kingdom,Birmingham,Electronics,Smart Watch,4,120,0,480,PayPal,2025-09-22,2025-09-29,Shipped,2
ORD-01831,Victor Njoroge,victor.njoroge763@example.com,Male,33,Ghana,Tamale,Fashion,Sneakers,2,75,0.1,135.0,Cash on Delivery,2025-04-15,2025-04-18,Processing,1
ORD-01832,David Wanjiku,david.wanjiku256@example.com,Female,23,South Africa,Durban,Electronics,Wireless Headphones,1,45,0.15,38.25,Credit Card,2025-12-31,2026-01-06,Delivered,2
ORD-01833,Michael Njoroge,michael.njoroge546@example.com,Male,23,Kenya,Mombasa,Electronics,Gaming Mouse,1,38,0,38,Cash on Delivery,2025-02-18,2025-02-25,Returned,3
ORD-01834,Esther Wanjiku,esther.wanjiku768@example.com,Female,69,Tanzania,Arusha,Beauty,Lipstick,3,16,0.25,36.0,Cash on Delivery,2025-11-30,2025-12-05,Shipped,1
ORD-01835,Daaniel Akinyi,daniel.akinyi157@example.com,,21,Nigeria, Abuja ,Beauty,Body Lotion,3 units,KSh 19,0.20,59.28,M-Pesa,2025.11.11,2025.11.13,delivered,5
ORD-01836,Brian Smith,brian.smith86@example.com,Female,58,Nigeria,Port Harcourt,Fashion,Handbag,3,55,0.05,156.75,Bank Transfer,2025-12-31,2026-01-07,Cancelled,2
ORD-01837,Daniel Njoroge,daniel.njoroge587@example.com,Male,69,India,Chennai,Fashion,Sneakers,2,75,0.25,112.5,Cash on Delivery,2025-01-04,2025-01-05,Shipped,3
ORD-01838,Mary Brown,mary.brown207@example.com,Male,28,Tanzania,Arusha,Fashion,Denim Jacket,2,62,0.15,105.4,Bank Transfer,2025-02-01,2025-02-02,Cancelled,5
ORD-01839,Daniel Williams,daniel.williams196@example.com,Female,53,Uganda,Jinja,Home Appliances,Vacuum Cleaner,2,145,0.05,275.5,PayPal,2025-05-06,2025-05-09,Delivered,5
ORD-01840,John Brown,john.brown953@example.com,Female,27,Ghana, ACCRA ,Home Appliances,Coffee Maker,25,€85.00,25%,318.75,PAYPAL,01-17-2025,01-24-2025,Returned,1
ORD-01841,Daniel Wanjiku,daniel.wanjiku37@example.com,Female,24,Uganda,Kampala,Home Appliances,Microwave Oven,1,180,0.25,135.0,Debit Card,2025-12-04,2025-12-10,Shipped,4
ORD-01842,Mercy Patel,mercy.patel244@example.com,Male,22,United States,Los Angeles,Beauty,Hair Dryer,1,48,0.2,38.4,Bank Transfer,2026-02-03,2026-02-04,Shipped,4
ORD-01843,Saarah Kiptoo,invalid@,FEMALE,0,Ghana, Accra ,Electronics,Wireless Headphones,0,KSh 45,0.05,166.72,creditcard,2025.10.11,2025.10.19,,-1
ORD-01844,Faith Mwangi,faith.mwangi452@example.com,Male,26,Nigeria,Ibadan,Beauty,Body Lotion,3,19,0.1,51.3,Mobile Money,2026-01-03,2026-01-05,Cancelled,5
ORD-01845,Samuel Njoroge,samuel.njoroge9@example.com,Female,69,Kenya,Eldoret,Home Appliances,Coffee Maker,1,85,0.25,63.75,Bank Transfer,2026-06-07,2026-06-14,Returned,4
ORD-01846,Aisha Akinyi,aisha.akinyi793@example.com,Male,60,Rwanda,Butare,Beauty,Makeup Kit,2,52,0.2,83.2,Cash on Delivery,2025-06-12,2025-06-15,Delivered,5
ORD-01847,Mary Kiptoo,mary.kiptoo920@example.com,Female,50,Nigeria,Kano,Fashion,Denim Jacket,1,62,0.05,58.9,Mobile Money,2026-03-14,2026-03-19,Cancelled,5
ORD-01848,Faith Njoroge,faith.njoroge997@example.com,Female,35,United States,New York,Beauty,Hair Dryer,1,48,0.2,38.4,Cash on Delivery,2026-08-12,2026-08-18,Cancelled,4
ORD-01849,Peter Khan,peter.khan353@example.com,Female,61,Nigeria,Abuja,Home Appliances,Coffee Maker,1,85,0.15,72.25,Cash on Delivery,2025-06-12,2025-06-20,Cancelled,3
ORD-01850,Esther Njoroge,esther.njoroge331@example.com,Male,66,Nigeria,Lagos,Home Appliances,Vacuum Cleaner,1,145,0.05,137.75,PayPal,2025-05-01,2025-05-09,Processing,4
ORD-01851,Esther Mwangi,esther.mwangi909@example.com,Female,25,India,Chennai,Home Appliances,Blender,1,58,0.1,52.2,Bank Transfer,2026-03-28,2026-04-04,Delivered,2
ORD-01852,Mary Patel,mary.patel113@example.com,Male,43,Kenya,Eldoret,Fashion,Cotton T-Shirt,3,18,0.05,51.3,Bank Transfer,2025-02-08,2025-02-10,Processing,4
ORD-01853,Sarah Williams,sarah.williams763@example.com,Female,31,Ghana,Kumasi,Home Appliances,Electric Kettle,1,35,0.1,31.5,Mobile Money,2025-06-21,2025-06-29,Returned,4
ORD-01854,James Ochieng,james.ochieng282@example.com,Male,18,United Kingdom,Manchester,Beauty,Makeup Kit,2,52,0,104,Credit Card,2025-07-21,2025-07-26,Delivered,5
ORD-01855,Samuel Kiptoo,samuel.kiptoo765@example.com,Male,49,Tanzania,Dar es Salaam,Beauty,Makeup Kit,1,52,0.2,41.6,PayPal,2025-12-21,2025-12-27,Cancelled,3
ORD-01856,Linda Patel,linda.patel274@example.com,Female,65,Tanzania,Dar es Salaam,Fashion,Handbag,1,55,0.15,46.75,Credit Card,2025-05-22,2025-05-30,Processing,2
ORD-01857,James Patel,james.patel358@example.com,Female,44,Rwanda,Butare,Electronics,Wireless Headphones,2,45,0.05,85.5,Credit Card,2025-06-07,2025-06-13,Shipped,5
ORD-01858,Linda Njoroge,linda.njoroge349@example.com,Male,38,Tanzania,Arusha,Fashion,Hoodie,1,42,0,42,Debit Card,2025-04-02,2025-04-05,Cancelled,4
ORD-01859,Lucy Brown,lucy.brown405@example.com,Female,18,India,Bangalore,Beauty,Lipstick,2,16,0.1,28.8,Mobile Money,2026-07-29,2026-07-30,Processing,4
ORD-01860,David Otieno,david.otieno587@example.com,Female,61,India,Mumbai,Electronics,USB-C Charger,2,22,0.1,39.6,PayPal,2025-11-03,2025-11-05,Returned,4
ORD-01861,Sarah Otieno,sarah.otieno533@example.com,Male,66,Tanzania,Dar es Salaam,Electronics,USB-C Charger,4,22,0.2,70.4,Cash on Delivery,2026-06-14,2026-06-20,Cancelled,5
ORD-01862,Mary Njoroge,mary.njoroge20@example.com,Female,41,United States,Los Angeles,Home Appliances,Microwave Oven,3,180,0.2,432.0,Bank Transfer,2025-11-07,2025-11-12,Shipped,5
ORD-01863,Grace Akinyi,grace.akinyi881@example.com,Male,44,Uganda,Kampala,Beauty,Body Lotion,2,19,0.15,32.3,Cash on Delivery,2025-05-25,2025-05-26,Processing,4
ORD-01864,Jane Wanjiku,jane.wanjiku369@example.com,Female,55,Kenya,Nakuru,Beauty,Makeup Kit,1,52,0,52,Bank Transfer,2026-04-23,2026-04-25,Delivered,1
ORD-01865,Lucy Mensah,lucy.mensah985@example.com,Male,34,Tanzania,Mwanza,Home Appliances,Microwave Oven,2,180,0.05,342.0,Cash on Delivery,2025-03-15,2025-03-20,Cancelled,5
ORD-01866,Grace Wanjiku,grace.wanjiku351@example.com,Female,35,Tanzania,Arusha,Beauty,Body Lotion,1,19,0.1,17.1,Cash on Delivery,2025-11-13,2025-11-15,Processing,4
ORD-01867,Faith Patel,faith.patel149@example.com,Female,52,Tanzania,Arusha,Fashion,Hoodie,2,42,0.05,79.8,Credit Card,2026-01-17,2026-01-23,Returned,5
ORD-01868,Grace Smith,grace.smith419@example.com,Male,43,Tanzania,Arusha,Home Appliances,Microwave Oven,1,180,0.2,144.0,Bank Transfer,2025-06-09,2025-06-14,Delivered,5
ORD-01869,Lucy Njoroge,lucy.njoroge2@example.com,Male,37,Rwanda,Kigali,Fashion,Denim Jacket,3,62,0.25,139.5,Mobile Money,2026-04-22,2026-04-24,Returned,3
ORD-01870,Victor Njoroge,victor.njoroge738@example.com,Male,69,United States,New York,Home Appliances,Coffee Maker,5,85,0.25,318.75,PayPal,2025-10-25,2025-10-27,Processing,5
ORD-01871,Samuel Ochieng,samuel.ochieng126@example.com,Male,47,Kenya,Eldoret,Fashion,Handbag,4,55,0.1,198.0,Credit Card,2025-07-15,2025-07-22,Delivered,1
ORD-01872,Mary Kiptoo,mary.kiptoo472@example.com,Female,54,India,Mumbai,Electronics,Gaming Mouse,1,38,0.25,28.5,Cash on Delivery,2026-08-12,2026-08-13,Cancelled,4
ORD-01873,Brian Kamau,brian.kamau768@example.com,Female,69,Ghana,Tamale,Home Appliances,Coffee Maker,1,85,0.25,63.75,Cash on Delivery,2026-08-16,2026-08-20,Returned,5
ORD-01874,Faith Akinyi,faith.akinyi901@example.com,Female,61,Rwanda,Kigali,Home Appliances,Electric Kettle,3,35,0.15,89.25,Mobile Money,2026-06-24,2026-07-01,Delivered,1
ORD-01875,Jane Patel,jane.patel110@example.com,Male,66,Ghana,Kumasi,Home Appliances,Air Fryer,5,110,0.05,522.5,Debit Card,2025-01-08,2025-01-10,Delivered,3
ORD-01876,Faith Kiptoo,faith.kiptoo415@example.com,Male,61,Uganda,Kampala,Beauty,Makeup Kit,1,52,0.2,41.6,Bank Transfer,2025-11-18,2025-11-26,Returned,5
ORD-01877,John Smith,john.smith53@example.com,Male,47,Nigeria,Ibadan,Electronics,Smartphone X12,2,699,0.25,1048.5,PayPal,2026-01-08,2026-01-15,Returned,4
ORD-01878,Esther Wanjiku,esther.wanjiku919@example.com,Female,64,Rwanda,Kigali,Fashion,Cotton T-Shirt,1,18,0.25,13.5,Cash on Delivery,2025-09-28,2025-09-30,Returned,2
ORD-01879,Kevin Williams,kevin.williams822@example.com,Male,28,India,Mumbai,Electronics,Gaming Mouse,1,38,0.05,36.1,Debit Card,2025-09-28,2025-10-01,Cancelled,3
ORD-01880,Peter Williams,peter.williams634@example.com,Female,37,Nigeria,Kano,Beauty,Makeup Kit,2,52,0.05,98.8,Bank Transfer,2025-11-23,2025-12-01,Processing,3
ORD-01881,Daniel Mwangi,daniel.mwangi947@example.com,Male,22,Tanzania,Mwanza,Fashion,Denim Jacket,1,62,0.1,55.8,Bank Transfer,2026-06-18,2026-06-20,Returned,4
ORD-01882,James Ochieng,james.ochieng704@example.com,Male,39,Tanzania,Dar es Salaam,Fashion,Handbag,4,55,0.05,209.0,Bank Transfer,2025-03-01,2025-03-05,Returned,5
ORD-01883,Grace Okafor,grace.okafor798@example.com,Female,35,India,Delhi,Beauty,Makeup Kit,1,52,0.1,46.8,Bank Transfer,2025-03-24,2025-03-29,Shipped,4
,@@Maary Khan!!,user#mail.com,Male,999,Nigeria, Ibadan ,fashion,Denim Jacket,-1,KSh 62,0.1,27.9,cash on delivery,30/03/2026,02/04/2026,Cancelled,5 stars
ORD-01885,Esther Otieno,esther.otieno982@example.com,Female,24,United States,Los Angeles,Beauty,Makeup Kit,3,52,0.25,117.0,Cash on Delivery,2025-05-31,2025-06-01,Returned,3
ORD-01886,Faith Ochieng,faith.ochieng232@example.com,Male,70,Rwanda,Kigali,Home Appliances,Air Fryer,2,110,0.2,176.0,PayPal,2026-02-01,2026-02-06,Cancelled,5
ORD-01887,Samuel Ochieng,samuel.ochieng331@example.com,Male,63,Rwanda,Butare,HOME APPLIANCES,Air Fryer,2,$110.00,0%,44.0,paypal,01-21-2025,01-28-2025,returned,4
ORD-01888,Brian Mensah,brian.mensah401@example.com,Male,47,Tanzania,Mwanza,Electronics,Smartphone X12,1,699,0.2,559.2,Credit Card,2026-04-19,2026-04-24,Processing,2
ORD-01889,Brian Williams,brian.williams896@example.com,Male,39,Nigeria,Kano,Fashion,Running Shorts,4,28,0.25,84.0,Debit Card,2026-02-16,2026-02-17,Delivered,2
ORD-01890,John Otieno,john.otieno886@example.com,Male,56,Kenya,Eldoret,Beauty,Hair Dryer,3,48,0.2,115.2,Debit Card,2025-07-23,2025-07-29,Returned,5
ORD-01891,Peter Patel,peter.patel87@example.com,Female,48,South Africa,Johannesburg,Electronics,USB-C Charger,1,22,0.05,20.9,Cash on Delivery,2025-12-13,2025-12-18,Shipped,4
ORD-01892,Mary Khan,mary.khan828@example.com,Male,66,Tanzania,Dar es Salaam,Electronics,Smartphone X12,3,699,0.1,1887.3,Credit Card,2025-06-04,2025-06-08,Returned,2
ORD-01893,Peter Williams,peter.williams777@example.com,Female,56,United Kingdom,Birmingham,Beauty,Body Lotion,2,19,0.05,36.1,Credit Card,2025-04-13,2025-04-21,Cancelled,4
ORD-01894,Victor Mwangi,victor.mwangi76@example.com,Female,26,South Africa,Johannesburg,Home Appliances,Microwave Oven,2,180,0,360,Credit Card,2026-01-27,2026-01-28,Cancelled,3
ORD-01895,Daniel Kamau,daniel.kamau775@example.com,Female,53,South Africa,Durban,Fashion,Denim Jacket,1,62,0.2,49.6,Bank Transfer,2026-02-18,2026-02-26,Cancelled,4
ORD-01896,Victor Williams,victor.williams734@example.com,Male,47,Kenya,Nakuru,Home Appliances,Electric Kettle,1,35,0.25,26.25,Debit Card,2025-03-23,2025-03-31,Delivered,4
ORD-01897,Michael Akinyi,michael.akinyi935@example.com,Female,66,Ghana,Tamale,Beauty,Makeup Kit,3,52,0.25,117.0,Credit Card,2025-09-28,2025-10-04,Processing,1
ORD-01898,Kevin Patel,kevin.patel120@example.com,Male,52,United Kingdom,London,Home Appliances,Coffee Maker,4,85,0.15,289.0,PayPal,2025-12-19,2025-12-26,Processing,1
ORD-01899,Linda Kiptoo,linda.kiptoo852@example.com,Male,25,Kenya,Nakuru,Home Appliances,Vacuum Cleaner,2,145,0.1,261.0,Cash on Delivery,2025-04-21,2025-04-22,Cancelled,4
ORD-01900,Peter Njoroge,peter.njoroge154@example.com,Female,50,United States,Houston,Home Appliances,Coffee Maker,3,85,0.15,216.75,Bank Transfer,2025-06-05,2025-06-08,Returned,4
ORD-01901,Victor Ochieng,victor.ochieng624@example.com,Female,50,United Kingdom,Manchester,Home Appliances,Coffee Maker,1,85,0.05,80.75,Mobile Money,2026-01-25,2026-01-31,Delivered,5
ORD-01902,Esther Williams,esther.williams562@example.com,Male,48,Rwanda,Kigali,Beauty,Face Cream,1,24,0.05,22.8,Mobile Money,2026-03-30,2026-04-07,Returned,4
ORD-01903,Michael Mensah,michael.mensah189@example.com,Female,65,Kenya,Mombasa,Beauty,Perfume,1,70,0.15,59.5,Mobile Money,2025-03-13,2025-03-15,Shipped,1
ORD-01904,Esther Okafor,esther.okafor991@example.com,Male,59,Nigeria,Abuja,Beauty,Perfume,1,70,0,70,Debit Card,2025-10-22,2025-10-26,Shipped,2
ORD-01905,Daniel Mwangi,daniel.mwangi389@example.com,Female,19,South Africa,Johannesburg,Fashion,Denim Jacket,2,62,0.05,117.8,PayPal,2025-01-29,2025-02-05,Shipped,5
ORD-01906,Michael Okafor,michael.okafor902@example.com,Female,43,Kenya,Nakuru,Home Appliances,Coffee Maker,1,85,0.1,76.5,Debit Card,2025-05-24,2025-05-29,Returned,1
ORD-01907,Daniel Okafor,daniel.okafor908@example.com,Female,70,United States,New York,Electronics,Gaming Mouse,1,38,0.1,34.2,PayPal,2025-10-22,2025-10-30,Shipped,4
ORD-01908,Brian Okafor,brian.okafor822@example.com,Female,18,India,Mumbai,Home Appliances,Electric Kettle,1,35,0.1,31.5,PayPal,2025-09-11,2025-09-19,Shipped,4
ORD-01909,Sarah Kiptoo,sarah.kiptoo29@example.com,Male,61,Kenya,Nakuru,Beauty,Body Lotion,2,19,0.15,32.3,Cash on Delivery,2025-02-13,2025-02-17,Shipped,5
ORD-01910,Mercy Brown,mercy.brown926@example.com,Female,38,South Africa,Johannesburg,Beauty,Face Cream,4,24,0,96,Cash on Delivery,2026-03-01,2026-03-05,Shipped,5
ORD-01911,David Mwangi,david.mwangi821@example.com,Female,28,United States,Los Angeles,Fashion,Hoodie,2,42,0.25,63.0,Mobile Money,2026-08-05,2026-08-11,Shipped,4
ORD-01912,John Wanjiku,john.wanjiku200@example.com,Male,66,Nigeria,Port Harcourt,Beauty,Hair Dryer,1,48,0.15,40.8,Credit Card,2026-07-09,2026-07-10,Delivered,4
ORD-01913,Brian Ochieng,brian.ochieng151@example.com,Male,61,Kenya,Mombasa,Beauty,Hair Dryer,1,48,0,48,Mobile Money,2025-01-04,2025-01-06,Processing,5
ORD-01914,Brian Smith,brian.smith886@example.com,Male,62,Uganda,Kampala,Beauty,Hair Dryer,2,48,0.2,76.8,Mobile Money,2025-02-26,2025-03-03,Shipped,4
ORD-01915,Samuel Smith,samuel.smith697@example.com,Female,54,Tanzania,Mwanza,Electronics,Gaming Mouse,1,38,0.05,36.1,Credit Card,2025-09-16,2025-09-21,Shipped,2
ORD-01916,Lucy Brown,lucy.brown556@example.com,Male,69,Rwanda,Kigali,Beauty,Body Lotion,4,19,0.1,68.4,PayPal,2025-07-26,2025-07-27,Returned,5
ORD-01917,John Kiptoo,john.kiptoo51@example.com,Male,68,Ghana,Kumasi,Fashion,Handbag,2,55,0.25,82.5,Cash on Delivery,2025-09-23,2025-09-29,Shipped,4
ORD-01918,Peter Okafor,peter.okafor721@example.com,Female,24,Rwanda,Butare,Electronics,Bluetooth Speaker,3,65,0.2,156.0,Credit Card,2025-01-08,2025-01-10,Delivered,3
ORD-01919,David Mensah,david.mensah134@example.com,Male,20,United States,Los Angeles,Fashion,Sneakers,2,75,0.1,135.0,Bank Transfer,2026-07-30,2026-08-02,Processing,5
ORD-01920,Kevin Williams,kevin.williams489@example.com,Female,55,South Africa,Cape Town,Beauty,Face Cream,3,24,0.2,57.6,Credit Card,2026-06-02,2026-06-05,Processing,5
ORD-01921,Mercy Smith,mercy.smith455@example.com,Female,23,Tanzania,Arusha,Electronics,Wireless Headphones,1,45,0.05,42.75,Mobile Money,2025-06-18,2025-06-19,Processing,4
ORD-01922,Lucy Okafor,lucy.okafor831@example.com,Male,47,United States,Houston,Electronics,Gaming Mouse,5,38,0.05,180.5,Mobile Money,2026-08-20,2026-08-27,Shipped,2
ORD-01923,Victor Williams,victor.williams937@example.com,Female,48,Nigeria,Kano,Fashion,Running Shorts,1,28,0.1,25.2,Mobile Money,2025-08-30,2025-09-06,Cancelled,5
ORD-01924,Peter Patel,peter.patel312@example.com,Female,57,Uganda,Entebbe,Fashion,Running Shorts,1,28,0.25,21.0,Cash on Delivery,2026-06-16,2026-06-24,Cancelled,2
ORD-01925,James Patel,james.patel693@example.com,Male,59,Nigeria,Ibadan,Beauty,Makeup Kit,3,52,0.05,148.2,Debit Card,2025-06-10,2025-06-11,Processing,4
ORD-01926,Mary Smith,mary.smith32@example.com,Male,64,Kenya,Kisumu,Fashion,Cotton T-Shirt,2,18,0.15,30.6,Cash on Delivery,2026-08-05,2026-08-10,Delivered,1
ORD-01927,Aisha Kiptoo,aisha.kiptoo392@example.com,Male,62,Tanzania,Arusha,Fashion,Handbag,1,55,0.1,49.5,Cash on Delivery,2025-05-09,2025-05-15,Shipped,3
ORD-01928,Daniel Khan,daniel.khan851@example.com,Male,58,South Africa,Pretoria,Fashion,Sneakers,2,75,0,150,Mobile Money,2025-04-13,2025-04-19,Shipped,2
ORD-01929,Daniel Njoroge,daniel.njoroge984@example.com,Female,39,Nigeria,Port Harcourt,Fashion,Denim Jacket,1,62,0,62,Bank Transfer,2026-08-09,2026-08-10,Delivered,1
ORD-01930,Daniel Njoroge,daniel.njoroge821@example.com,Male,37,Ghana,Kumasi,Fashion,Cotton T-Shirt,2,18,0.25,27.0,Bank Transfer,2025-06-11,2025-06-15,Processing,4
ORD-01931,Mercy Ochieng,mercy.ochieng809@example.com,Male,28,Rwanda,Butare,Beauty,Face Cream,10,24,0.05,228.0,PayPal,2026-03-18,2026-03-21,Cancelled,5
ORD-01932,Brian Mensah,brian.mensah577@example.com,Male,19,South Africa,Pretoria,Home Appliances,Air Fryer,1,110,0.05,104.5,Mobile Money,2025-02-26,2025-03-05,Cancelled,3
ORD-01933,Peter Akinyi,peter.akinyi267@example.com,Male,60,Uganda,Entebbe,Fashion,Handbag,2,55,0.05,104.5,Debit Card,2025-10-18,2025-10-21,Delivered,5
ORD-01934,Daniel Mensah,daniel.mensah231@example.com,Male,57,United States,Chicago,Electronics,Laptop Pro 14,1,1150,0.1,1035.0,Cash on Delivery,2025-11-10,2025-11-14,Cancelled,5
ORD-01935,Aisha Williams,aisha.williams706@example.com,Male,40,Uganda,Entebbe,Fashion,Running Shorts,3,28,0.2,67.2,Bank Transfer,2026-06-10,2026-06-18,Shipped,5
ORD-01936,Faith Mwangi,faith.mwangi349@example.com,Male,33,South Africa,Cape Town,Electronics,Smartphone X12,1,699,0.15,594.15,Mobile Money,2025-02-21,2025-02-24,Processing,2
ORD-01937,Victor Okafor,victor.okafor384@example.com,Female,30,Ghana,Kumasi,Home Appliances,Microwave Oven,4,180,0,720,Debit Card,2025-06-11,2025-06-12,Processing,2
ORD-01938,Peter Kamau,peter.kamau839@example.com,Female,19,Nigeria,Port Harcourt,Electronics,Smartphone X12,1,699,0.05,664.05,PayPal,2025-04-02,2025-04-08,Returned,3
ORD-01939,Daniel Otieno,daniel.otieno156@example.com,Female,59,Kenya,Eldoret,Home Appliances,Coffee Maker,25,85,0,2125,Credit Card,2025-12-16,2025-12-23,Delivered,3
ORD-01940,James Williams,james.williams833@example.com,Female,20,Ghana,Tamale,Home Appliances,Air Fryer,1,110,0.05,104.5,Credit Card,2026-06-14,2026-06-16,Shipped,5
ORD-01941,Lucy Mensah,lucy.mensah985@example.com,Male,34,Tanzania,Dar es Salaam,Home Appliances,Coffee Maker,3,85,0.25,191.25,Bank Transfer,2026-04-27,2026-04-29,Cancelled,3
ORD-01942,Esther Williams,esther.williams237@example.com,Male,29,Tanzania,Arusha,Beauty,Face Cream,4,24,0.15,81.6,Credit Card,2025-10-12,2025-10-19,Cancelled,2
ORD-01943,Jane Khan,jane.khan972@example.com,Female,63,Rwanda,Kigali,Electronics,Laptop Pro 14,2,1150,0.2,1840.0,Credit Card,2025-09-01,2025-09-07,Delivered,2
ORD-01944,Mercy Okafor,mercy.okafor676@example.com,Female,42,Nigeria,Ibadan,Electronics,Bluetooth Speaker,1,65,0.1,58.5,Credit Card,2026-03-07,2026-03-15,Processing,4
ORD-01945,Mary Kamau,mary.kamau46@example.com,Female,23,South Africa,Pretoria,Electronics,Smart Watch,1,120,0.2,96.0,Credit Card,2026-03-04,2026-03-06,Shipped,4
ORD-01946,Grace Kiptoo,grace.kiptoo961@example.com,Male,33,United States,New York,Fashion,Sneakers,1,75,0.15,63.75,Cash on Delivery,2026-02-22,2026-03-02,Processing,5
ORD-01947,@@Victor Kiptoo!!,invalid@,Male,999,TANZANIA, Arusha ,Electronics,Bluetooth Speaker,-2,KSh 65,25%,126.75,Pay Pal,25/01/2026,02/02/2026,Delivered,0
ORD-01948,Sarah Wanjiku,sarah.wanjiku51@example.com,Female,67,Kenya,Nakuru,Fashion,Running Shorts,2,28,0,56,Bank Transfer,2026-03-31,2026-04-06,Processing,1
ORD-01949,Daniel Kiptoo,daniel.kiptoo493@example.com,Male,34,Uganda,Jinja,Fashion,Handbag,2,55,0,110,Cash on Delivery,2026-03-22,2026-03-29,Cancelled,5
ORD-01950,Esther Mwangi,esther.mwangi363@example.com,Male,45,Nigeria,Kano,Home Appliances,Microwave Oven,4,180,0,720,Mobile Money,2025-12-26,2026-01-01,Shipped,4
ORD-01951,Victor Khan,victor.khan151@example.com,Male,19,South Africa,Johannesburg,Electronics,Laptop Pro 14,2,1150,0.05,2185.0,PayPal,2025-05-18,2025-05-24,Cancelled,5
ORD-01952,John Smith,john.smith205@example.com,Female,24,South Africa,Cape Town,Beauty,Makeup Kit,2,52,0.05,98.8,Cash on Delivery,2026-05-23,2026-05-31,Shipped,1
ORD-01953,John Patel,john.patel106@example.com,Female,27,Nigeria,Ibadan,Home Appliances,Vacuum Cleaner,2,145,0.05,275.5,PayPal,2025-02-28,2025-03-03,Processing,3
ORD-01954,Mary Smith,mary.smith578@example.com,Male,55,Kenya,Kisumu,Home Appliances,Vacuum Cleaner,10,145,0.2,1160.0,Bank Transfer,2026-08-05,2026-08-13,Cancelled,4
ORD-01955,Kevin Ochieng,kevin.ochieng208@example.com,Female,69,UNITED KINGDOM, Manchester ,Fashion,Cotton T-Shirt,1,€18.00,15%,30.6,BANK TRANSFER,2025.09.12,2025.09.16,Delivered,4
ORD-01956,Brian Okafor,brian.okafor635@example.com,Male,49,India,Chennai,Home Appliances,Blender,1,58,0.15,49.3,Cash on Delivery,2026-01-03,2026-01-05,Cancelled,5
ORD-01957,John Otieno,john.otieno131@example.com,Male,33,Tanzania,Dar es Salaam,Beauty,Hair Dryer,2,48,0,96,Credit Card,2025-05-13,2025-05-17,Processing,3
ORD-01958,Jane Okafor,jane.okafor578@example.com,Male,65,United States,Los Angeles,Electronics,Smartphone X12,1,699,0.25,524.25,Bank Transfer,2025-09-26,2025-09-28,Shipped,5
ORD-01959,Mary Brown,mary.brown556@example.com,Male,69,United Kingdom,London,Home Appliances,Air Fryer,1,110,0.15,93.5,Debit Card,2025-07-04,2025-07-08,Cancelled,5
ORD-01960,Sarah Kiptoo,sarah.kiptoo819@example.com,Female,30,Uganda,Entebbe,Beauty,Makeup Kit,2,52,0.2,83.2,Mobile Money,2025-03-26,2025-04-01,Cancelled,2
ORD-01961,Aisha Williams,aisha.williams266@example.com,Male,62,United Kingdom,Manchester,Home Appliances,Blender,1,58,0.05,55.1,Bank Transfer,2025-09-15,2025-09-22,Delivered,2
ORD-01962,Faith Kamau,faith.kamau858@example.com,Male,25,United States,Chicago,Beauty,Face Cream,1,24,0,24,Mobile Money,2025-06-06,2025-06-13,Returned,5
ORD-01963,Samuel Kamau,samuel.kamau26@example.com,Female,34,Uganda,Kampala,Fashion,Running Shorts,2,28,0,56,Credit Card,2025-04-05,2025-04-07,Returned,4
ORD-01964,Mercy Otieno,mercy.otieno910@example.com,Female,37,India,Delhi,Home Appliances,Microwave Oven,5,180,0.25,675.0,Credit Card,2026-02-24,2026-02-28,Delivered,3
ORD-01965,Grace Kamau,grace.kamau967@example.com,Male,53,Nigeria,Ibadan,Electronics,Smartphone X12,3,699,0.2,1677.6,Credit Card,2025-11-16,2025-11-17,Shipped,3
ORD-01966,James Akinyi,james.akinyi425@example.com,Female,18,Nigeria,Port Harcourt,Electronics,Bluetooth Speaker,1,65,0,65,Credit Card,2025-02-18,2025-02-25,Processing,4
ORD-01967,Daniel Williams,daniel.williams827@example.com,Female,40,United Kingdom,Manchester,Fashion,Sneakers,1,75,0,75,Debit Card,2025-10-06,2025-10-12,Shipped,4
ORD-01968,Faith Wanjiku,faith.wanjiku879@example.com,Female,46,United States,Houston,Electronics,USB-C Charger,2,22,0,44,Cash on Delivery,2025-09-22,2025-09-30,Shipped,1
ORD-01969,Lucy Kamau,lucy.kamau191@example.com,Female,70,Nigeria,Abuja,Beauty,Makeup Kit,5,52,0.2,208.0,Mobile Money,2025-11-04,2025-11-06,Delivered,1
ORD-01970,Sarah Ochieng,sarah.ochieng357@example.com,Female,49,Rwanda, BUTARE ,HOME APPLIANCES,Electric Kettle,5,$35.00,25%,170.62,Credit Card,09-05-2025,09-07-2025,Delivered,5
ORD-01971,@@Saamuel Williams!!,user#mail.com,Female,999,united states, Houston ,,Lipstick,2000,16,0.20,33.28,Mpesa,05/06/2026,10/06/2026,Cancelled,N/A
ORD-01972,Michael Kamau,michael.kamau588@example.com,Female,63,Kenya,Nakuru,Electronics,Wireless Headphones,4,45,0,180,Cash on Delivery,2025-02-23,2025-02-24,Delivered,3
ORD-01973,Peter Patel,peter.patel607@example.com,Female,45,Nigeria,Ibadan,Home Appliances,Blender,1,58,0.1,52.2,Debit Card,2025-10-14,2025-10-18,Returned,2
ORD-01974,Victor Kamau,victor.kamau492@example.com,Male,67,India,Chennai,Home Appliances,Blender,5,58,0.05,275.5,Debit Card,2025-08-05,2025-08-09,Delivered,3
ORD-01975,Kevin Brown,kevin.brown396@example.com,Male,63,Kenya,Kisumu,Fashion,Handbag,2,55,0.1,99.0,Credit Card,2026-05-05,2026-05-13,Cancelled,2
ORD-01976,James Njoroge,james.njoroge735@example.com,Male,64,India,Bangalore,Beauty,Makeup Kit,4,52,0.1,187.2,Cash on Delivery,2025-07-20,2025-07-26,Cancelled,4
ORD-01977,Michael Smith,michael.smith95@example.com,Male,34,South Africa,Cape Town,Beauty,Makeup Kit,3,52,0.2,124.8,Debit Card,2025-09-05,2025-09-10,Delivered,5
ORD-01978,Jane Okafor,jane.okafor657@example.com,Female,24,United States,Los Angeles,Beauty,Face Cream,1,24,0.1,21.6,Cash on Delivery,2025-08-23,2025-08-29,Shipped,4
ORD-01979,Victor Okafor,victor.okafor628@example.com,Female,30,Nigeria,Port Harcourt,Fashion,Cotton T-Shirt,1,18,0.25,13.5,Mobile Money,2025-09-27,2025-10-04,Shipped,3
ORD-01980,Peter Akinyi,peter.akinyi498@example.com,Male,18,United Kingdom,Birmingham,Beauty,Face Cream,1,24,0.1,21.6,Debit Card,2025-09-01,2025-09-06,Cancelled,5
ORD-01981,Brian Akinyi,brian.akinyi330@example.com,Male,26,Nigeria,Kano,Beauty,Lipstick,5,16,0.2,64.0,Debit Card,2025-12-04,2025-12-05,Cancelled,5
ORD-01982,Mary Kamau,mary.kamau838@example.com,Female,38,Kenya,Nairobi,Electronics,Gaming Mouse,5,38,0,190,Cash on Delivery,2025-03-17,2025-03-24,Cancelled,1
ORD-01983,John Ochieng,john.ochieng689@example.com,Male,65,Uganda,Entebbe,Electronics,Smartphone X12,5,699,0.05,3320.25,Mobile Money,2025-07-17,2025-07-22,Returned,5
ORD-01984,David Ochieng,david.ochieng271@example.com,Female,60,United Kingdom,Manchester,Beauty,Perfume,1,70,0.05,66.5,Bank Transfer,2026-06-26,2026-06-28,Cancelled,4
ORD-01985,Mercy Otieno,mercy.otieno130@example.com,Male,22,South Africa,Pretoria,Home Appliances,Blender,2,58,0,116,Debit Card,2025-05-24,2025-05-25,Delivered,4
ORD-01986,Faith Patel,faith.patel30@example.com,Male,27,Rwanda,Butare,Electronics,USB-C Charger,1,22,0.25,16.5,Credit Card,2026-02-28,2026-03-05,Cancelled,4
ORD-01987,Esther Patel,esther.patel474@example.com,Female,45,Rwanda,Kigali,Home Appliances,Coffee Maker,2,85,0,170,Debit Card,2025-01-16,2025-01-20,Returned,2
ORD-01988,Brian Khan,brian.khan909@example.com,Female,58,India,Delhi,Fashion,Cotton T-Shirt,1,18,0.2,14.4,Mobile Money,2026-04-11,2026-04-13,Returned,2
ORD-01989,Aisha Khan,aisha.khan630@example.com,Female,44,India,Bangalore,Home Appliances,Electric Kettle,4,35,0.1,126.0,Cash on Delivery,2025-09-22,2025-09-27,Processing,5
ORD-01990,David Mwangi,david.mwangi802@example.com,Male,32,South Africa,Pretoria,Beauty,Body Lotion,1,19,0,19,Credit Card,2025-02-17,2025-02-24,Returned,3
ORD-01991,Peter Brown,peter.brown357@example.com,Male,56,Kenya,Kisumu,Beauty,Lipstick,1,16,0.1,14.4,Mobile Money,2026-02-02,2026-02-05,Returned,4
ORD-01992,Brian Ochieng,brian.ochieng731@example.com,Female,64,India,Mumbai,Fashion,Cotton T-Shirt,2,18,0.25,27.0,Debit Card,2026-02-04,2026-02-08,Delivered,4
ORD-01993,James Mwangi,james.mwangi75@example.com,Male,52,Rwanda,Butare,Electronics,Smartphone X12,1,699,0.1,629.1,Bank Transfer,2025-06-29,2025-07-05,Returned,3
ORD-01994,Kevin Mensah,kevin.mensah851@example.com,Female,40,United States,Los Angeles,Fashion,Running Shorts,2,28,0.2,44.8,PayPal,2026-08-16,2026-08-22,Delivered,4
ORD-01995,David Njoroge,david.njoroge692@example.com,Female,31,Ghana,Tamale,Beauty,Hair Dryer,2,48,0,96,Bank Transfer,2026-04-12,2026-04-13,Returned,2
ORD-01996,Jane Okafor,jane.okafor299@example.com,Male,64,Tanzania,Arusha,Beauty,Lipstick,1,16,0.05,15.2,Credit Card,2025-07-30,2025-08-03,Returned,1
ORD-01997,Brian Mensah,brian.mensah988@example.com,Female,28,Rwanda,Kigali,Electronics,Laptop Pro 14,5,1150,0.25,4312.5,Mobile Money,2026-07-27,2026-07-30,Shipped,5
ORD-01998,James Wanjiku,james.wanjiku86@example.com,Female,28,Ghana,Accra,Electronics,USB-C Charger,2,22,0.2,35.2,PayPal,2025-08-24,2025-08-31,Returned,3
ORD-01999,Michael Patel,michael.patel24@example.com,Female,53,Ghana,Accra,Beauty,Perfume,1,70,0.2,56.0,Bank Transfer,2025-05-22,2025-05-30,Delivered,3
ORD-02000,Daavid Otieno,david.otieno640@example.com,Female,-5,GHANA, takoradi ,BEAUTY,Perfume,2,70,0.1,63.0,M-Pesa,28/12/2025,03/01/2026,delivered,N/A
ORD-02001,John Brown,john.brown927@example.com,Female,30,Tanzania,Dar es Salaam,Fashion,Running Shorts,2,28,0.05,53.2,Mobile Money,2025-05-26,2025-05-31,Processing,2
ORD-02002,John Patel,john.patel621@example.com,Female,25,India,Mumbai,Beauty,Body Lotion,1,19,0.2,15.2,Mobile Money,2026-02-10,2026-02-14,Cancelled,1
ORD-02003,Daniel Akinyi,daniel.akinyi286@example.com,Male,34,United Kingdom,Manchester,Home Appliances,Air Fryer,1,110,0,110,Mobile Money,2025-01-20,2025-01-27,Cancelled,1
ORD-02004,Peter Okafor,peter.okafor29@example.com,Female,24,United States,New York,Electronics,Laptop Pro 14,2,1150,0.1,2070.0,PayPal,2025-04-08,2025-04-16,Shipped,4
ORD-02005,Grace Akinyi,grace.akinyi7@example.com,Male,38,Rwanda,Kigali,Electronics,Smart Watch,1,120,0,120,Bank Transfer,2026-02-22,2026-03-01,Shipped,1
ORD-02006,Aisha Otieno,aisha.otieno677@example.com,Male,68,Ghana,Tamale,Home Appliances,Electric Kettle,2,35,0.25,52.5,Bank Transfer,2025-11-29,2025-12-03,Cancelled,4
ORD-02007,Lucy Njoroge,lucy.njoroge415@example.com,Female,29,South Africa,Durban,Home Appliances,Coffee Maker,1,85,0.25,63.75,Credit Card,2025-07-23,2025-07-29,Delivered,1
ORD-02008,Aisha Njoroge,aisha.njoroge457@example.com,Male,63,Tanzania,Dar es Salaam,Home Appliances,Blender,2,58,0.15,98.6,Credit Card,2026-02-16,2026-02-17,Cancelled,2
ORD-02009,Sarah Khan,sarah.khan817@example.com,Male,50,India,Mumbai,Fashion,Sneakers,1,75,0.1,67.5,Cash on Delivery,2026-04-28,2026-04-30,Cancelled,4
ORD-02010,Jane Brown,jane.brown337@example.com,Female,62,Uganda,Kampala,Fashion,Hoodie,10,42,0.05,399.0,PayPal,2026-01-09,2026-01-12,Processing,1
ORD-02011,Grace Smith,grace.smith193@example.com,Female,68,United States,Houston,Beauty,Lipstick,2,16,0,32,Bank Transfer,2026-07-16,2026-07-20,Processing,1
ORD-02012,Grace Kamau,grace.kamau399@example.com,Female,18,United States,Los Angeles,Fashion,Handbag,4,55,0.1,198.0,Credit Card,2026-06-28,2026-07-06,Processing,1
ORD-02013,James Mensah,james.mensah796@example.com,Male,42,Ghana,Kumasi,Electronics,Gaming Mouse,1,38,0.15,32.3,Mobile Money,2025-01-08,2025-01-12,Cancelled,3
ORD-02014,Daniel Kiptoo,daniel.kiptoo925@example.com,Male,24,Nigeria,Abuja,Fashion,Sneakers,2,75,0.15,127.5,Cash on Delivery,2025-09-10,2025-09-18,Shipped,5
ORD-02015,Kevin Okafor,kevin.okafor694@example.com,Female,49,Tanzania,Mwanza,Beauty,Face Cream,4,24,0.05,91.2,Bank Transfer,2025-05-30,2025-06-05,Returned,5
ORD-02016,Faith Mensah,faith.mensah479@example.com,Male,43,United Kingdom,Manchester,Electronics,Smart Watch,3,120,0.1,324.0,Credit Card,2025-02-22,2025-02-23,Cancelled,5
ORD-02017,Daniel Patel,daniel.patel820@example.com,Female,37,India,Bangalore,Home Appliances,Blender,1,58,0.25,43.5,Mobile Money,2025-04-23,2025-04-24,Returned,4
ORD-02018,Lucy Smith,lucy.smith238@example.com,Female,37,Ghana,Takoradi,Fashion,Handbag,2,55,0.1,99.0,Mobile Money,2025-12-30,2026-01-01,Delivered,5
ORD-02019,Kevin Khan,kevin.khan626@example.com,Female,51,Uganda,Kampala,Home Appliances,Vacuum Cleaner,2,145,0.2,232.0,Cash on Delivery,2026-08-05,2026-08-06,Returned,4
ORD-02020,Linda Akinyi,linda.akinyi427@example.com,Male,60,Tanzania,Mwanza,Home Appliances,Microwave Oven,2,180,0.05,342.0,PayPal,2026-01-23,2026-01-31,Shipped,5
ORD-02021,Grace Williams,grace.williams704@example.com,Female,47,Kenya,Nakuru,Fashion,Sneakers,25,75,0.25,1406.25,Bank Transfer,2026-02-02,2026-02-04,Shipped,5
ORD-02022,Victor Otieno,victor.otieno153@example.com,Male,30,Kenya,Nairobi,Beauty,Body Lotion,2,19,0.15,32.3,Credit Card,2026-05-29,2026-06-04,Shipped,3
ORD-02023,Aisha Wanjiku,aisha.wanjiku90@example.com,Male,66,Rwanda,Butare,Fashion,Hoodie,1,42,0,42,Debit Card,2026-02-07,2026-02-13,Cancelled,2
ORD-02024,Mercy Brown,mercy.brown55@example.com,Male,30,Tanzania,Dar es Salaam,Home Appliances,Vacuum Cleaner,2,145,0.1,261.0,Mobile Money,2025-05-12,2025-05-16,Cancelled,3
ORD-02025,Peter Akinyi,peter.akinyi353@example.com,Female,62,Rwanda,Butare,Electronics,Smart Watch,1,120,0.1,108.0,Credit Card,2025-02-12,2025-02-15,Cancelled,1
ORD-02026,Jane Mensah,jane.mensah281@example.com,Female,69,Uganda,Kampala,Fashion,Handbag,5,55,0.1,247.5,Debit Card,2026-02-06,2026-02-08,Delivered,4
ORD-02027,Esther Akinyi,esther.akinyi31@example.com,Female,46,South Africa,Johannesburg,Fashion,Handbag,2,55,0,110,Debit Card,2025-04-16,2025-04-19,Returned,2
ORD-02028,Jane Wanjiku,jane.wanjiku688@example.com,Female,18,Kenya,Kisumu,Beauty,Hair Dryer,1,48,0.2,38.4,PayPal,2026-01-15,2026-01-21,Returned,3
ORD-02029,Linda Njoroge,linda.njoroge499@example.com,Female,67,Ghana,Takoradi,Fashion,Running Shorts,1,28,0,28,Debit Card,2025-08-10,2025-08-14,Cancelled,5
ORD-02030,John Okafor,john.okafor183@example.com,Male,62,South Africa,Johannesburg,Home Appliances,Coffee Maker,3,85,0,255,Bank Transfer,2026-02-14,2026-02-21,Shipped,5
ORD-02031,Victor Njoroge,victor.njoroge384@example.com,Male,39,Rwanda,Kigali,Fashion,Running Shorts,1,28,0,28,Cash on Delivery,2026-02-15,2026-02-17,Delivered,4
ORD-02032,Mary Ochieng,mary.ochieng213@example.com,Male,55,United States,New York,Electronics,Bluetooth Speaker,2,65,0.05,123.5,Credit Card,2025-09-16,2025-09-21,Cancelled,5
ORD-02033,Sarah Smith,sarah.smith199@example.com,Male,61,United States,Chicago,Electronics,USB-C Charger,1,22,0,22,Cash on Delivery,2025-08-25,2025-08-27,Shipped,5
ORD-02034,John Njoroge,john.njoroge88@example.com,Male,28,Rwanda,Kigali,Electronics,Wireless Headphones,3,45,0.05,128.25,Credit Card,2026-03-04,2026-03-05,Returned,4
ORD-02035,Michael Williams,michael.williams56@example.com,Female,38,Ghana,Kumasi,Beauty,Lipstick,3,16,0.05,45.6,Bank Transfer,2026-07-28,2026-08-03,Returned,4
ORD-02036,Aisha Brown,aisha.brown677@example.com,Male,51,United States,Chicago,Fashion,Sneakers,1,75,0.05,71.25,Cash on Delivery,2025-03-23,2025-03-26,Returned,4
ORD-02037,Victor Akinyi,victor.akinyi141@example.com,Female,65,Uganda,Entebbe,Beauty,Makeup Kit,1,52,0.2,41.6,Cash on Delivery,2026-05-18,2026-05-25,Cancelled,1
ORD-02038,Daniel Khan,daniel.khan837@example.com,Male,39,Kenya,Nakuru,Home Appliances,Microwave Oven,1,180,0.25,135.0,Mobile Money,2026-01-06,2026-01-14,Returned,2
ORD-02039,John Njoroge,john.njoroge4@example.com,Female,69,Uganda,Entebbe,Beauty,Body Lotion,4,19,0.1,68.4,Mobile Money,2026-03-03,2026-03-09,Cancelled,4
ORD-02040,James Mensah,james.mensah465@example.com,Female,27,Kenya,Nakuru,Electronics,Smartphone X12,4,699,0.2,2236.8,Credit Card,2025-06-08,2025-06-15,Returned,5
ORD-02041,Daniel Kamau,daniel.kamau449@example.com,Male,19,Ghana,Takoradi,Electronics,Laptop Pro 14,2,1150,0.15,1955.0,Mobile Money,2025-12-16,2025-12-20,Delivered,4
ORD-02042,Sarah Okafor,sarah.okafor11@example.com,Male,68,Rwanda,Kigali,Home Appliances,Microwave Oven,2,180,0.15,306.0,PayPal,2025-03-18,2025-03-25,Cancelled,4
ORD-02043,Kevin Khan,kevin.khan127@example.com,Female,29,India,Bangalore,Electronics,Smartphone X12,2,699,0.2,1118.4,PayPal,2025-05-17,2025-05-23,Processing,2
ORD-02044,Sarah Smith,sarah.smith268@example.com,Male,53,Rwanda,Kigali,Electronics,Smart Watch,2,120,0.2,192.0,Bank Transfer,2026-06-19,2026-06-27,Delivered,1
ORD-02045,Jane Otieno,jane.otieno41@example.com,Female,48,United Kingdom,Birmingham,Beauty,Lipstick,4,16,0,64,PayPal,2025-04-16,2025-04-17,Delivered,4
ORD-02046,Michael Brown,michael.brown156@example.com,Female,59,South Africa,Pretoria,Home Appliances,Coffee Maker,1,85,0.15,72.25,Credit Card,2026-02-27,2026-03-01,Processing,5
ORD-02047,Grace Njoroge,grace.njoroge569@example.com,Female,65,Nigeria,Lagos,Electronics,Wireless Headphones,2,45,0,90,PayPal,2025-01-29,2025-02-01,Delivered,1
ORD-02048,Faith Brown,faith.brown700@example.com,Male,57,Uganda,Jinja,Beauty,Perfume,2,70,0.25,105.0,Bank Transfer,2025-02-03,2025-02-05,Shipped,1
ORD-02049,Peter Smith,peter.smith236@example.com,Female,56,United States,Houston,Beauty,Hair Dryer,2,48,0.25,72.0,PayPal,2025-11-26,2025-12-04,Processing,5
ORD-02050,Mercy Williams,mercy.williams760@example.com,Male,34,Ghana,Tamale,Fashion,Handbag,2,55,0.25,82.5,Mobile Money,2025-02-27,2025-03-04,Processing,1
ORD-02051,Jane Kamau,jane.kamau923@example.com,Male,30,South Africa,Pretoria,Home Appliances,Air Fryer,5,110,0.25,412.5,Mobile Money,2026-04-15,2026-04-19,Cancelled,4
ORD-02052,Samuel Williams,samuel.williams940@example.com,Female,18,Rwanda,Butare,Beauty,Body Lotion,1,19,0.25,14.25,Credit Card,2025-12-18,2025-12-26,Cancelled,4
ORD-02053,James Kamau,james.kamau282@example.com,Male,35,Kenya,Kisumu,Home Appliances,Vacuum Cleaner,2,145,0.2,232.0,PayPal,2026-06-12,2026-06-13,Returned,2
ORD-02054,Daniel Akinyi,daniel.akinyi28@example.com,Female,54,Uganda,Jinja,Electronics,Laptop Pro 14,1,1150,0.1,1035.0,PayPal,2025-08-03,2025-08-06,Shipped,3
ORD-02055,James Akinyi,james.akinyi820@example.com,Male,62,United States,New York,Electronics,Wireless Headphones,1,45,0,45,Bank Transfer,2026-07-02,2026-07-07,Cancelled,4
ORD-02056,Victor Kiptoo,victor.kiptoo121@example.com,Male,50,India,Bangalore,Fashion,Denim Jacket,1,62,0.1,55.8,Bank Transfer,2025-02-23,2025-03-03,Shipped,5
ORD-02057,Daniel Otieno,daniel.otieno355@example.com,Female,57,United Kingdom,London,Electronics,Smartphone X12,1,699,0.15,594.15,PayPal,2025-05-18,2025-05-19,Processing,3
,@@None!!,user#mail.com,,0,,,,,-2,"€1,150.00",0%,4600.0,M-Pesa,07/07/2026,12/07/2026,,6
ORD-02059,Mercy Patel,mercy.patel919@example.com,Female,29,Tanzania,Mwanza,Electronics,Gaming Mouse,1,38,0.05,36.1,Cash on Delivery,2026-04-02,2026-04-09,Returned,5
ORD-02060,James Mwangi,james.mwangi905@example.com,Female,46,United States,Los Angeles,Beauty,Hair Dryer,1,48,0.1,43.2,Credit Card,2025-03-12,2025-03-16,Delivered,3
ORD-02061,Esther Otieno,esther.otieno713@example.com,Female,47,Ghana,Kumasi,Beauty,Face Cream,2,24,0.2,38.4,Mobile Money,2025-03-07,2025-03-11,Shipped,3
ORD-02062,Lucy Williams,lucy.williams302@example.com,Male,48,Kenya,Nairobi,Fashion,Cotton T-Shirt,3,18,0.2,43.2,Credit Card,2026-03-09,2026-03-15,Delivered,4
ORD-02063,Mary Williams,mary.williams477@example.com,Female,19,Rwanda,Butare,Fashion,Running Shorts,1,28,0.05,26.6,Credit Card,2025-12-10,2025-12-15,Processing,5
ORD-02064,Lucy Wanjiku,lucy.wanjiku255@example.com,Male,21,Nigeria,Port Harcourt,Electronics,Smartphone X12,2,699,0.15,1188.3,Bank Transfer,2026-03-27,2026-03-30,Cancelled,4
ORD-02065,Esther Wanjiku,esther.wanjiku883@example.com,Male,22,Rwanda,Kigali,Home Appliances,Blender,2,58,0.1,104.4,Cash on Delivery,2025-05-14,2025-05-16,Delivered,2
ORD-02066,Lucy Akinyi,lucy.akinyi638@example.com,Female,50,Ghana,Takoradi,Electronics,USB-C Charger,1,22,0.1,19.8,Debit Card,2026-06-10,2026-06-17,Processing,4
ORD-02067,James Otieno,james.otieno347@example.com,Male,26,Uganda,Kampala,Electronics,Smartphone X12,2,699,0.2,1118.4,Cash on Delivery,2025-06-25,2025-07-02,Delivered,4
ORD-02068,Mercy Okafor,mercy.okafor780@example.com,Male,37,Tanzania,Mwanza,Home Appliances,Microwave Oven,2,180,0.25,270.0,Cash on Delivery,2026-07-04,2026-07-07,Processing,5
ORD-02069,Faith Patel,faith.patel691@example.com,Female,28,Kenya,Kisumu,Fashion,Sneakers,1,75,0.25,56.25,Bank Transfer,2025-04-04,2025-04-07,Shipped,2
ORD-02070,Brian Williams,brian.williams454@example.com,Female,65,South Africa,Pretoria,Beauty,Body Lotion,1,19,0.1,17.1,Mobile Money,2026-07-13,2026-07-20,Returned,2
ORD-02071,Samuel Ochieng,samuel.ochieng740@example.com,Male,33,Tanzania,Dar es Salaam,Beauty,Perfume,2,70,0.25,105.0,Cash on Delivery,2025-01-07,2025-01-15,Shipped,4
ORD-02072,Faith Patel,faith.patel228@example.com,Female,35,United States,New York,Electronics,USB-C Charger,1,22,0.2,17.6,PayPal,2026-01-13,2026-01-21,Cancelled,2
ORD-02073,Mary Mwangi,mary.mwangi339@example.com,Female,31,Ghana,Takoradi,Beauty,Makeup Kit,2,52,0,104,Cash on Delivery,2026-06-28,2026-07-04,Cancelled,5
ORD-02074,Aisha Okafor,aisha.okafor353@example.com,Female,70,Ghana,Takoradi,Fashion,Running Shorts,2,28,0.05,53.2,Debit Card,2025-01-24,2025-01-29,Processing,5
ORD-02075,James Mensah,james.mensah744@example.com,Male,68,Ghana,Tamale,Home Appliances,Blender,1,58,0.15,49.3,Bank Transfer,2026-08-16,2026-08-24,Delivered,4
ORD-02076,Jane Williams,jane.williams598@example.com,Female,44,Nigeria,Port Harcourt,Beauty,Body Lotion,2,19,0,38,Cash on Delivery,2026-02-14,2026-02-22,Cancelled,2
ORD-02077,James Smith,james.smith950@example.com,Female,34,Tanzania,Arusha,Electronics,Bluetooth Speaker,5,65,0.1,292.5,Debit Card,2026-05-27,2026-05-31,Shipped,2
ORD-02078,Sarah Njoroge,sarah.njoroge941@example.com,Female,62,Nigeria,Abuja,Home Appliances,Vacuum Cleaner,2,145,0.1,261.0,Mobile Money,2025-01-30,2025-01-31,Shipped,5
ORD-02079,Daniel Otieno,daniel.otieno432@example.com,Male,35,India,Bangalore,Home Appliances,Vacuum Cleaner,3,145,0.25,326.25,Bank Transfer,2026-05-15,2026-05-22,Returned,1
ORD-02080,Faith Patel,faith.patel979@example.com,Male,33,South Africa,Johannesburg,Electronics,Smartphone X12,5,699,0,3495,Cash on Delivery,2025-05-01,2025-05-05,Cancelled,5
ORD-02081,Mercy Ochieng,mercy.ochieng329@example.com,Male,53,Rwanda,Kigali,Fashion,Denim Jacket,1,62,0.2,49.6,PayPal,2025-02-09,2025-02-10,Shipped,1
ORD-02082,Michael Njoroge,michael.njoroge170@example.com,Female,50,Uganda,Kampala,Home Appliances,Microwave Oven,2,180,0.05,342.0,PayPal,2025-03-14,2025-03-20,Returned,4
ORD-02083,Lucy Akinyi,lucy.akinyi984@example.com,Female,49,India,Bangalore,Beauty,Makeup Kit,4,52,0.25,156.0,Cash on Delivery,2026-08-05,2026-08-11,Processing,5
ORD-02084,Samuel Otieno,samuel.otieno577@example.com,Male,63,Kenya,Kisumu,Home Appliances,Coffee Maker,1,85,0.25,63.75,Cash on Delivery,2026-03-30,2026-04-01,Processing,3
ORD-02085,Peter Otieno,peter.otieno757@example.com,Female,60,Uganda,Kampala,Fashion,Hoodie,1,42,0.05,39.9,Bank Transfer,2025-05-27,2025-05-28,Returned,4
ORD-02086,David Mensah,david.mensah645@example.com,Male,63,United Kingdom,London,Electronics,USB-C Charger,2,22,0,44,PayPal,2025-04-05,2025-04-10,Cancelled,4
ORD-02087,Brian Njoroge,brian.njoroge646@example.com,Female,42,Uganda,Entebbe,Fashion,Sneakers,3,75,0,225,Cash on Delivery,2026-04-20,2026-04-24,Returned,1
ORD-02088,David Williams,david.williams173@example.com,Female,65,Kenya,Mombasa,Home Appliances,Coffee Maker,3,85,0.05,242.25,Bank Transfer,2025-10-20,2025-10-21,Shipped,5
ORD-02089,Victor Mwangi,victor.mwangi93@example.com,Male,29,Rwanda,Kigali,Home Appliances,Coffee Maker,3,85,0,255,Bank Transfer,2026-07-19,2026-07-20,Shipped,3
ORD-02090,@@Mercy Khaan!!,invalid@,Male,999,india, bangalore ,Electronics,Laptop Pro 14,1 units,"KSh 1,150",0.15,1955.0,M-Pesa,31/08/2025,03/09/2025,cancelled,6
ORD-02091,Brian Kamau,brian.kamau787@example.com,Male,25,Rwanda,Butare,Electronics,Smartphone X12,2,699,0.1,1258.2,Credit Card,2025-01-27,2025-01-30,Shipped,5
ORD-02092,Sarah Ochieng,sarah.ochieng167@example.com,Male,57,South Africa,Johannesburg,Electronics,Bluetooth Speaker,2,65,0.1,117.0,Mobile Money,2026-07-24,2026-07-26,Cancelled,5
ORD-02093,Victor Patel,victor.patel605@example.com,Male,20,Tanzania,Dar es Salaam,Fashion,Sneakers,3,75,0,225,PayPal,2025-03-13,2025-03-17,Cancelled,2
ORD-02094,Samuel Njoroge,samuel.njoroge56@example.com,Male,37,South Africa,Johannesburg,Beauty,Perfume,1,70,0.15,59.5,Bank Transfer,2026-05-11,2026-05-13,Shipped,1
ORD-02095,Lucy Ochieng,lucy.ochieng329@example.com,male,70,India, Mumbai ,,Smart Watch,3,€120.00,0.15,612.0,Bank transfer,04-25-2025,04-29-2025,Shipped,5
ORD-02096,Michael Otieno,michael.otieno232@example.com,Female,22,Tanzania,Mwanza,Fashion,Cotton T-Shirt,2,18,0.25,27.0,Credit Card,2025-08-02,2025-08-04,Shipped,4
ORD-02097,Mary Akinyi,mary.akinyi790@example.com,Female,62,United Kingdom,Birmingham,Electronics,Wireless Headphones,2,45,0.25,67.5,Cash on Delivery,2025-02-01,2025-02-05,Returned,4
ORD-02098,John Akinyi,john.akinyi609@example.com,Female,56,South Africa,Johannesburg,Beauty,Lipstick,3,16,0,48,Bank Transfer,2026-02-17,2026-02-24,Returned,4
ORD-02099,Linda Kamau,linda.kamau761@example.com,Female,61,Ghana,Kumasi,Fashion,Running Shorts,2,28,0,56,Credit Card,2026-06-20,2026-06-21,Returned,4
ORD-02100,Aisha Wanjiku,aisha.wanjiku306@example.com,Male,31,Nigeria,Ibadan,Electronics,Smart Watch,1,120,0.05,114.0,Mobile Money,2026-02-20,2026-02-26,Processing,5
ORD-02101,Faith Njoroge,faith.njoroge344@example.com,Male,56,United Kingdom,Birmingham,Fashion,Hoodie,4,42,0.05,159.6,Debit Card,2026-08-15,2026-08-23,Returned,2
ORD-02102,Daniel Akinyi,daniel.akinyi324@example.com,Male,25,Tanzania,Mwanza,Fashion,Running Shorts,1,28,0.1,25.2,Credit Card,2025-04-28,2025-05-05,Shipped,4
ORD-02103,Kevin Okaafor,invalid@,Male,999,United Kingdom, London ,Fashion,,2000,55,20%,176.0,Mpesa,2026.02.10,2026.02.14,Returned,6
ORD-02104,Peter Akinyi,peter.akinyi912@example.com,Female,28,Nigeria,Abuja,Electronics,USB-C Charger,1,22,0.15,18.7,Credit Card,2026-05-08,2026-05-15,Processing,1
ORD-02105,Daniel Williams,daniel.williams82@example.com,Female,41,Uganda,Kampala,Electronics,Wireless Headphones,3,45,0.1,121.5,PayPal,2025-07-02,2025-07-04,Shipped,5
ORD-02106,Lucy Kiptoo,lucy.kiptoo940@example.com,Male,19,Nigeria,Lagos,Beauty,Body Lotion,1,19,0,19,Cash on Delivery,2026-01-20,2026-01-22,Returned,1
ORD-02107,Samuel Akinyi,samuel.akinyi932@example.com,Male,34,Kenya,Kisumu,Home Appliances,Blender,2,58,0.1,104.4,Cash on Delivery,2026-02-12,2026-02-16,Processing,4
ORD-02108,Kevin Mwangi,kevin.mwangi899@example.com,Female,69,South Africa,Pretoria,Beauty,Face Cream,10,24,0,240,Cash on Delivery,2025-11-19,2025-11-24,Processing,3
ORD-02109,David Mensah,david.mensah979@example.com,Male,44,Rwanda,Kigali,Electronics,Smartphone X12,10,699,0,6990,Debit Card,2025-06-05,2025-06-13,Shipped,4
ORD-02110,Michael Brown,michael.brown894@example.com,Male,69,Rwanda,Butare,Home Appliances,Coffee Maker,1,85,0,85,PayPal,2026-02-04,2026-02-08,Delivered,5
ORD-02111,Kevin Mwangi,kevin.mwangi31@example.com,Male,67,Tanzania,Mwanza,Beauty,Face Cream,5,24,0.2,96.0,Cash on Delivery,2026-02-21,2026-02-27,Delivered,1
ORD-02112,Daniel Okafor,daniel.okafor279@example.com,Female,30,Rwanda,Butare,Electronics,Smartphone X12,1,699,0.2,559.2,Bank Transfer,2026-04-20,2026-04-21,Cancelled,1
ORD-02113,Mercy Akinyi,mercy.akinyi262@example.com,Female,36,United States,Houston,Home Appliances,Coffee Maker,1,85,0.05,80.75,Debit Card,2026-03-15,2026-03-21,Delivered,3
ORD-02114,James Ochieng,james.ochieng991@example.com,Male,18,United States,Houston,Beauty,Perfume,2,70,0.05,133.0,Mobile Money,2026-03-01,2026-03-03,Shipped,5
ORD-02115,Grace Patel,grace.patel420@example.com,Male,63,United States,Houston,Home Appliances,Vacuum Cleaner,1,145,0.1,130.5,Debit Card,2026-07-19,2026-07-23,Cancelled,4
ORD-02116,Mary Ochieng,mary.ochieng93@example.com,Male,46,United Kingdom,Birmingham,Beauty,Makeup Kit,1,52,0.25,39.0,Bank Transfer,2026-04-22,2026-04-24,Returned,2
ORD-02117,Mary Patel,mary.patel278@example.com,Female,67,Tanzania,Arusha,Beauty,Face Cream,3,24,0.05,68.4,Bank Transfer,2026-07-27,2026-08-01,Processing,1
ORD-02118,Kevin Smith,kevin.smith219@example.com,Male,48,South Africa,Durban,Home Appliances,Electric Kettle,3,35,0.2,84.0,PayPal,2026-07-02,2026-07-10,Cancelled,5
ORD-02119,Peter Kiptoo,peter.kiptoo281@example.com,Female,58,India,Mumbai,Fashion,Sneakers,4,75,0.15,255.0,Credit Card,2026-04-29,2026-05-01,Processing,4
ORD-02120,Mercy Mwangi,mercy.mwangi75@example.com,Male,64,Ghana,Accra,Beauty,Face Cream,2,24,0.2,38.4,Mobile Money,2026-05-15,2026-05-17,Delivered,1
ORD-02121,Grace Mensah,grace.mensah877@example.com,Male,50,Rwanda,Butare,Home Appliances,Microwave Oven,2,180,0,360,PayPal,2025-03-03,2025-03-11,Shipped,3
ORD-02122,James Khan,james.khan560@example.com,Female,59,Uganda,Entebbe,Fashion,Running Shorts,3,28,0.25,63.0,Bank Transfer,2025-07-09,2025-07-13,Cancelled,4
ORD-02123,Sarah Okafor,sarah.okafor909@example.com,Male,25,United Kingdom,Birmingham,Beauty,Lipstick,1,16,0.15,13.6,PayPal,2025-12-15,2025-12-19,Delivered,2
ORD-02124,Victor Ochieng,victor.ochieng630@example.com,Female,44,United Kingdom,London,Fashion,Denim Jacket,1,62,0.2,49.6,Cash on Delivery,2026-02-26,2026-02-27,Cancelled,2
ORD-02125,Samuel Williams,samuel.williams846@example.com,Male,60,South Africa,Cape Town,Home Appliances,Microwave Oven,1,180,0.1,162.0,Credit Card,2025-04-22,2025-04-23,Shipped,4
ORD-02126,Linda Okafor,linda.okafor796@example.com,Female,21,United States,New York,Electronics,USB-C Charger,1,22,0.05,20.9,Credit Card,2026-03-22,2026-03-26,Cancelled,2
ORD-02127,Brian Smith,brian.smith712@example.com,Female,62,Kenya,Eldoret,Fashion,Cotton T-Shirt,2,18,0.2,28.8,Mobile Money,2026-05-19,2026-05-24,Cancelled,5
ORD-02128,Daniel Williams,daniel.williams349@example.com,Female,43,Ghana,Takoradi,Home Appliances,Air Fryer,3,110,0.1,297.0,Mobile Money,2026-03-29,2026-04-01,Cancelled,4
ORD-02129,Daniel Njoroge,daniel.njoroge489@example.com,Female,54,Uganda,Kampala,Fashion,Hoodie,1,42,0.2,33.6,PayPal,2025-01-04,2025-01-05,Processing,2
ORD-02130,Mercy Wanjiku,mercy.wanjiku60@example.com,Male,31,Ghana,Accra,Fashion,Handbag,5,55,0.15,233.75,Debit Card,2026-02-03,2026-02-08,Processing,3
ORD-02131,Michael Williams,michael.williams794@example.com,Female,70,South Africa,Cape Town,Electronics,Smart Watch,4,120,0,480,PayPal,2025-02-10,2025-02-17,Delivered,2
ORD-02132,Linda Akinyi,linda.akinyi126@example.com,Female,26,Tanzania,Dar es Salaam,Fashion,Cotton T-Shirt,2,18,0.25,27.0,Bank Transfer,2026-07-26,2026-07-30,Returned,4
ORD-02133,Mercy Khan,mercy.khan214@example.com,Male,30,Kenya,Nairobi,Home Appliances,Electric Kettle,1,35,0.15,29.75,Debit Card,2026-05-20,2026-05-27,Processing,2
ORD-02134,Faith Njoroge,faith.njoroge144@example.com,Male,68,United Kingdom,Manchester,Beauty,Perfume,3,70,0.2,168.0,PayPal,2026-05-25,2026-05-28,Returned,2
ORD-02135,Mary Ochieng,mary.ochieng557@example.com,Female,62,Kenya,Mombasa,Fashion,Running Shorts,2,28,0.25,42.0,Credit Card,2025-05-26,2025-05-30,Shipped,3
ORD-02136,Grace Smith,grace.smith642@example.com,Male,52,Kenya,Kisumu,Fashion,Denim Jacket,1,62,0.05,58.9,Mobile Money,2026-07-01,2026-07-06,Delivered,3
ORD-02137,Victor Okafor,victor.okafor821@example.com,Female,63,United States,New York,Home Appliances,Microwave Oven,1,180,0,180,Cash on Delivery,2025-04-27,2025-05-05,Cancelled,4
ORD-02138,Brian Kamau,brian.kamau377@example.com,Male,49,Rwanda,Butare,Home Appliances,Coffee Maker,1,85,0.1,76.5,PayPal,2026-04-20,2026-04-23,Delivered,4
ORD-02139,Esther Okafor,esther.okafor543@example.com,Male,41,Ghana,Takoradi,Fashion,Running Shorts,5,28,0.2,112.0,Cash on Delivery,2025-09-27,2025-09-30,Shipped,5
ORD-02140,Michael Khan,michael.khan939@example.com,Male,61,India,Mumbai,Fashion,Hoodie,2,42,0.2,67.2,PayPal,2025-08-05,2025-08-07,Delivered,5
ORD-02141,Jane Williams,jane.williams372@example.com,Male,67,Nigeria,Kano,Home Appliances,Vacuum Cleaner,3,145,0.15,369.75,Credit Card,2025-01-31,2025-02-03,Cancelled,3
ORD-02142,Lucy Njoroge,lucy.njoroge428@example.com,Male,48,United Kingdom,Manchester,Electronics,USB-C Charger,2,22,0.05,41.8,Debit Card,2025-11-01,2025-11-08,Returned,2
ORD-02143,Lucy Otieno,lucy.otieno878@example.com,Female,48,India,Mumbai,Electronics,Smartphone X12,2,699,0.05,1328.1,PayPal,2025-06-22,2025-06-25,Processing,1
ORD-02144,Esther Wanjiku,esther.wanjiku611@example.com,Female,56,Rwanda,Kigali,Beauty,Hair Dryer,1,48,0.25,36.0,Debit Card,2025-12-11,2025-12-16,Returned,1
ORD-02145,Jane Wanjiku,jane.wanjiku77@example.com,Male,48,Tanzania,Mwanza,Home Appliances,Microwave Oven,1,180,0.25,135.0,Credit Card,2026-06-10,2026-06-18,Delivered,2
ORD-02146,Kevin Kiptoo,kevin.kiptoo688@example.com,Male,42,Nigeria,Lagos,Fashion,Running Shorts,3,28,0.15,71.4,Mobile Money,2025-06-21,2025-06-27,Cancelled,5
ORD-02147,Daniel Mensah,daniel.mensah219@example.com,Male,56,Ghana,Kumasi,Fashion,Cotton T-Shirt,4,18,0.15,61.2,Credit Card,2026-03-13,2026-03-20,Returned,1
ORD-02148,John Brown,john.brown453@example.com,Male,31,India,Mumbai,Home Appliances,Vacuum Cleaner,2,145,0.15,246.5,Mobile Money,2026-02-28,2026-03-05,Returned,3
ORD-02149,David Njoroge,david.njoroge442@example.com,Male,68,South Africa,Pretoria,Home Appliances,Vacuum Cleaner,1,145,0.1,130.5,Credit Card,2025-01-24,2025-01-28,Cancelled,4
ORD-02150,Faith Brown,faith.brown279@example.com,Female,44,Tanzania,Mwanza,Electronics,Wireless Headphones,1,45,0.15,38.25,Mobile Money,2026-08-12,2026-08-17,Shipped,3
ORD-02151,Peter Otieno,peter.otieno514@example.com,Male,54,South Africa,Pretoria,Electronics,Laptop Pro 14,3,1150,0.25,2587.5,PayPal,2025-12-06,2025-12-13,Delivered,4
ORD-02152,Sarah Okafor,sarah.okafor243@example.com,Female,46,United States,Houston,Beauty,Lipstick,1,16,0.2,12.8,Credit Card,2025-09-09,2025-09-14,Returned,3
ORD-02153,Peter Ochieng,peter.ochieng154@example.com,Male,33,United Kingdom,Manchester,Fashion,Hoodie,1,42,0.05,39.9,Mobile Money,2026-06-08,2026-06-15,Returned,3
ORD-02154,Jane Mwangi,jane.mwangi542@example.com,Female,43,Ghana,Tamale,Fashion,Cotton T-Shirt,3,18,0.05,51.3,Credit Card,2025-07-01,2025-07-03,Processing,2
ORD-02155,Kevin Akinyi,kevin.akinyi889@example.com,Female,37,South Africa,Pretoria,Electronics,Wireless Headphones,2,45,0,90,Credit Card,2025-10-25,2025-11-01,Processing,4
ORD-02156,Michael Kiptoo,michael.kiptoo753@example.com,Male,55,Kenya,Mombasa,Beauty,Lipstick,1,16,0.1,14.4,Debit Card,2025-03-25,2025-04-01,Shipped,1
ORD-02157,Samuel Brown,samuel.brown321@example.com,Female,40,Tanzania,Dar es Salaam,Fashion,Running Shorts,2,28,0.25,42.0,Cash on Delivery,2026-05-30,2026-06-01,Delivered,5
ORD-02158,Kevin Akinyi,kevin.akinyi135@example.com,Female,52,Uganda,Kampala,Home Appliances,Vacuum Cleaner,2,145,0.05,275.5,Debit Card,2026-02-15,2026-02-16,Returned,1
ORD-02159,Kevin Williams,kevin.williams532@example.com,Male,18,Kenya,Nairobi,Fashion,Hoodie,1,42,0.15,35.7,PayPal,2025-02-01,2025-02-03,Processing,2
ORD-02160,David Mensah,david.mensah303@example.com,Male,56,NIGERIA,Kano,Electronics,Bluetooth Speaker,2,65,0.15,110.5,bank transfer,2025-07-14,2025-07-21,Processing,5
ORD-02161,John Okafor,john.okafor12@example.com,Female,59,United States,New York,Beauty,Makeup Kit,2,52,0.15,88.4,Debit Card,2025-06-01,2025-06-05,Returned,5
ORD-02162,David Otieno,david.otieno986@example.com,Male,55,Tanzania,Dar es Salaam,Beauty,Makeup Kit,1,52,0.15,44.2,Debit Card,2025-08-01,2025-08-04,Processing,1
ORD-02163,Mary Smith,mary.smith54@example.com,Male,70,Ghana,Kumasi,Electronics,Smart Watch,4,120,0.1,432.0,Mobile Money,2026-05-05,2026-05-07,Processing,4
ORD-02164,John Kiptoo,john.kiptoo410@example.com,Male,24,Tanzania,Arusha,Fashion,Running Shorts,1,28,0.2,22.4,Bank Transfer,2025-07-05,2025-07-12,Shipped,4
ORD-02165,David Kiptoo,david.kiptoo326@example.com,Male,49,South Africa,Johannesburg,Beauty,Body Lotion,25,19,0.1,427.5,Cash on Delivery,2025-06-22,2025-06-24,Cancelled,1
ORD-02166,Faith Patel,faith.patel696@example.com,Male,57,Nigeria,Kano,Electronics,Wireless Headphones,2,45,0.05,85.5,PayPal,2025-07-20,2025-07-21,Processing,2
ORD-02167,Faith Kamau,faith.kamau810@example.com,Female,36,United Kingdom,Manchester,Fashion,Sneakers,1,75,0.05,71.25,Credit Card,2026-03-17,2026-03-19,Returned,4
ORD-02168,Jane Ochieng,jane.ochieng353@example.com,Male,28,Nigeria,Kano,Beauty,Body Lotion,1,19,0.1,17.1,Credit Card,2025-03-08,2025-03-11,Shipped,4
ORD-02169,Sarah Williams,sarah.williams14@example.com,Female,34,Kenya,Eldoret,Electronics,USB-C Charger,3,22,0,66,Bank Transfer,2026-02-21,2026-02-22,Delivered,5
ORD-02170,Faith Mwangi,faith.mwangi436@example.com,Female,54,United States,New York,Home Appliances,Air Fryer,3,110,0.2,264.0,PayPal,2025-09-27,2025-10-02,Delivered,5
ORD-02171,Michael Mwangi,michael.mwangi349@example.com,Female,43,Kenya,Eldoret,Home Appliances,Vacuum Cleaner,1,145,0.05,137.75,Cash on Delivery,2026-07-25,2026-07-29,Returned,5
ORD-02172,Daniel Kamau,daniel.kamau313@example.com,Male,27,Tanzania,Mwanza,Electronics,USB-C Charger,1,22,0.2,17.6,Bank Transfer,2025-10-25,2025-10-31,Cancelled,4
ORD-02173,Lucy Njoroge,lucy.njoroge416@example.com,Female,66,Ghana,Tamale,Fashion,Running Shorts,3,28,0.2,67.2,Credit Card,2025-03-29,2025-04-04,Delivered,2
ORD-02174,Grace Njoroge,grace.njoroge301@example.com,Female,61,Uganda,Entebbe,Fashion,Hoodie,10,42,0.15,357.0,Credit Card,2026-06-16,2026-06-22,Shipped,5
ORD-02175,Samuel Otieno,samuel.otieno788@example.com,Female,64,Rwanda,Kigali,Beauty,Lipstick,1,16,0.15,13.6,Debit Card,2026-03-22,2026-03-23,Processing,4
ORD-02176,Esther Njoroge,esther.njoroge667@example.com,Male,20,Ghana,Tamale,Beauty,Body Lotion,2,19,0.25,28.5,Debit Card,2026-02-10,2026-02-16,Cancelled,4
ORD-02177,Brian Wanjiku,brian.wanjiku89@example.com,Male,63,Uganda,Kampala,Fashion,Sneakers,4,75,0.15,255.0,Debit Card,2025-11-27,2025-11-30,Shipped,3
ORD-02178,James Patel,james.patel635@example.com,Female,37,Tanzania,Mwanza,Beauty,Face Cream,1,24,0.1,21.6,Credit Card,2025-03-06,2025-03-14,Processing,2
ORD-02179,Faith Akinyi,faith.akinyi204@example.com,Male,67,Kenya,Kisumu,Fashion,Sneakers,2,75,0.25,112.5,PayPal,2025-07-12,2025-07-14,Processing,5
ORD-02180,Brian Otieno,brian.otieno744@example.com,Male,63,Kenya,Kisumu,Fashion,Cotton T-Shirt,2,18,0.05,34.2,Cash on Delivery,2025-01-07,2025-01-09,Processing,2
ORD-02181,Daniel Patel,daniel.patel32@example.com,Female,69,South Africa,Johannesburg,Home Appliances,Coffee Maker,2,85,0,170,Bank Transfer,2026-06-09,2026-06-13,Shipped,3
ORD-02182,Brian Kamau,brian.kamau951@example.com,Female,25,United States,Los Angeles,Fashion,Running Shorts,4,28,0,112,Credit Card,2026-06-28,2026-07-01,Shipped,2
ORD-02183,Victor Kiptoo,victor.kiptoo155@example.com,Male,37,India,Mumbai,Electronics,Laptop Pro 14,1,1150,0,1150,Cash on Delivery,2026-02-23,2026-03-01,Returned,4
ORD-02184,Lucy Williams,lucy.williams967@example.com,Male,40,Rwanda,Kigali,Home Appliances,Blender,2,58,0.15,98.6,Bank Transfer,2026-03-04,2026-03-08,Processing,4
ORD-02185,Brian Akinyi,brian.akinyi319@example.com,Male,36,United Kingdom,London,Fashion,Running Shorts,3,28,0.15,71.4,PayPal,2025-05-12,2025-05-18,Delivered,2
ORD-02186,Daniel Akinyi,daniel.akinyi375@example.com,Male,32,United States,Chicago,Electronics,Bluetooth Speaker,1,65,0.05,61.75,Credit Card,2026-06-08,2026-06-16,Processing,2
ORD-02187,Brian Okafor,brian.okafor560@example.com,Female,49,United States,Los Angeles,Beauty,Lipstick,2,16,0.2,25.6,Bank Transfer,2025-11-25,2025-12-03,Shipped,1
ORD-02188,Samuel Okafor,samuel.okafor369@example.com,Male,56,United States,Houston,Fashion,Sneakers,2,75,0.05,142.5,Bank Transfer,2025-04-16,2025-04-22,Shipped,4
ORD-02189,Daniel Williams,daniel.williams978@example.com,Male,34,Nigeria,Lagos,Beauty,Hair Dryer,2,48,0,96,Mobile Money,2025-01-04,2025-01-06,Delivered,1
ORD-02190,Samuel Khan,samuel.khan314@example.com,Female,40,Uganda,Entebbe,Fashion,Hoodie,3,42,0.2,100.8,Debit Card,2025-11-16,2025-11-21,Delivered,2
ORD-02191,Faith Wanjiku,faith.wanjiku839@example.com,Female,33,India,Chennai,Electronics,Gaming Mouse,1,38,0.1,34.2,Cash on Delivery,2026-08-18,2026-08-26,Cancelled,2
ORD-02192,Kevin Williams,kevin.williams649@example.com,Male,37,United States,New York,Electronics,Wireless Headphones,3,45,0.25,101.25,Cash on Delivery,2025-10-29,2025-11-03,Cancelled,5
ORD-02193,David Brown,david.brown544@example.com,Male,51,United Kingdom,Birmingham,Home Appliances,Vacuum Cleaner,2,145,0.25,217.5,Bank Transfer,2026-05-03,2026-05-10,Shipped,1
ORD-02194,Esther Khan,esther.khan225@example.com,Male,50,India,Delhi,Beauty,Body Lotion,1,19,0.15,16.15,Credit Card,2026-05-18,2026-05-23,Shipped,5
ORD-02195,Daniel Okafor,daniel.okafor42@example.com,Male,46,Ghana,Kumasi,Fashion,Denim Jacket,4,62,0.1,223.2,Bank Transfer,2025-10-24,2025-11-01,Delivered,2
ORD-02196,Linda Brown,linda.brown880@example.com,Female,49,United Kingdom,London,Beauty,Body Lotion,2,19,0.15,32.3,Debit Card,2025-01-07,2025-01-15,Cancelled,1
ORD-02197,Samuel Brown,samuel.brown143@example.com,Male,28,Tanzania,Arusha,Electronics,Wireless Headphones,2,45,0.15,76.5,Bank Transfer,2025-05-04,2025-05-07,Returned,4
ORD-02198,Daniel Williams,daniel.williams451@example.com,Female,26,India,Delhi,Beauty,Body Lotion,1,19,0.2,15.2,Debit Card,2025-09-25,2025-09-29,Shipped,5
ORD-02199,Victor Otieno,victor.otieno679@example.com,Male,66,Uganda,Jinja,Home Appliances,Coffee Maker,2,85,0.15,144.5,Mobile Money,2026-02-16,2026-02-23,Delivered,5
ORD-02200,Daniel Wanjiku,daniel.wanjiku349@example.com,Female,51,United Kingdom,Manchester,Fashion,Sneakers,1,75,0.1,67.5,Cash on Delivery,2026-08-16,2026-08-18,Processing,1
ORD-02201,Grace Ochieng,grace.ochieng894@example.com,Male,42,Rwanda,Butare,Electronics,Smartphone X12,5,699,0.05,3320.25,Bank Transfer,2026-04-24,2026-04-26,Delivered,4
ORD-02202,David Brown,david.brown421@example.com,Female,64,South Africa,Pretoria,Home Appliances,Coffee Maker,5,85,0,425,Bank Transfer,2026-08-17,2026-08-23,Returned,3
ORD-02203,Linda Mensah,linda.mensah773@example.com,Male,30,Tanzania,Mwanza,Home Appliances,Electric Kettle,1,35,0.05,33.25,Bank Transfer,2025-08-02,2025-08-09,Cancelled,2
ORD-02204,Linda Njoroge,linda.njoroge500@example.com,Male,41,United States,Chicago,Beauty,Lipstick,2,16,0.2,25.6,Debit Card,2026-01-05,2026-01-12,Processing,1
ORD-02205,John Okafor,john.okafor669@example.com,Female,52,Uganda,Jinja,Electronics,Smart Watch,1,120,0.2,96.0,Mobile Money,2025-07-03,2025-07-10,Shipped,4
ORD-02206,Mary Kamau,mary.kamau77@example.com,Male,23,India,Mumbai,Beauty,Lipstick,1,16,0,16,Cash on Delivery,2025-04-19,2025-04-25,Delivered,3
ORD-02207,David Mwangi,david.mwangi600@example.com,Male,56,Ghana,Kumasi,Beauty,Hair Dryer,2,48,0.05,91.2,Bank Transfer,2025-03-31,2025-04-01,Returned,4
ORD-02208,Lucy Patel,lucy.patel644@example.com,Male,69,Nigeria,Port Harcourt,Home Appliances,Microwave Oven,2,180,0,360,Cash on Delivery,2025-12-17,2025-12-25,Delivered,2
ORD-02209,Aisha Ochieng,aisha.ochieng599@example.com,Female,61,India,Chennai,Beauty,Makeup Kit,1,52,0.15,44.2,Debit Card,2025-05-02,2025-05-03,Shipped,4
ORD-02210,James Williams,james.williams397@example.com,Female,54,Rwanda,Butare,Fashion,Running Shorts,1,28,0.1,25.2,Cash on Delivery,2025-06-12,2025-06-17,Cancelled,3
ORD-02211,Michael Ochieng,michael.ochieng122@example.com,Female,25,Tanzania,Arusha,Beauty,Body Lotion,1,19,0.15,16.15,Mobile Money,2025-11-12,2025-11-14,Cancelled,4
ORD-02212,James Akinyi,james.akinyi417@example.com,Female,50,Ghana,Takoradi,Electronics,Gaming Mouse,5,38,0.15,161.5,Cash on Delivery,2025-03-06,2025-03-07,Processing,4
ORD-02213,Victor Mwangi,victor.mwangi850@example.com,Male,31,United States,Chicago,Home Appliances,Vacuum Cleaner,1,145,0.15,123.25,Mobile Money,2026-02-25,2026-03-02,Delivered,3
ORD-02214,Esther Khan,esther.khan822@example.com,Female,66,South Africa,Cape Town,Beauty,Lipstick,3,16,0.25,36.0,PayPal,2026-02-08,2026-02-13,Returned,5
ORD-02215,David Akinyi,david.akinyi363@example.com,Male,58,Rwanda,Butare,Home Appliances,Vacuum Cleaner,2,145,0.15,246.5,PayPal,2025-10-09,2025-10-17,Delivered,3
ORD-02216,Linda Otieno,linda.otieno615@example.com,Male,59,Ghana,Tamale,Electronics,Gaming Mouse,1,38,0.15,32.3,Bank Transfer,2026-07-27,2026-08-01,Returned,5
,@@None!!,john@@email.com,,0,,,,,4000,58,0.05,44.08,Cash,07-22-2026,07-23-2026,,5 stars
ORD-02218,David Akinyi,david.akinyi2@example.com,Female,64,United States,Chicago,Beauty,Perfume,1,70,0.1,63.0,Bank Transfer,2025-08-12,2025-08-15,Processing,4
ORD-02219,Esther Akinyi,esther.akinyi529@example.com,Female,32,Tanzania,Dar es Salaam,Electronics,Gaming Mouse,3,38,0.05,108.3,Debit Card,2026-08-19,2026-08-26,Processing,2
ORD-02220,Esther Brown,esther.brown39@example.com,Male,33,United States,Houston,Beauty,Hair Dryer,2,48,0.15,81.6,Cash on Delivery,2025-05-20,2025-05-28,Returned,2
ORD-02221,Lucy Patel,lucy.patel836@example.com,Male,22,Nigeria,Ibadan,Fashion,Sneakers,2,75,0.2,120.0,Bank Transfer,2025-04-01,2025-04-02,Cancelled,2
ORD-02222,Daniel Mensah,daniel.mensah903@example.com,Female,47,United States,New York,Home Appliances,Air Fryer,1,110,0.2,88.0,Cash on Delivery,2026-08-03,2026-08-11,Shipped,2
ORD-02223,Michael Patel,michael.patel672@example.com,Female,41,Kenya,Nakuru,Electronics,Bluetooth Speaker,1,65,0.1,58.5,PayPal,2026-04-30,2026-05-04,Delivered,4
ORD-02224,John Brown,john.brown414@example.com,Female,51,Tanzania,Mwanza,Fashion,Handbag,1,55,0.15,46.75,Mobile Money,2025-12-09,2025-12-16,Delivered,4
ORD-02225,Samuel Khan,samuel.khan98@example.com,Male,31,United Kingdom,Birmingham,Electronics,Smartphone X12,2,699,0.05,1328.1,Mobile Money,2025-05-11,2025-05-15,Processing,4
ORD-02226,Faith Njoroge,faith.njoroge422@example.com,Female,50,India,Bangalore,Electronics,Laptop Pro 14,3,1150,0.05,3277.5,Cash on Delivery,2025-01-10,2025-01-16,Delivered,5
ORD-02227,Esther Mwangi,esther.mwangi42@example.com,Male,49,Nigeria,Lagos,Beauty,Makeup Kit,1,52,0,52,Cash on Delivery,2026-04-11,2026-04-15,Processing,4
ORD-02228,Jane Njoroge,jane.njoroge219@example.com,Female,45,Uganda,Jinja,Fashion,Sneakers,1,75,0.2,60.0,PayPal,2025-10-19,2025-10-20,Processing,4
ORD-02229,Michael Okafor,michael.okafor890@example.com,Male,70,United States,Chicago,Electronics,Smart Watch,1,120,0,120,Bank Transfer,2026-02-04,2026-02-09,Delivered,2
ORD-02230,Sarah Okafor,sarah.okafor675@example.com,Female,54,United Kingdom,Manchester,Home Appliances,Blender,10,58,0,580,Debit Card,2025-08-09,2025-08-10,Delivered,2
ORD-02231,Brian Kiptoo,brian.kiptoo635@example.com,Male,57,Tanzania,Arusha,Electronics,Gaming Mouse,2,38,0.1,68.4,Debit Card,2025-05-08,2025-05-14,Delivered,2
ORD-02232,Aisha Khan,aisha.khan252@example.com,Female,40,India,Chennai,Beauty,Perfume,1,70,0.2,56.0,Debit Card,2025-12-28,2026-01-02,Delivered,1
ORD-02233,Aisha Smith,aisha.smith475@example.com,Male,31,India,Mumbai,Home Appliances,Blender,3,58,0,174,Bank Transfer,2025-01-27,2025-01-29,Returned,2
ORD-02234,Kevin Kamau,kevin.kamau681@example.com,Male,52,Nigeria,Kano,Home Appliances,Air Fryer,1,110,0.05,104.5,Debit Card,2025-02-09,2025-02-16,Delivered,5
ORD-02235,Lucy Okafor,lucy.okafor295@example.com,Female,63,Nigeria,Lagos,Fashion,Sneakers,4,75,0.1,270.0,Mobile Money,2025-08-11,2025-08-17,Returned,4
ORD-02236,Peter Wanjiku,peter.wanjiku539@example.com,Female,24,South Africa,Cape Town,Home Appliances,Coffee Maker,1,85,0.25,63.75,Debit Card,2025-03-28,2025-03-31,Shipped,4
ORD-02237,James Akinyi,james.akinyi190@example.com,Female,41,Ghana,Takoradi,Home Appliances,Electric Kettle,2,35,0,70,Cash on Delivery,2026-04-24,2026-05-01,Returned,4
ORD-02238,James Kamau,james.kamau589@example.com,Female,45,Nigeria,Ibadan,Home Appliances,Vacuum Cleaner,1,145,0,145,Cash on Delivery,2025-11-07,2025-11-12,Cancelled,5
ORD-02239,Grace Khan,grace.khan731@example.com,Male,38,Tanzania,Dar es Salaam,Home Appliances,Vacuum Cleaner,2,145,0.2,232.0,PayPal,2026-06-07,2026-06-10,Processing,5
ORD-02240,Mercy Khan,mercy.khan370@example.com,Female,40,Uganda,Kampala,Fashion,Cotton T-Shirt,1,18,0.15,15.3,PayPal,2025-08-04,2025-08-10,Returned,4
ORD-02241,Peter Mwangi,peter.mwangi458@example.com,Female,67,Kenya,Eldoret,Fashion,Running Shorts,1,28,0.15,23.8,PayPal,2026-05-24,2026-06-01,Returned,3
ORD-02242,Brian Patel,brian.patel296@example.com,Male,65,Tanzania,Arusha,Electronics,Smartphone X12,1,699,0.15,594.15,Credit Card,2026-05-10,2026-05-18,Delivered,5
ORD-02243,Lucy Mensah,lucy.mensah705@example.com,Female,65,Uganda,Entebbe,Home Appliances,Vacuum Cleaner,10,145,0.2,1160.0,Credit Card,2026-04-18,2026-04-23,Cancelled,5
ORD-02244,Brian Akinyi,brian.akinyi373@example.com,Male,55,South Africa,Durban,Beauty,Makeup Kit,3,52,0,156,Mobile Money,2025-12-18,2025-12-19,Cancelled,2
ORD-02245,Brian Njoroge,brian.njoroge152@example.com,Female,61,India,Mumbai,Beauty,Hair Dryer,1,48,0.05,45.6,Credit Card,2026-02-11,2026-02-17,Processing,2
ORD-02246,Mary Ochieng,mary.ochieng348@example.com,Female,36,Nigeria,Abuja,Home Appliances,Air Fryer,2,110,0.25,165.0,PayPal,2025-12-11,2025-12-15,Processing,4
ORD-02247,Sarah Smith,sarah.smith220@example.com,Female,31,Tanzania,Arusha,Beauty,Perfume,5,70,0.15,297.5,Cash on Delivery,2026-05-11,2026-05-18,Delivered,4
ORD-02248,Victor Kamau,victor.kamau31@example.com,Female,50,India,Bangalore,Electronics,Bluetooth Speaker,10,65,0.25,487.5,Credit Card,2025-02-22,2025-02-27,Cancelled,2
ORD-02249,David Smith,david.smith736@example.com,Female,55,Tanzania,Mwanza,Beauty,Body Lotion,1,19,0.05,18.05,Mobile Money,2026-08-21,2026-08-25,Returned,2
ORD-02250,Mary Okafor,mary.okafor590@example.com,Female,51,Kenya,Eldoret,Fashion,Sneakers,2,75,0.15,127.5,PayPal,2025-01-26,2025-01-28,Processing,1
ORD-02251,Aisha Ochieng,aisha.ochieng166@example.com,Female,43,United Kingdom,London,Electronics,Wireless Headphones,1,45,0.05,42.75,Bank Transfer,2025-02-19,2025-02-20,Shipped,5
ORD-02252,Aisha Khan,aisha.khan3@example.com,Male,60,South Africa,Cape Town,Beauty,Perfume,2,70,0,140,Debit Card,2026-07-11,2026-07-19,Delivered,5
ORD-02253,James Kamau,james.kamau771@example.com,Female,66,India,Delhi,Home Appliances,Blender,5,58,0.15,246.5,Debit Card,2026-04-09,2026-04-16,Processing,4
ORD-02254,Aisha Mwangi,aisha.mwangi191@example.com,Female,65,Ghana,Accra,Fashion,Cotton T-Shirt,2,18,0,36,PayPal,2026-03-22,2026-03-27,Shipped,4
ORD-02255,Sarah Wanjiku,sarah.wanjiku785@example.com,Male,61,Rwanda,Butare,Home Appliances,Air Fryer,1,110,0.25,82.5,Debit Card,2026-05-22,2026-05-29,Cancelled,4
ORD-02256,Michael Patel,michael.patel876@example.com,Female,37,Tanzania,Mwanza,Electronics,Laptop Pro 14,2,1150,0.15,1955.0,Mobile Money,2026-08-04,2026-08-07,Returned,3
ORD-02257,Victor Mensah,victor.mensah721@example.com,Male,39,Nigeria,Ibadan,Home Appliances,Microwave Oven,3,180,0.05,513.0,Mobile Money,2025-04-05,2025-04-11,Cancelled,3
ORD-02258,Samuel Williams,samuel.williams813@example.com,Male,55,Ghana,Kumasi,Home Appliances,Air Fryer,5,110,0.25,412.5,Cash on Delivery,2026-07-23,2026-07-30,Cancelled,3
ORD-02259,Brian Mensah,brian.mensah801@example.com,Male,68,United Kingdom,London,Electronics,Laptop Pro 14,10,1150,0.05,10925.0,Mobile Money,2025-09-06,2025-09-09,Returned,3
ORD-02260,Sarah Williams,sarah.williams277@example.com,Female,21,Ghana,Accra,Fashion,Handbag,1,55,0.15,46.75,Mobile Money,2025-03-07,2025-03-11,Cancelled,5
ORD-02261,Peter Akinyi,peter.akinyi599@example.com,Female,42,United Kingdom,Manchester,Beauty,Body Lotion,1,19,0.1,17.1,Bank Transfer,2026-04-06,2026-04-13,Processing,5
ORD-02262,David Patel,david.patel753@example.com,Female,26,United States,Los Angeles,Electronics,Wireless Headphones,4,45,0.1,162.0,Bank Transfer,2026-05-06,2026-05-13,Processing,3
ORD-02263,Jane Kiptoo,jane.kiptoo110@example.com,Female,34,Uganda,Kampala,Beauty,Perfume,1,70,0,70,PayPal,2025-12-30,2026-01-03,Shipped,3
ORD-02264,Daniel Njoroge,daniel.njoroge733@example.com,Female,24,Uganda,Kampala,Electronics,Laptop Pro 14,2,1150,0.15,1955.0,PayPal,2025-05-21,2025-05-22,Delivered,2
ORD-02265,Peter Kiptoo,peter.kiptoo384@example.com,Male,58,Nigeria,Kano,Home Appliances,Coffee Maker,5,85,0,425,Cash on Delivery,2025-08-30,2025-09-03,Processing,3
ORD-02266,Victor Okafor,victor.okafor889@example.com,Female,48,Nigeria,Ibadan,Fashion,Denim Jacket,3,62,0.25,139.5,Mobile Money,2026-02-25,2026-03-01,Returned,2
ORD-02267,John Kiptoo,john.kiptoo42@example.com,Male,65,Kenya,Kisumu,Fashion,Denim Jacket,1,62,0,62,PayPal,2026-05-18,2026-05-19,Shipped,1
ORD-02268,Lucy Mensaah,lucy.mensah852@example.com,Female,-5,, KANO ,HOME APPLIANCES,Blender,-2,$58.00,0.25,113.1,creditcard,01-06-2026,01-07-2026,Cancelled,N/A
ORD-02269,Brian Kamau,brian.kamau412@example.com,Female,53,Kenya,Nakuru,Electronics,Wireless Headphones,2,45,0.05,85.5,Debit Card,2025-10-22,2025-10-28,Cancelled,4
ORD-02270,Mercy Otieno,mercy.otieno455@example.com,Male,36,United States,Chicago,Fashion,Sneakers,1,75,0,75,Mobile Money,2025-03-31,2025-04-03,Cancelled,4
ORD-02271,Jane Akinyi,jane.akinyi523@example.com,Female,19,Kenya,Mombasa,Fashion,Denim Jacket,1,62,0.15,52.7,PayPal,2025-05-30,2025-06-04,Processing,4
ORD-02272,Linda Brown,linda.brown59@example.com,Female,27,Rwanda,Butare,Fashion,Sneakers,2,75,0.15,127.5,Credit Card,2025-11-18,2025-11-20,Processing,1
ORD-02273,Michael Kamau,michael.kamau792@example.com,Male,22,Rwanda,Butare,Electronics,USB-C Charger,2,22,0.1,39.6,Mobile Money,2025-03-27,2025-03-29,Cancelled,4
ORD-02274,Victor Williams,victor.williams236@example.com,Male,66,India,Delhi,Fashion,Denim Jacket,1,62,0.05,58.9,Cash on Delivery,2025-01-18,2025-01-24,Processing,3
ORD-02275,Michael Mensah,michael.mensah304@example.com,Male,30,Tanzania,Dar es Salaam,Beauty,Hair Dryer,2,48,0,96,Debit Card,2025-04-21,2025-04-25,Processing,1
ORD-02276,Grace Mensah,grace.mensah26@example.com,Male,27,Uganda,Entebbe,Home Appliances,Coffee Maker,4,85,0.1,306.0,Bank Transfer,2025-11-08,2025-11-10,Delivered,4
ORD-02277,Mercy Wanjiku,mercy.wanjiku195@example.com,Female,36,Uganda,Jinja,Electronics,Gaming Mouse,1,38,0,38,Mobile Money,2026-01-09,2026-01-13,Shipped,2
ORD-02278,Lucy Wanjiku,lucy.wanjiku477@example.com,Male,62,Kenya,Kisumu,Beauty,Makeup Kit,3,52,0.25,117.0,Mobile Money,2025-01-03,2025-01-08,Processing,1
ORD-02279,Daniel Njoroge,daniel.njoroge63@example.com,Male,25,United States,New York,Fashion,Sneakers,3,75,0,225,Bank Transfer,2025-12-16,2025-12-19,Shipped,5
ORD-02280,Jane Kiptoo,jane.kiptoo542@example.com,Female,24,India,Chennai,Electronics,USB-C Charger,2,22,0.2,35.2,Credit Card,2026-01-23,2026-01-31,Processing,3
ORD-02281,Mary Smith,mary.smith356@example.com,Female,64,United States,Chicago,Fashion,Sneakers,3,75,0,225,Cash on Delivery,2025-03-27,2025-04-03,Shipped,5
ORD-02282,John Okafor,john.okafor617@example.com,Female,63,Nigeria,Port Harcourt,Fashion,Handbag,1,55,0.15,46.75,PayPal,2025-11-04,2025-11-05,Processing,4
ORD-02283,Michael Ochieng,michael.ochieng680@example.com,Female,49,Tanzania,Dar es Salaam,Home Appliances,Vacuum Cleaner,1,145,0.1,130.5,PayPal,2026-01-13,2026-01-14,Cancelled,5
ORD-02284,Aisha Njoroge,aisha.njoroge114@example.com,Male,55,Kenya,Nakuru,Home Appliances,Microwave Oven,1,180,0.25,135.0,Debit Card,2026-02-25,2026-02-26,Cancelled,4
ORD-02285,Grace Ochieng,grace.ochieng621@example.com,Male,68,Nigeria,Lagos,Beauty,Body Lotion,3,19,0,57,Bank Transfer,2026-03-23,2026-03-24,Delivered,5
ORD-02286,Kevin Otieno,kevin.otieno512@example.com,Female,62,India,Mumbai,Electronics,Laptop Pro 14,2,1150,0,2300,Bank Transfer,2025-06-22,2025-06-23,Returned,3
ORD-02287,Michael Otieno,michael.otieno715@example.com,Male,42,United States,Los Angeles,Electronics,Wireless Headphones,1,45,0.2,36.0,PayPal,2025-04-13,2025-04-15,Cancelled,5
ORD-02288,Michael Wanjiku,michael.wanjiku651@example.com,Female,38,India,CHENNAI,Home Appliances,Microwave Oven,1,180,0.15,153.0,Debit Card,2026-02-04,2026-02-06,Shipped,5
ORD-02289,Mercy Otieno,mercy.otieno361@example.com,Male,20,India,Chennai,Home Appliances,Coffee Maker,2,85,0.25,127.5,Mobile Money,2026-05-23,2026-05-29,Cancelled,1
ORD-02290,Sarah Otieno,sarah.otieno749@example.com,Female,25,United Kingdom,Manchester,Beauty,Perfume,1,70,0,70,Mobile Money,2026-05-24,2026-05-29,Processing,5
ORD-02291,Peter Smith,peter.smith564@example.com,Male,37,India,Delhi,Home Appliances,Vacuum Cleaner,4,145,0.25,435.0,Mobile Money,2026-07-04,2026-07-08,Returned,3
ORD-02292,David Mensah,david.mensah205@example.com,Female,21,United States,New York,Fashion,Cotton T-Shirt,1,18,0,18,Cash on Delivery,2025-09-18,2025-09-25,Delivered,5
ORD-02293,Victor Wanjiku,victor.wanjiku216@example.com,Male,41,United States,New York,Electronics,Smart Watch,1,120,0.2,96.0,Credit Card,2025-02-08,2025-02-12,Shipped,5
ORD-02294,Brian Okafor,brian.okafor817@example.com,Female,65,United States,Chicago,Electronics,Bluetooth Speaker,2,65,0.2,104.0,PayPal,2026-01-18,2026-01-22,Processing,2
ORD-02295,Linda Mwangi,linda.mwangi492@example.com,Male,50,Ghana,Accra,Fashion,Hoodie,2,42,0.2,67.2,Debit Card,2025-04-27,2025-04-30,Cancelled,5
ORD-02296,Faith Mensah,faith.mensah997@example.com,Male,28,India,Delhi,Home Appliances,Coffee Maker,1,85,0.15,72.25,Mobile Money,2025-05-21,2025-05-25,Cancelled,1
ORD-02297,Michael Akinyi,michael.akinyi857@example.com,Male,66,Tanzania,Dar es Salaam,Fashion,Hoodie,2,42,0.25,63.0,Bank Transfer,2025-11-20,2025-11-26,Cancelled,4
ORD-02298,Lucy Wanjiku,lucy.wanjiku310@example.com,Female,59,India,Mumbai,Beauty,Hair Dryer,1,48,0.05,45.6,Cash on Delivery,2025-07-31,2025-08-06,Delivered,2
ORD-02299,Michael Otieno,michael.otieno52@example.com,Female,57,Tanzania,Arusha,Home Appliances,Air Fryer,3,110,0.05,313.5,Debit Card,2026-06-12,2026-06-13,Cancelled,5
ORD-02300,Daniel Wanjiku,daniel.wanjiku205@example.com,Male,54,Tanzania,Arusha,Home Appliances,Microwave Oven,1,180,0.2,144.0,Mobile Money,2026-02-21,2026-02-28,Delivered,4
ORD-02301,Faaith Williams,john@@email.com,Female,-5,United Kingdom, Manchester ,HOME APPLIANCES,Air Fryer,0,110,0.10,19.8,Mpesa,2025.09.30,2025.10.02,delivered,N/A
ORD-02302,Kevin Okafor,kevin.okafor315@example.com,MALE,68,India,Delhi,Home Appliances,Microwave Oven,5,180,0.1,810.0,Bank Transfer,2025-04-14,2025-04-16,cancelled,3
ORD-02303,Peter Mwangi,peter.mwangi427@example.com,Male,28,Ghana,Takoradi,Fashion,Cotton T-Shirt,3,18,0.1,48.6,Debit Card,2025-07-02,2025-07-04,Processing,4
ORD-02304,John Njoroge,john.njoroge857@example.com,Female,23,Rwanda,Kigali,Fashion,Running Shorts,1,28,0.1,25.2,PayPal,2025-09-10,2025-09-15,Cancelled,2
ORD-02305,Mary Kiptoo,mary.kiptoo52@example.com,Male,68,Kenya,Eldoret,Home Appliances,Blender,2,58,0,116,Mobile Money,2026-08-08,2026-08-10,Returned,1
ORD-02306,Daniel Smith,daniel.smith781@example.com,Male,65,Tanzania,Dar es Salaam,Beauty,Perfume,1,70,0,70,Debit Card,2025-07-01,2025-07-02,Processing,2
ORD-02307,Mercy Akinyi,mercy.akinyi447@example.com,Male,34,United States,Houston,Beauty,Face Cream,1,24,0,24,Credit Card,2026-06-26,2026-07-02,Shipped,3
ORD-02308,Brian Okafor,brian.okafor349@example.com,Male,56,South Africa,Pretoria,Beauty,Hair Dryer,3,48,0,144,PayPal,2025-12-03,2025-12-10,Returned,5
ORD-02309,Victor Ochieng,victor.ochieng721@example.com,Male,39,India,Mumbai,Home Appliances,Coffee Maker,2,85,0.05,161.5,Credit Card,2025-11-08,2025-11-11,Returned,2
ORD-02310,Daniel Okafor,daniel.okafor116@example.com,Male,36,Nigeria,Ibadan,Fashion,Hoodie,2,42,0.2,67.2,Credit Card,2025-10-19,2025-10-20,Shipped,4
ORD-02311,Grace Mwangi,grace.mwangi876@example.com,Female,28,Tanzania,Mwanza,Beauty,Body Lotion,2,19,0.2,30.4,Credit Card,2025-11-26,2025-11-29,Shipped,1
ORD-02312,Mary Mensah,mary.mensah924@example.com,Female,50,Kenya,Nairobi,Beauty,Hair Dryer,4,48,0.05,182.4,Cash on Delivery,2025-11-11,2025-11-18,Returned,5
ORD-02313,Sarah Otieno,sarah.otieno475@example.com,Male,29,Rwanda,Butare,Home Appliances,Vacuum Cleaner,1,145,0,145,Bank Transfer,2025-09-11,2025-09-18,Processing,4
ORD-02314,Grace Khan,grace.khan990@example.com,Male,38,Nigeria,Port Harcourt,Home Appliances,Blender,2,58,0.2,92.8,Bank Transfer,2025-06-03,2025-06-05,Delivered,5
ORD-02315,Kevin Kamau,kevin.kamau368@example.com,Male,43,Nigeria,Abuja,Electronics,Smart Watch,1,120,0.05,114.0,Cash on Delivery,2025-08-30,2025-09-04,Processing,2
ORD-02316,Samuel Otieno,samuel.otieno966@example.com,Female,43,Kenya,Mombasa,Fashion,Running Shorts,4,28,0.1,100.8,Debit Card,2025-03-25,2025-03-29,Delivered,4
ORD-02317,Michael Williams,michael.williams41@example.com,Female,70,Tanzania,Dar es Salaam,Home Appliances,Electric Kettle,1,35,0.15,29.75,PayPal,2026-05-01,2026-05-08,Shipped,1
ORD-02318,Lucy Ochieng,lucy.ochieng995@example.com,Female,52,South Africa,Pretoria,Beauty,Makeup Kit,1,52,0.15,44.2,Credit Card,2026-05-14,2026-05-17,Cancelled,1
ORD-02319,Mary Khan,mary.khan811@example.com,Male,41,Ghana,Tamale,Electronics,Wireless Headphones,1,45,0.05,42.75,PayPal,2025-01-20,2025-01-28,Cancelled,2
ORD-02320,David Kiptoo,david.kiptoo763@example.com,Male,69,Ghana,Tamale,Home Appliances,Electric Kettle,1,35,0.1,31.5,Mobile Money,2025-07-02,2025-07-10,Shipped,4
ORD-02321,Sarah Otieno,sarah.otieno815@example.com,Male,50,Tanzania,Mwanza,Fashion,Denim Jacket,2,62,0,124,Bank Transfer,2026-01-26,2026-01-30,Shipped,5
ORD-02322,Mary Mwangi,mary.mwangi185@example.com,Male,59,United States,Los Angeles,Electronics,USB-C Charger,4,22,0.25,66.0,Bank Transfer,2025-12-27,2026-01-04,Shipped,4
ORD-02323,Esther Smith,esther.smith593@example.com,Male,55,India,Bangalore,Fashion,Sneakers,3,75,0.25,168.75,Debit Card,2025-03-24,2025-03-28,Processing,3
ORD-02324,John Njoroge,john.njoroge491@example.com,Male,41,Kenya,Kisumu,Electronics,Gaming Mouse,2,38,0.25,57.0,PayPal,2026-07-26,2026-07-31,Returned,5
ORD-02325,Esther Otieno,esther.otieno788@example.com,Male,22,Rwanda,Kigali,Home Appliances,Microwave Oven,1,180,0.15,153.0,PayPal,2026-07-14,2026-07-15,Returned,4
ORD-02326,Aisha Otieno,aisha.otieno922@example.com,Female,41,India,Bangalore,Home Appliances,Coffee Maker,1,85,0.25,63.75,Debit Card,2025-12-11,2025-12-13,Delivered,2
ORD-02327,Kevin Smith,kevin.smith706@example.com,Male,40,India,Mumbai,Home Appliances,Blender,1,58,0.15,49.3,Mobile Money,2025-04-12,2025-04-13,Cancelled,5
ORD-02328,Mercy Ochieng,mercy.ochieng966@example.com,Male,39,Nigeria,Abuja,Beauty,Perfume,1,70,0.1,63.0,Debit Card,2025-09-15,2025-09-17,Cancelled,4
ORD-02329,Linda Patel,linda.patel515@example.com,Female,68,Ghana,Kumasi,Fashion,Cotton T-Shirt,1,18,0.25,13.5,Bank Transfer,2025-02-10,2025-02-14,Shipped,4
ORD-02330,James Patel,james.patel638@example.com,Male,59,United Kingdom,London,Fashion,Hoodie,1,42,0,42,Mobile Money,2025-12-28,2026-01-02,Processing,5
ORD-02331,Esther Wanjiku,esther.wanjiku776@example.com,Male,49,Nigeria,Lagos,Fashion,Handbag,3,55,0.2,132.0,Cash on Delivery,2025-03-14,2025-03-16,Shipped,3
ORD-02332,Esther Brown,esther.brown786@example.com,Female,39,Nigeria,Lagos,Beauty,Perfume,5,70,0,350,Cash on Delivery,2025-01-27,2025-01-28,Delivered,2
ORD-02333,Daavid Smith,,Male,20,KENYA, Mombasa ,Beauty,Hair Dryer,2 units,KSh 48,10%,112.32,Bank transfer,2025.03.11,2025.03.14,Processing,3
ORD-02334,Lucy Smith,lucy.smith508@example.com,Male,34,Kenya,Mombasa,Fashion,Sneakers,1,75,0.25,56.25,Debit Card,2025-07-29,2025-08-03,Delivered,3
ORD-02335,John Kamau,john.kamau13@example.com,Female,58,Tanzania,Dar es Salaam,Electronics,Gaming Mouse,1,38,0.15,32.3,Debit Card,2025-04-24,2025-04-28,Processing,1
ORD-02336,Brian Smith,brian.smith238@example.com,Female,56,United States,Houston,Fashion,Sneakers,2,75,0.05,142.5,Bank Transfer,2026-03-10,2026-03-18,Delivered,2
ORD-02337,Linda Kiptoo,linda.kiptoo488@example.com,Female,65,Nigeria,Kano,Beauty,Makeup Kit,2,52,0.15,88.4,Cash on Delivery,2026-01-15,2026-01-17,Cancelled,2
ORD-02338,Victor Wanjiku,victor.wanjiku630@example.com,Male,47,Nigeria,abuja,Fashion,Hoodie,2,42,0.2,67.2,Mobile Money,2025-02-12,2025-02-17,Shipped,5
ORD-02339,John Njoroge,john.njoroge985@example.com,Female,55,United States,Chicago,Home Appliances,Air Fryer,2,110,0.25,165.0,Bank Transfer,2025-11-16,2025-11-17,Delivered,2
ORD-02340,Grace Williams,grace.williams553@example.com,Female,58,United States,Houston,Home Appliances,Vacuum Cleaner,1,145,0.2,116.0,Debit Card,2025-09-02,2025-09-09,Delivered,5
ORD-02341,David Smith,david.smith578@example.com,Female,38,Uganda,Entebbe,Fashion,Denim Jacket,2,62,0.15,105.4,Cash on Delivery,2025-02-01,2025-02-08,Processing,2
ORD-02342,David Williams,david.williams364@example.com,Female,30,United States,New York,Fashion,Sneakers,3,75,0.25,168.75,Credit Card,2026-07-27,2026-08-01,Processing,2
ORD-02343,Lucy Khan,lucy.khan778@example.com,Female,20,Tanzania,Mwanza,Home Appliances,Electric Kettle,2,35,0.1,63.0,Mobile Money,2026-06-13,2026-06-20,Returned,4
ORD-02344,Brian Williams,brian.williams109@example.com,Male,66,United Kingdom,Birmingham,Fashion,Running Shorts,2,28,0.25,42.0,Debit Card,2025-02-09,2025-02-17,Delivered,4
ORD-02345,Grace Williams,grace.williams178@example.com,Female,36,Kenya,Eldoret,Home Appliances,Microwave Oven,3,180,0,540,Bank Transfer,2025-04-19,2025-04-27,Cancelled,3
ORD-02346,Sarah Kiptoo,sarah.kiptoo419@example.com,Male,48,Kenya,Kisumu,Electronics,Wireless Headphones,5,45,0.1,202.5,PayPal,2026-06-19,2026-06-26,Shipped,3
ORD-02347,Victor Okafor,victor.okafor425@example.com,Male,48,Ghana,Tamale,Home Appliances,Microwave Oven,1,180,0.1,162.0,Cash on Delivery,2025-04-28,2025-04-29,Cancelled,1
ORD-02348,Lucy Smith,lucy.smith301@example.com,Male,32,Kenya,Mombasa,Fashion,Denim Jacket,1,62,0,62,PayPal,2026-04-20,2026-04-24,Cancelled,2
ORD-02349,Mary Williams,mary.williams219@example.com,Male,58,United Kingdom,Birmingham,Beauty,Makeup Kit,4,52,0.2,166.4,Credit Card,2025-09-25,2025-09-29,Cancelled,5
ORD-02350,Lucy Njoroge,lucy.njoroge23@example.com,Male,36,India,Delhi,Home Appliances,Microwave Oven,3,180,0.05,513.0,Credit Card,2025-04-18,2025-04-22,Returned,1
ORD-02351,Jane Brown,jane.brown389@example.com,Female,70,Uganda,Kampala,Fashion,Denim Jacket,1,62,0.1,55.8,Mobile Money,2025-04-10,2025-04-12,Processing,2
ORD-02352,Daniel Wanjiku,daniel.wanjiku747@example.com,Female,27,United States,New York,Electronics,Smartphone X12,1,699,0.15,594.15,Credit Card,2026-01-26,2026-02-03,Processing,3
ORD-02353,Grace Kamau,grace.kamau842@example.com,Female,39,Ghana,Tamale,Electronics,Laptop Pro 14,2,1150,0.05,2185.0,Cash on Delivery,2025-04-22,2025-04-24,Delivered,1
ORD-02354,Samuel Smith,samuel.smith598@example.com,Male,31,Kenya,Nakuru,Electronics,USB-C Charger,1,22,0.25,16.5,Debit Card,2025-02-03,2025-02-09,Shipped,4
ORD-02355,Faith Brown,faith.brown773@example.com,Male,41,Uganda,Entebbe,Fashion,Running Shorts,3,28,0.15,71.4,Debit Card,2026-07-28,2026-08-02,Processing,5
ORD-02356,Mercy Mensah,mercy.mensah733@example.com,Female,57,Nigeria,Lagos,Beauty,Face Cream,5,24,0.1,108.0,Bank Transfer,2025-10-04,2025-10-07,Delivered,4
ORD-02357,Sarah Otieno,sarah.otieno412@example.com,Male,51,Tanzania,Arusha,Fashion,Handbag,3,55,0.1,148.5,Credit Card,2026-01-13,2026-01-14,Processing,5
ORD-02358,Kevin Akinyi,kevin.akinyi569@example.com,Male,41,India,Bangalore,Electronics,Smartphone X12,3,699,0.05,1992.15,Debit Card,2025-12-23,2025-12-24,Processing,5
ORD-02359,Peter Ochieng,peter.ochieng894@example.com,Male,49,Ghana,Accra,Home Appliances,Air Fryer,4,110,0.15,374.0,Debit Card,2026-08-23,2026-08-31,Processing,4
ORD-02360,Linda Njoroge,linda.njoroge501@example.com,Female,48,Uganda,Kampala,Home Appliances,Electric Kettle,1,35,0.25,26.25,Mobile Money,2025-10-20,2025-10-25,Processing,5
ORD-02361,Mary Kiptoo,mary.kiptoo9@example.com,Male,42,South Africa,Johannesburg,Home Appliances,Microwave Oven,1,180,0,180,Mobile Money,2026-02-04,2026-02-09,Shipped,5
ORD-02362,Faith Williams,faith.williams908@example.com,Female,70,United States,Houston,Home Appliances,Electric Kettle,2,35,0.2,56.0,Cash on Delivery,2025-10-25,2025-11-01,Delivered,1
ORD-02363,Daniel Williams,daniel.williams363@example.com,Male,64,Kenya,Kisumu,Electronics,USB-C Charger,1,22,0.1,19.8,Mobile Money,2026-03-22,2026-03-23,Delivered,1
ORD-02364,John Njoroge,john.njoroge578@example.com,Female,27,India,Delhi,Fashion,Running Shorts,3,28,0.15,71.4,Credit Card,2025-05-20,2025-05-26,Cancelled,5
ORD-02365,Faith Brown,faith.brown697@example.com,Female,62,Nigeria,Port Harcourt,Electronics,Smartphone X12,1,699,0,699,Debit Card,2025-09-10,2025-09-15,Cancelled,3
ORD-02366,Victor Khan,victor.khan271@example.com,Female,54,Tanzania,Dar es Salaam,Fashion,Handbag,1,55,0.15,46.75,PayPal,2025-09-26,2025-10-02,Returned,4
ORD-02367,Aisha Njoroge,aisha.njoroge743@example.com,Male,30,Tanzania,Mwanza,Home Appliances,Microwave Oven,3,180,0,540,Bank Transfer,2026-05-20,2026-05-25,Shipped,5
ORD-02368,Daniel Khan,daniel.khan25@example.com,Male,28,Nigeria,Kano,Fashion,Denim Jacket,3,62,0.25,139.5,Bank Transfer,2025-08-02,2025-08-09,Shipped,4
ORD-02369,Daniel Ochieng,daniel.ochieng285@example.com,Female,64,Nigeria,Port Harcourt,Beauty,Hair Dryer,2,48,0.25,72.0,Credit Card,2025-12-11,2025-12-17,Shipped,1
ORD-02370,Brian Okafor,brian.okafor736@example.com,Male,56,South Africa,Johannesburg,Electronics,Wireless Headphones,1,45,0.05,42.75,Bank Transfer,2025-02-08,2025-02-16,Processing,4
ORD-02371,Brian Njoroge,brian.njoroge799@example.com,Female,44,Tanzania,Mwanza,Home Appliances,Electric Kettle,3,35,0.2,84.0,Debit Card,2026-05-09,2026-05-14,Returned,2
ORD-02372,Kevin Brown,kevin.brown807@example.com,Female,26,Uganda,Kampala,Fashion,Running Shorts,10,28,0.15,238.0,Mobile Money,2026-06-17,2026-06-21,Returned,5
ORD-02373,Linda Njoroge,linda.njoroge775@example.com,Male,28,Tanzania,Dar es Salaam,Electronics,Wireless Headphones,1,45,0,45,Bank Transfer,2025-09-21,2025-09-25,Processing,5
,@@None!!,user#mail.com,,0,,,,,-1,48,15%,8.16,M-Pesa,12/09/2025,14/09/2025,,-1
ORD-02375,Peter Ochieng,peter.ochieng916@example.com,Male,67,United States,Chicago,Home Appliances,Air Fryer,3,110,0.2,264.0,Bank Transfer,2026-04-10,2026-04-16,Delivered,5
ORD-02376,Aisha Ochieng,aisha.ochieng575@example.com,Female,59,Rwanda,Kigali,Electronics,Smart Watch,1,120,0.05,114.0,Credit Card,2025-03-29,2025-04-01,Returned,4
ORD-02377,Peter Mensah,peter.mensah424@example.com,Male,67,Uganda,Entebbe,Fashion,Denim Jacket,2,62,0.25,93.0,Credit Card,2025-05-15,2025-05-19,Processing,2
ORD-02378,Mercy Ochieng,mercy.ochieng203@example.com,Male,28,India,Chennai,Home Appliances,Air Fryer,2,110,0.15,187.0,Mobile Money,2025-01-15,2025-01-16,Delivered,4
ORD-02379,Daniel Kamau,daniel.kamau970@example.com,Male,32,Uganda,Kampala,Beauty,Hair Dryer,1,48,0.25,36.0,Bank Transfer,2025-02-18,2025-02-26,Returned,5
ORD-02380,Peter Ochieng,peter.ochieng602@example.com,Male,39,Tanzania,Mwanza,Beauty,Hair Dryer,1,48,0.2,38.4,PayPal,2025-11-07,2025-11-13,Returned,1
ORD-02381,Samuel Otieno,samuel.otieno457@example.com,Female,29,United States,Chicago,Fashion,Handbag,1,55,0.1,49.5,Credit Card,2025-12-14,2025-12-16,Processing,5
ORD-02382,Peter Khan,peter.khan48@example.com,Female,61,Ghana,Accra,Home Appliances,Electric Kettle,2,35,0.1,63.0,Mobile Money,2026-02-15,2026-02-18,Cancelled,1
ORD-02383,Esther Williams,esther.williams900@example.com,Female,63,South Africa,Durban,Fashion,Hoodie,4,42,0,168,Mobile Money,2026-04-05,2026-04-10,Returned,1
ORD-02384,Jane Okafor,jane.okafor323@example.com,Female,46,United Kingdom,Birmingham,Beauty,Body Lotion,2,19,0.25,28.5,Mobile Money,2025-03-19,2025-03-21,Cancelled,1
ORD-02385,Faith Smith,faith.smith593@example.com,Female,46,Ghana,Takoradi,Home Appliances,Air Fryer,2,110,0.2,176.0,Credit Card,2025-08-10,2025-08-18,Delivered,4
ORD-02386,Jane Smith,jane.smith687@example.com,Male,56,Uganda,Jinja,Fashion,Sneakers,1,75,0.1,67.5,Cash on Delivery,2025-09-22,2025-09-26,Delivered,4
ORD-02387,Samuel Akinyi,samuel.akinyi70@example.com,Female,69,Kenya,Kisumu,Electronics,USB-C Charger,2,22,0.05,41.8,Cash on Delivery,2026-01-18,2026-01-25,Shipped,4
ORD-02388,Aisha Njoroge,aisha.njoroge976@example.com,Female,31,India,Delhi,Electronics,Gaming Mouse,5,38,0.05,180.5,PayPal,2026-05-24,2026-05-26,Cancelled,2
ORD-02389,Peter Njoroge,peter.njoroge676@example.com,Female,50,Ghana,Accra,Fashion,Denim Jacket,1,62,0.2,49.6,Debit Card,2025-04-28,2025-05-04,Processing,2
ORD-02390,John Khan,john.khan894@example.com,Female,39,Rwanda,Butare,Electronics,Wireless Headphones,2,45,0.25,67.5,Bank Transfer,2026-07-05,2026-07-09,Returned,4
ORD-02391,Samuel Akinyi,samuel.akinyi670@example.com,Male,30,South Africa,Johannesburg,Fashion,Cotton T-Shirt,1,18,0.05,17.1,Bank Transfer,2026-06-12,2026-06-18,Returned,4
ORD-02392,Esther Ochieng,esther.ochieng26@example.com,Female,49,India,Chennai,Beauty,Face Cream,3,24,0,72,PayPal,2026-01-22,2026-01-24,Shipped,4
ORD-02393,David Brown,david.brown889@example.com,Female,60,United States,New York,Electronics,Gaming Mouse,1,38,0.2,30.4,Mobile Money,2025-11-13,2025-11-18,Returned,2
ORD-02394,Jane Khan,jane.khan490@example.com,Female,63,Rwanda,Kigali,Beauty,Lipstick,1,16,0,16,PayPal,2025-11-05,2025-11-06,Processing,5
ORD-02395,Sarah Brown,sarah.brown512@example.com,Male,37,United Kingdom,Manchester,Beauty,Face Cream,2,24,0.1,43.2,Cash on Delivery,2025-10-08,2025-10-11,Processing,4
ORD-02396,James Njoroge,james.njoroge178@example.com,Male,44,Nigeria,Ibadan,Electronics,Laptop Pro 14,3,1150,0.2,2760.0,Bank Transfer,2025-09-22,2025-09-25,Shipped,1
ORD-02397,John Njoroge,john.njoroge716@example.com,Male,70,South Africa,Cape Town,Electronics,Bluetooth Speaker,2,65,0,130,Bank Transfer,2025-08-05,2025-08-08,Delivered,5
ORD-02398,David Akinyi,david.akinyi850@example.com,Female,70,Uganda,Jinja,Home Appliances,Blender,1,58,0.15,49.3,Bank Transfer,2025-04-24,2025-05-02,Cancelled,5
ORD-02399,Victor Kamau,victor.kamau914@example.com,Female,24,Uganda,Entebbe,Beauty,Body Lotion,2,19,0.05,36.1,Bank Transfer,2025-11-14,2025-11-20,Cancelled,4
ORD-02400,Samuel Patel,samuel.patel258@example.com,Female,48,United States,Los Angeles,Home Appliances,Microwave Oven,2,180,0.15,306.0,Credit Card,2025-02-17,2025-02-23,Returned,2
ORD-02401,Peter Khan,peter.khan190@example.com,Female,22,Tanzania,Mwanza,Fashion,Hoodie,1,42,0.1,37.8,Cash on Delivery,2026-01-08,2026-01-09,Returned,3
ORD-02402,Daniel Otieno,daniel.otieno171@example.com,Female,18,United States,Chicago,Beauty,Perfume,2,70,0.1,126.0,Credit Card,2025-03-20,2025-03-26,Cancelled,5
ORD-02403,Daniel Ochieng,daniel.ochieng64@example.com,Female,42,Ghana,Takoradi,Fashion,Running Shorts,2,28,0.25,42.0,Mobile Money,2025-05-24,2025-05-29,Shipped,4
ORD-02404,David Okafor,david.okafor714@example.com,Male,30,South Africa,Cape Town,Electronics,Bluetooth Speaker,1,65,0.05,61.75,Credit Card,2025-09-05,2025-09-06,Delivered,1
ORD-02405,Sarah Akinyi,sarah.akinyi352@example.com,Female,51,United Kingdom,Manchester,Electronics,USB-C Charger,1,22,0.2,17.6,Bank Transfer,2025-11-24,2025-11-30,Processing,2
ORD-02406,Esther Mensah,esther.mensah469@example.com,Female,34,India,Chennai,Electronics,Bluetooth Speaker,1,65,0.05,61.75,Credit Card,2026-04-11,2026-04-15,Cancelled,3
ORD-02407,Faith Akinyi,faith.akinyi358@example.com,Female,43,United Kingdom,London,Beauty,Makeup Kit,4,52,0.25,156.0,Debit Card,2026-03-19,2026-03-23,Returned,5
ORD-02408,Sarah Khan,sarah.khan145@example.com,Female,38,India,Bangalore,Beauty,Makeup Kit,1,52,0.15,44.2,Cash on Delivery,2025-02-17,2025-02-19,Returned,5
ORD-02409,Linda Kiptoo,linda.kiptoo721@example.com,Male,28,Rwanda,Kigali,Home Appliances,Microwave Oven,4,180,0.1,648.0,Mobile Money,2026-02-07,2026-02-12,Returned,2
ORD-02410,Mercy Khan,mercy.khan50@example.com,Male,23,Nigeria,Port Harcourt,Beauty,Perfume,1,70,0.2,56.0,Credit Card,2025-05-15,2025-05-23,Returned,4
ORD-02411,Michael Otieno,michael.otieno104@example.com,Male,26,India,Bangalore,Fashion,Sneakers,1,75,0.25,56.25,Credit Card,2026-01-10,2026-01-12,Processing,5
ORD-02412,Aisha Otieno,aisha.otieno37@example.com,Female,24,Rwanda,Kigali,Home Appliances,Coffee Maker,1,85,0.25,63.75,Debit Card,2025-12-11,2025-12-18,Shipped,4
ORD-02413,Samuel Otieno,samuel.otieno331@example.com,Male,33,Tanzania,Dar es Salaam,Fashion,Cotton T-Shirt,1,18,0.05,17.1,Credit Card,2025-10-11,2025-10-12,Cancelled,2
ORD-02414,Mary Otieno,mary.otieno906@example.com,Female,36,India,Bangalore,Electronics,Laptop Pro 14,1,1150,0.05,1092.5,Mobile Money,2025-07-14,2025-07-20,Processing,1
ORD-02415,Victor Mensah,victor.mensah811@example.com,Male,47,India,Delhi,Fashion,Denim Jacket,2,62,0.2,99.2,Credit Card,2025-05-24,2025-05-29,Processing,3
ORD-02416,Grace Smith,grace.smith571@example.com,Male,29,South Africa,Johannesburg,Electronics,Smart Watch,1,120,0.15,102.0,Mobile Money,2025-12-03,2025-12-07,Cancelled,2
ORD-02417,Samuel Kamau,samuel.kamau449@example.com,Female,26,South Africa,Pretoria,Beauty,Hair Dryer,1,48,0.15,40.8,PayPal,2026-01-01,2026-01-09,Processing,2
ORD-02418,Esther Kiptoo,esther.kiptoo109@example.com,Male,39,Nigeria,Ibadan,Beauty,Face Cream,1,24,0.15,20.4,Cash on Delivery,2026-08-18,2026-08-22,Shipped,4
ORD-02419,Jane Ochieng,jane.ochieng957@example.com,Male,59,Ghana,Takoradi,Electronics,Gaming Mouse,1,38,0,38,Debit Card,2025-08-01,2025-08-06,Shipped,4
ORD-02420,Mercy Smith,mercy.smith907@example.com,Male,39,Rwanda,Kigali,Beauty,Body Lotion,3,19,0.2,45.6,Debit Card,2025-10-22,2025-10-30,Shipped,4
ORD-02421,Faith Njoroge,faith.njoroge942@example.com,Male,25,India,Mumbai,Fashion,Hoodie,3,42,0,126,Cash on Delivery,2025-06-01,2025-06-09,Shipped,3
ORD-02422,Aisha Kamau,aisha.kamau809@example.com,Male,65,Tanzania,Arusha,Beauty,Makeup Kit,4,52,0.1,187.2,Credit Card,2026-03-08,2026-03-11,Cancelled,2
ORD-02423,Daniel Wanjiku,daniel.wanjiku404@example.com,Male,34,Tanzania,Mwanza,Electronics,Wireless Headphones,1,45,0.1,40.5,PayPal,2026-02-06,2026-02-11,Shipped,3
ORD-02424,John Smith,john.smith58@example.com,Male,47,India,Chennai,Electronics,Bluetooth Speaker,1,65,0.25,48.75,Bank Transfer,2025-06-19,2025-06-27,Returned,4
ORD-02425,Sarah Akinyi,sarah.akinyi685@example.com,Male,48,Ghana,Takoradi,Electronics,Gaming Mouse,2,38,0.15,64.6,Cash on Delivery,2025-02-27,2025-03-03,Processing,2
ORD-02426,Brian Akinyi,brian.akinyi527@example.com,Female,64,Kenya,Nairobi,Electronics,Wireless Headphones,2,45,0.05,85.5,PayPal,2026-05-03,2026-05-11,Cancelled,3
ORD-02427,Michael Smith,michael.smith29@example.com,Female,33,Rwanda,Kigali,Beauty,Perfume,2,70,0.1,126.0,Debit Card,2025-10-08,2025-10-15,Shipped,5
ORD-02428,Esther Patel,esther.patel885@example.com,Female,51,Uganda,Entebbe,Home Appliances,Coffee Maker,3,85,0.25,191.25,Bank Transfer,2025-03-08,2025-03-14,Cancelled,3
ORD-02429,David Patel,david.patel528@example.com,Male,41,Tanzania,Dar es Salaam,Beauty,Hair Dryer,2,48,0.1,86.4,Bank Transfer,2026-05-27,2026-06-03,Cancelled,5
ORD-02430,Mary Williams,mary.williams951@example.com,Male,58,India,Bangalore,Beauty,Hair Dryer,3,48,0,144,PayPal,2025-08-13,2025-08-21,Shipped,5
ORD-02431,Victor Otieno,victor.otieno189@example.com,Female,26,Rwanda,Butare,Home Appliances,Coffee Maker,1,85,0,85,PayPal,2025-04-05,2025-04-10,Cancelled,3
ORD-02432,Linda Kiptoo,linda.kiptoo424@example.com,Female,20,Tanzania,Mwanza,Fashion,Handbag,2,55,0.05,104.5,Mobile Money,2025-03-13,2025-03-18,Processing,2
ORD-02433,Brian Otieno,brian.otieno605@example.com,Male,53,Ghana,Takoradi,Electronics,Smart Watch,1,120,0.15,102.0,Debit Card,2025-05-05,2025-05-06,Processing,5
ORD-02434,Jane Ochieng,jane.ochieng90@example.com,Female,63,Ghana, Tamale ,Fashion,Hoodie,1,KSh 42,0.20,43.68,CASH ON DELIVERY,2026.08.05,2026.08.12,Processing,2
ORD-02435,Michael Okafor,michael.okafor160@example.com,Female,37,United States,Los Angeles,Beauty,Makeup Kit,2,52,0,104,Mobile Money,2026-02-13,2026-02-20,Returned,4
ORD-02436,Victor Smith,victor.smith317@example.com,Female,31,United Kingdom,London,Beauty,Makeup Kit,3,52,0.25,117.0,Bank Transfer,2026-06-02,2026-06-05,Processing,5
ORD-02437,Esther Otieno,esther.otieno585@example.com,Male,48,Kenya,Eldoret,Home Appliances,Blender,2,58,0.1,104.4,Debit Card,2026-01-22,2026-01-29,Shipped,5
ORD-02438,Faith Smith,faith.smith969@example.com,Female,37,Ghana,Tamale,Beauty,Makeup Kit,3,52,0.15,132.6,Credit Card,2026-07-08,2026-07-11,Processing,4
ORD-02439,Esther Kiptoo,esther.kiptoo108@example.com,Female,20,South Africa,Cape Town,Home Appliances,Coffee Maker,1,85,0.15,72.25,Bank Transfer,2025-04-13,2025-04-18,Cancelled,5
ORD-02440,Samuel Williams,samuel.williams757@example.com,Female,65,Kenya,Nakuru,Beauty,Perfume,2,70,0.2,112.0,Cash on Delivery,2025-06-23,2025-06-28,Processing,3
ORD-02441,Peter Kiptoo,peter.kiptoo820@example.com,Male,23,South Africa,Durban,Electronics,Smart Watch,5,120,0.2,480.0,Cash on Delivery,2025-11-03,2025-11-08,Returned,1
ORD-02442,Victor Brown,victor.brown196@example.com,Female,35,South Africa,Johannesburg,Fashion,Hoodie,1,42,0.15,35.7,Debit Card,2026-03-07,2026-03-09,Shipped,4
ORD-02443,Aisha Khan,aisha.khan819@example.com,Male,19,United States,Chicago,Electronics,Wireless Headphones,3,45,0.05,128.25,Cash on Delivery,2026-01-30,2026-02-03,Processing,1
ORD-02444,Kevin Kamau,kevin.kamau951@example.com,Male,30,Kenya,Mombasa,Fashion,Hoodie,1,42,0.05,39.9,Credit Card,2026-02-09,2026-02-13,Processing,5
ORD-02445,Faith Kamau,faith.kamau563@example.com,Female,56,India,Delhi,Electronics,Smartphone X12,2,699,0.05,1328.1,Credit Card,2026-05-11,2026-05-14,Shipped,1
ORD-02446,Linda Smith,linda.smith328@example.com,Male,43,India,Mumbai,Fashion,Sneakers,2,75,0.15,127.5,Credit Card,2025-01-08,2025-01-09,Returned,5
ORD-02447,Aisha Mwangi,aisha.mwangi871@example.com,Male,37,Nigeria,Port Harcourt,Beauty,Hair Dryer,3,48,0.05,136.8,Cash on Delivery,2025-09-21,2025-09-25,Cancelled,4
ORD-02448,Mercy Kamau,mercy.kamau117@example.com,Male,47,Nigeria,Ibadan,Home Appliances,Coffee Maker,2,85,0.15,144.5,Debit Card,2026-07-20,2026-07-28,Cancelled,1
ORD-02449,James Ochieng,james.ochieng882@example.com,Male,52,Ghana,Accra,Home Appliances,Air Fryer,1,110,0.05,104.5,Debit Card,2025-10-17,2025-10-19,Shipped,2
ORD-02450,Aisha Mwangi,aisha.mwangi715@example.com,Male,22,Kenya,Nairobi,Home Appliances,Vacuum Cleaner,4,145,0.05,551.0,Bank Transfer,2025-05-23,2025-05-29,Cancelled,2
ORD-02451,Grace Kiptoo,grace.kiptoo479@example.com,Female,54,Tanzania,Dar es Salaam,Electronics,Smartphone X12,1,699,0,699,Bank Transfer,2025-10-25,2025-10-28,Shipped,5
ORD-02452,Samuel Njoroge,samuel.njoroge518@example.com,Male,25,Rwanda,Butare,Electronics,Wireless Headphones,3,45,0,135,Bank Transfer,2026-03-20,2026-03-28,Returned,4
ORD-02453,James Kiptoo,james.kiptoo896@example.com,Male,34,Ghana,Accra,Fashion,Cotton T-Shirt,1,18,0.05,17.1,Credit Card,2026-03-19,2026-03-27,Shipped,2
ORD-02454,Kevin Smith,kevin.smith878@example.com,Female,19,India,Bangalore,Electronics,USB-C Charger,2,22,0.1,39.6,Debit Card,2025-01-13,2025-01-19,Delivered,4
ORD-02455,Peter Williams,peter.williams328@example.com,Female,18,Uganda,Kampala,Electronics,Laptop Pro 14,1,1150,0.15,977.5,Cash on Delivery,2026-05-29,2026-06-04,Processing,2
ORD-02456,Daniel Kiptoo,daniel.kiptoo463@example.com,Female,57,United States,Los Angeles,Electronics,Smartphone X12,3,699,0.2,1677.6,Bank Transfer,2025-02-20,2025-02-21,Shipped,5
ORD-02457,Peter Khan,peter.khan523@example.com,Female,32,United States,Los Angeles,Home Appliances,Coffee Maker,1,85,0,85,Mobile Money,2025-12-02,2025-12-03,Shipped,1
ORD-02458,Victor Ochieng,victor.ochieng121@example.com,Male,62,United States,Los Angeles,Fashion,Running Shorts,1,28,0.05,26.6,Credit Card,2025-05-14,2025-05-15,Delivered,3
ORD-02459,Samuel Okafor,samuel.okafor32@example.com,Male,22,Nigeria,Abuja,Home Appliances,Air Fryer,1,110,0.05,104.5,PayPal,2026-01-08,2026-01-09,Delivered,2
ORD-02460,Linda Williams,linda.williams80@example.com,Male,64,Nigeria,Lagos,Beauty,Makeup Kit,2,52,0.1,93.6,Mobile Money,2026-04-17,2026-04-18,Processing,5
ORD-02461,Aisha Khan,aisha.khan979@example.com,Female,68,United States, LOS ANGELES ,Beauty,Perfume,2,$70.00,0,182.0,Bank Transfer,27/02/2025,07/03/2025,Returned,5
ORD-02462,Victor Patel,victor.patel347@example.com,Female,26,Rwanda,Butare,Beauty,Lipstick,1,16,0,16,Credit Card,2026-08-02,2026-08-09,Delivered,5
ORD-02463,David Khan,david.khan922@example.com,Female,48,India,Delhi,Electronics,USB-C Charger,1,22,0.1,19.8,Bank Transfer,2025-02-11,2025-02-14,Shipped,2
ORD-02464,Aisha Njoroge,aisha.njoroge472@example.com,Male,60,Uganda,Jinja,Home Appliances,Electric Kettle,1,35,0.2,28.0,Debit Card,2025-11-27,2025-12-01,Delivered,5
ORD-02465,Sarah Njoroge,sarah.njoroge803@example.com,Female,33,Tanzania,Mwanza,Fashion,Hoodie,1,42,0.2,33.6,Mobile Money,2026-05-30,2026-06-07,Shipped,2
ORD-02466,John Otieno,john.otieno717@example.com,Male,34,South Africa,Cape Town,Home Appliances,Coffee Maker,2,85,0.25,127.5,Mobile Money,2025-09-06,2025-09-13,Shipped,5
ORD-02467,Brian Smith,brian.smith466@example.com,Male,33,United Kingdom,Manchester,Beauty,Hair Dryer,2,48,0.1,86.4,Bank Transfer,2025-11-23,2025-11-30,Processing,4
ORD-02468,Brian Njoroge,brian.njoroge255@example.com,Male,39,South Africa,Johannesburg,Beauty,Makeup Kit,2,52,0.05,98.8,Mobile Money,2025-08-29,2025-09-03,Shipped,1
ORD-02469,Grace Mwangi,grace.mwangi708@example.com,Male,26,Nigeria,Port Harcourt,Beauty,Perfume,1,70,0,70,Debit Card,2026-01-19,2026-01-26,Processing,5
ORD-02470,Sarah Kiptoo,sarah.kiptoo187@example.com,Male,31,Tanzania,Dar es Salaam,Beauty,Perfume,1,70,0.2,56.0,PayPal,2026-01-09,2026-01-17,Processing,1
ORD-02471,Lucy Wanjiku,lucy.wanjiku278@example.com,Male,36,Tanzania,Mwanza,Electronics,Laptop Pro 14,4,1150,0.25,3450.0,Mobile Money,2025-03-28,2025-03-30,Processing,1
ORD-02472,Lucy Otieno,lucy.otieno784@example.com,Male,70,India,Bangalore,Home Appliances,Vacuum Cleaner,1,145,0.25,108.75,Bank Transfer,2026-07-22,2026-07-27,Processing,2
ORD-02473,Grace Khan,grace.khan418@example.com,Female,35,United Kingdom,London,Home Appliances,Air Fryer,1,110,0,110,Mobile Money,2025-06-27,2025-07-02,Processing,5
ORD-02474,Peter Wanjiku,peter.wanjiku668@example.com,Female,57,India,Chennai,Fashion,Cotton T-Shirt,1,18,0.05,17.1,Debit Card,2026-01-19,2026-01-21,Delivered,3
ORD-02475,David Williams,david.williams542@example.com,Female,32,Tanzania,Dar es Salaam,Home Appliances,Blender,10,58,0.25,435.0,Debit Card,2026-05-07,2026-05-10,Delivered,5
ORD-02476,John Brown,john.brown516@example.com,Male,23,United States,Chicago,Home Appliances,Blender,3,58,0,174,Debit Card,2025-09-15,2025-09-22,Cancelled,3
ORD-02477,David Khan,david.khan276@example.com,Female,58,Rwanda,Kigali,Home Appliances,Electric Kettle,3,35,0.25,78.75,Bank Transfer,2025-01-14,2025-01-21,Returned,4
ORD-02478,Mercy Kamau,mercy.kamau903@example.com,Male,69,Kenya,Nakuru,Beauty,Perfume,3,70,0.1,189.0,Bank Transfer,2025-03-07,2025-03-15,Delivered,5
ORD-02479,David Akinyi,david.akinyi596@example.com,Male,18,Kenya,Nakuru,Electronics,Gaming Mouse,3,38,0.15,96.9,Credit Card,2025-04-21,2025-04-24,Shipped,3
ORD-02480,Mary Otieno,mary.otieno933@example.com,Male,48,South Africa,Johannesburg,Beauty,Face Cream,1,24,0.1,21.6,Cash on Delivery,2026-07-26,2026-08-02,Shipped,4
ORD-02481,Daniel Brown,daniel.brown719@example.com,Female,57,Nigeria,Abuja,Electronics,Smart Watch,1,120,0,120,Mobile Money,2025-05-25,2025-05-31,Returned,1
ORD-02482,David Mwangi,david.mwangi87@example.com,Female,35,Rwanda,Butare,Home Appliances,Electric Kettle,1,35,0,35,Credit Card,2025-05-20,2025-05-25,Cancelled,4
ORD-02483,David Brown,david.brown363@example.com,Female,55,United States,Chicago,Fashion,Running Shorts,3,28,0.15,71.4,Cash on Delivery,2025-06-23,2025-06-29,Returned,5
ORD-02484,Mercy Okafor,mercy.okafor175@example.com,Male,55,Tanzania,Mwanza,Beauty,Makeup Kit,1,52,0.15,44.2,Mobile Money,2025-01-30,2025-02-05,Cancelled,3
ORD-02485,Lucy Brown,lucy.brown641@example.com,Male,24,India,Delhi,Beauty,Lipstick,1,16,0.15,13.6,PayPal,2026-01-13,2026-01-17,Returned,5
ORD-02486,Peter Williams,peter.williams445@example.com,Male,65,Kenya,Kisumu,Fashion,Hoodie,1,42,0.05,39.9,Cash on Delivery,2025-05-17,2025-05-23,Cancelled,4
ORD-02487,Jane Mwangi,jane.mwangi693@example.com,Female,47,Rwanda,Butare,Electronics,Gaming Mouse,2,38,0.05,72.2,Credit Card,2025-01-18,2025-01-26,Shipped,3
ORD-02488,Brian Kiptoo,brian.kiptoo319@example.com,Female,59,Nigeria,Kano,Home Appliances,Electric Kettle,1,35,0.25,26.25,Debit Card,2025-04-17,2025-04-18,Processing,4
ORD-02489,Samuel Akinyi,samuel.akinyi247@example.com,Male,39,Uganda,Kampala,Home Appliances,Vacuum Cleaner,2,145,0.1,261.0,Mobile Money,2025-10-11,2025-10-15,Returned,4
ORD-02490,Linda Khan,linda.khan881@example.com,Female,34,United States,Los Angeles,Home Appliances,Blender,2,58,0.05,110.2,Debit Card,2025-06-08,2025-06-14,Shipped,1
ORD-02491,Mary Kamau,mary.kamau676@example.com,Female,49,United Kingdom,Manchester,Beauty,Lipstick,3,16,0.25,36.0,Mobile Money,2025-06-23,2025-06-26,Returned,4
ORD-02492,Mercy Kiptoo,mercy.kiptoo509@example.com,Male,34,Ghana,Tamale,Beauty,Hair Dryer,4,48,0.05,182.4,Debit Card,2025-05-26,2025-05-27,Returned,4
ORD-02493,Peter Mensah,peter.mensah732@example.com,Male,23,Kenya,Nakuru,Electronics,Wireless Headphones,2,45,0,90,Cash on Delivery,2025-10-17,2025-10-20,Processing,4
ORD-02494,Mercy Patel,mercy.patel494@example.com,Male,42,Tanzania,Dar es Salaam,Home Appliances,Air Fryer,2,110,0.05,209.0,PayPal,2025-12-08,2025-12-11,Cancelled,5
ORD-02495,Jane Otieno,jane.otieno23@example.com,Male,43,Ghana,Takoradi,Fashion,Sneakers,1,75,0.2,60.0,Credit Card,2025-07-29,2025-08-03,Delivered,4
ORD-02496,Samuel Khan,samuel.khan358@example.com,Male,56,United States,Los Angeles,Fashion,Handbag,1,55,0.05,52.25,Credit Card,2025-08-12,2025-08-13,Returned,3
ORD-02497,Faith Ochieng,faith.ochieng517@example.com,Female,70,Nigeria,Port Harcourt,Electronics,Smartphone X12,1,699,0.25,524.25,Cash on Delivery,2025-10-26,2025-10-31,Processing,1
ORD-02498,Kevin Kamau,kevin.kamau228@example.com,Male,48,Rwanda,Kigali,Fashion,Running Shorts,1,28,0.2,22.4,Cash on Delivery,2025-06-12,2025-06-14,Shipped,1
ORD-02499,Faith Patel,faith.patel427@example.com,Female,39,United States,Los Angeles,Beauty,Lipstick,3,16,0.15,40.8,PayPal,2026-01-22,2026-01-27,Processing,3
ORD-02500,Daniel Wanjiku,daniel.wanjiku367@example.com,Male,67,Kenya,Mombasa,Home Appliances,Vacuum Cleaner,1,145,0.1,130.5,Mobile Money,2025-04-21,2025-04-22,Returned,2
ORD-02501,Mercy Brown,mercy.brown770@example.com,Male,26,Tanzania,Arusha,Fashion,Denim Jacket,3,62,0.2,148.8,Credit Card,2025-09-13,2025-09-17,Shipped,5
ORD-02502,Michael Ochieng,michael.ochieng147@example.com,Female,42,Nigeria,Ibadan,Home Appliances,Blender,3,58,0,174,Mobile Money,2025-01-18,2025-01-25,Delivered,2
ORD-02503,Lucy Mwangi,lucy.mwangi835@example.com,Female,50,Uganda,Jinja,Electronics,Bluetooth Speaker,2,65,0,130,Mobile Money,2026-03-24,2026-03-27,Processing,1
ORD-02504,Michael Wanjiku,michael.wanjiku56@example.com,Female,29,South Africa,Durban,Fashion,Handbag,2,55,0.2,88.0,PayPal,2025-02-24,2025-03-03,Cancelled,5
ORD-02505,James Mensah,james.mensah212@example.com,Female,47,Tanzania,Dar es Salaam,Electronics,Smartphone X12,1,699,0.1,629.1,Cash on Delivery,2025-04-25,2025-04-28,Shipped,3
ORD-02506,Victor Mwangi,victor.mwangi851@example.com,Female,56,United Kingdom,Birmingham,Electronics,Smart Watch,2,120,0.25,180.0,Bank Transfer,2025-03-26,2025-04-02,Processing,5
ORD-02507,Lucy Mwangi,lucy.mwangi443@example.com,FEMALE,34,NIGERIA,Kano,Home Appliances,Blender,3,€58.00,0.15,295.8,Cash on Delivery,05-28-2025,06-01-2025,Delivered,4
ORD-02508,Mary Kamau,mary.kamau915@example.com,Female,61,Kenya,Nairobi,Beauty,Lipstick,2,16,0.1,28.8,Bank Transfer,2026-01-20,2026-01-28,Returned,1
ORD-02509,Mary Brown,mary.brown132@example.com,Male,50,South Africa,Pretoria,Beauty,Perfume,3,70,0.1,189.0,Credit Card,2025-02-28,2025-03-05,Cancelled,5
ORD-02510,Mary Smith,mary.smith255@example.com,Female,24,Kenya,Nakuru,Fashion,Cotton T-Shirt,2,18,0.15,30.6,PayPal,2025-04-11,2025-04-15,Delivered,5
ORD-02511,Linda Akinyi,linda.akinyi864@example.com,Female,29,India,Delhi,Electronics,USB-C Charger,4,22,0.1,79.2,Debit Card,2025-12-20,2025-12-25,Returned,5
ORD-02512,Peter Khan,peter.khan93@example.com,Male,40,South Africa,Cape Town,Beauty,Lipstick,2,16,0.2,25.6,Cash on Delivery,2026-03-10,2026-03-17,Delivered,5
ORD-02513,Esther Kamau,esther.kamau881@example.com,Female,44,United States,New York,Home Appliances,Blender,3,58,0.25,130.5,Cash on Delivery,2026-07-28,2026-08-02,Shipped,1
ORD-02514,Victor Khan,victor.khan380@example.com,Male,38,South Africa,Pretoria,Home Appliances,Microwave Oven,2,180,0.1,324.0,Credit Card,2026-02-28,2026-03-02,Shipped,4
ORD-02515,David Okafor,david.okafor153@example.com,Female,41,Tanzania,Arusha,Fashion,Denim Jacket,1,62,0.1,55.8,Debit Card,2026-02-18,2026-02-20,Delivered,5
ORD-02516,Samuel Mensah,samuel.mensah498@example.com,Female,53,Rwanda,Butare,Home Appliances,Vacuum Cleaner,3,145,0.25,326.25,Cash on Delivery,2026-06-23,2026-07-01,Returned,5
ORD-02517,Linda Smith,linda.smith53@example.com,Male,34,South Africa,Johannesburg,Beauty,Perfume,1,70,0.05,66.5,PayPal,2026-02-03,2026-02-06,Returned,2
ORD-02518,Brian Njoroge,brian.njoroge289@example.com,Male,43,Rwanda,Butare,Fashion,Denim Jacket,1,62,0,62,Debit Card,2025-04-24,2025-05-02,Delivered,4
ORD-02519,John Patel,john.patel537@example.com,Female,41,Nigeria,Kano,Beauty,Perfume,2,70,0.25,105.0,Mobile Money,2025-08-20,2025-08-27,Shipped,1
ORD-02520,Jane Njoroge,jane.njoroge466@example.com,Female,41,Kenya,Nakuru,Fashion,Cotton T-Shirt,1,18,0.05,17.1,Cash on Delivery,2025-10-24,2025-10-27,Returned,4
ORD-02521,Mary Wanjiku,mary.wanjiku876@example.com,Male,65,Nigeria,Lagos,Home Appliances,Air Fryer,3,110,0.25,247.5,Debit Card,2026-04-26,2026-04-30,Shipped,1
ORD-02522,Kevin Brown,kevin.brown813@example.com,Male,38,United Kingdom,London,Beauty,Hair Dryer,3,48,0.15,122.4,Mobile Money,2025-08-23,2025-08-29,Delivered,4
ORD-02523,John Smith,john.smith864@example.com,Female,45,United Kingdom,Birmingham,Fashion,Sneakers,5,75,0.2,300.0,Bank Transfer,2026-06-02,2026-06-09,Delivered,2
ORD-02524,James Williams,james.williams81@example.com,Female,47,South Africa,Johannesburg,Electronics,Wireless Headphones,2,45,0.05,85.5,Mobile Money,2025-01-31,2025-02-04,Cancelled,5
ORD-02525,Faith Otieno,faith.otieno425@example.com,Female,38,South Africa,Pretoria,Home Appliances,Microwave Oven,1,180,0,180,Debit Card,2025-12-11,2025-12-12,Cancelled,2
ORD-02526,Kevin Akinyi,kevin.akinyi649@example.com,Male,62,Ghana,Tamale,Electronics,Gaming Mouse,1,38,0.1,34.2,Bank Transfer,2025-04-21,2025-04-25,Processing,2
ORD-02527,Victor Smith,victor.smith351@example.com,Male,21,Ghana,Takoradi,Home Appliances,Microwave Oven,2,180,0,360,Cash on Delivery,2025-02-25,2025-03-03,Cancelled,4
ORD-02528,Peter Otieno,peter.otieno291@example.com,Female,57,United States,New York,Fashion,Running Shorts,3,28,0.15,71.4,PayPal,2026-07-09,2026-07-11,Shipped,5
ORD-02529,Peter Kamau,peter.kamau284@example.com,Female,55,India,Delhi,Fashion,Sneakers,4,75,0,300,PayPal,2026-03-29,2026-04-06,Returned,4
ORD-02530,Brian Okafor,brian.okafor924@example.com,Male,28,Rwanda,Kigali,Beauty,Hair Dryer,1,48,0.1,43.2,Cash on Delivery,2026-02-01,2026-02-03,Processing,4
ORD-02531,Victor Williams,victor.williams304@example.com,Female,30,India,Mumbai,Fashion,Hoodie,1,42,0.1,37.8,Mobile Money,2025-11-24,2025-12-02,Cancelled,4
ORD-02532,Mary Brown,mary.brown917@example.com,Male,55,South Africa,Pretoria,Home Appliances,Coffee Maker,1,85,0.25,63.75,Mobile Money,2026-01-12,2026-01-18,Cancelled,5
ORD-02533,John Khan,john.khan120@example.com,Female,55,Ghana,Kumasi,Home Appliances,Vacuum Cleaner,3,145,0.15,369.75,Mobile Money,2025-03-31,2025-04-03,Delivered,5
ORD-02534,James Njoroge,james.njoroge548@example.com,Female,20,Nigeria,Kano,Home Appliances,Coffee Maker,1,85,0,85,Debit Card,2025-05-20,2025-05-21,Delivered,5
ORD-02535,Mercy Kiptoo,mercy.kiptoo406@example.com,Female,48,South Africa,Cape Town,Electronics,Wireless Headphones,1,45,0.2,36.0,Credit Card,2025-08-14,2025-08-22,Shipped,2
ORD-02536,Jane Kiptoo,jane.kiptoo495@example.com,Female,18,South Africa,Durban,Home Appliances,Vacuum Cleaner,1,145,0.15,123.25,Mobile Money,2025-04-14,2025-04-15,Processing,3
,@@None!!,john@@email.com,,150,,,,,0,16,10%,5.76,M-Pesa,2025.09.07,2025.09.09,,0
ORD-02538,Esther Otieno,esther.otieno324@example.com,Female,35,South Africa,Johannesburg,Fashion,Hoodie,3,42,0.15,107.1,Credit Card,2026-06-05,2026-06-06,Returned,5
ORD-02539,Samuel Kamau,samuel.kamau852@example.com,Female,38,Kenya,Kisumu,Electronics,Gaming Mouse,1,38,0.1,34.2,Credit Card,2025-01-14,2025-01-15,Returned,1
ORD-02540,Daniel Kiptoo,daniel.kiptoo452@example.com,Male,66,Kenya,Nakuru,Fashion,Hoodie,2,42,0.1,75.6,Debit Card,2025-11-13,2025-11-21,Cancelled,3
ORD-02541,James Akinyi,james.akinyi970@example.com,Female,54,South Africa,Johannesburg,Home Appliances,Air Fryer,1,110,0.2,88.0,Debit Card,2026-05-25,2026-05-27,Shipped,5
ORD-02542,Daniel Smith,daniel.smith812@example.com,Male,63,Kenya,Kisumu,Home Appliances,Electric Kettle,4,35,0.2,112.0,Credit Card,2026-01-03,2026-01-05,Returned,1
ORD-02543,Aisha Smith,aisha.smith592@example.com,Male,36,South Africa,Durban,Home Appliances,Coffee Maker,1,85,0.1,76.5,Mobile Money,2025-07-05,2025-07-11,Returned,5
ORD-02544,Michael Smith,michael.smith429@example.com,Female,47,India,Mumbai,Fashion,Denim Jacket,1,62,0.2,49.6,Mobile Money,2026-03-17,2026-03-18,Shipped,5
ORD-02545,John Smith,john.smith218@example.com,Female,54,United Kingdom,Birmingham,Home Appliances,Air Fryer,4,110,0.1,396.0,Mobile Money,2026-07-18,2026-07-22,Processing,5
ORD-02546,Aisha Brown,aisha.brown775@example.com,Male,54,South Africa,Johannesburg,Electronics,Smart Watch,1,120,0.05,114.0,Mobile Money,2026-04-04,2026-04-05,Cancelled,2
ORD-02547,Sarah Kamau,sarah.kamau565@example.com,Male,38,Ghana,Accra,Beauty,Face Cream,1,24,0.1,21.6,Credit Card,2025-08-16,2025-08-20,Delivered,4
ORD-02548,Samuel Patel,samuel.patel464@example.com,Male,49,United Kingdom,Manchester,Electronics,Bluetooth Speaker,1,65,0.15,55.25,Credit Card,2025-05-20,2025-05-23,Shipped,4
ORD-02549,James Mensah,james.mensah771@example.com,Male,29,Ghana,Takoradi,Home Appliances,Microwave Oven,1,180,0.1,162.0,Credit Card,2025-01-14,2025-01-18,Cancelled,4
ORD-02550,Daniel Williams,daniel.williams612@example.com,Male,48,United Kingdom,Manchester,Electronics,Smart Watch,4,120,0.05,456.0,Mobile Money,2026-01-23,2026-01-29,Delivered,3
ORD-02551,Jane Kamau,jane.kamau712@example.com,Female,65,Rwanda,Butare,Beauty,Lipstick,5,16,0.25,60.0,PayPal,2025-11-20,2025-11-24,Shipped,4
ORD-02552,Mercy Mensah,mercy.mensah991@example.com,Male,21,Uganda,Entebbe,Fashion,Cotton T-Shirt,1,18,0.15,15.3,Credit Card,2026-06-18,2026-06-24,Delivered,1
ORD-02553,David Akinyi,david.akinyi471@example.com,Female,45,Rwanda,Butare,Fashion,Denim Jacket,2,62,0.1,111.6,Bank Transfer,2026-03-07,2026-03-15,Processing,1
ORD-02554,Victor Wanjiku,victor.wanjiku266@example.com,Female,45,Rwanda,Kigali,Fashion,Hoodie,3,42,0,126,Mobile Money,2025-03-03,2025-03-06,Processing,4
ORD-02555,Jane Kiptoo,jane.kiptoo208@example.com,Male,62,Rwanda,Kigali,Fashion,Running Shorts,1,28,0.25,21.0,PayPal,2025-07-31,2025-08-03,Returned,2
ORD-02556,David Akinyi,david.akinyi885@example.com,Female,39,Tanzania,Dar es Salaam,Home Appliances,Blender,2,58,0.1,104.4,Debit Card,2026-06-28,2026-07-01,Returned,4
ORD-02557,Michael Kamau,michael.kamau387@example.com,Female,25,South Africa,Cape Town,Home Appliances,Coffee Maker,3,85,0.05,242.25,Mobile Money,2025-06-14,2025-06-21,Processing,5
ORD-02558,Jane Smith,jane.smith286@example.com,Female,48,Ghana,Kumasi,Beauty,Face Cream,1,24,0.2,19.2,Credit Card,2025-07-09,2025-07-16,Returned,5
ORD-02559,David Williams,david.williams814@example.com,Male,63,South Africa,Johannesburg,Fashion,Denim Jacket,2,62,0.1,111.6,Bank Transfer,2025-08-17,2025-08-20,Delivered,5
ORD-02560,Grace Khan,grace.khan514@example.com,Female,41,Rwanda,Kigali,Home Appliances,Electric Kettle,2,35,0.1,63.0,Credit Card,2025-12-16,2025-12-22,Returned,3
ORD-02561,Mary Khan,mary.khan238@example.com,Female,40,Tanzania,Mwanza,Fashion,Sneakers,1,75,0,75,Debit Card,2025-08-19,2025-08-20,Returned,2
ORD-02562,John Mwangi,john.mwangi458@example.com,Female,55,United States,Chicago,Home Appliances,Coffee Maker,1,85,0.2,68.0,Mobile Money,2026-01-04,2026-01-12,Returned,1
ORD-02563,Jane Ochieng,jane.ochieng538@example.com,Male,44,Rwanda,Kigali,Electronics,Smartphone X12,1,699,0.25,524.25,PayPal,2026-07-07,2026-07-14,Cancelled,5
ORD-02564,James Patel,james.patel895@example.com,Male,52,South Africa,Durban,Beauty,Lipstick,1,16,0.25,12.0,Debit Card,2025-08-04,2025-08-05,Processing,5
ORD-02565,Kevin Kiptoo,kevin.kiptoo215@example.com,Female,22,Ghana,Tamale,Beauty,Lipstick,4,16,0.25,48.0,Cash on Delivery,2025-07-27,2025-07-31,Processing,1
ORD-02566,James Williams,james.williams15@example.com,Male,33,Nigeria,Port Harcourt,Fashion,Running Shorts,1,28,0.05,26.6,Credit Card,2026-02-19,2026-02-24,Returned,5
ORD-02567,David Kiptoo,david.kiptoo827@example.com,Female,33,Uganda,Jinja,Beauty,Hair Dryer,2,48,0.25,72.0,Credit Card,2025-08-16,2025-08-17,Delivered,2
ORD-02568,Aisha Williams,aisha.williams995@example.com,Female,27,Nigeria,Port Harcourt,Beauty,Perfume,3,70,0.15,178.5,Credit Card,2026-01-07,2026-01-13,Processing,3
ORD-02569,Brian Otieno,brian.otieno917@example.com,Female,54,United Kingdom,Birmingham,Home Appliances,Microwave Oven,2,180,0.15,306.0,Credit Card,2025-03-19,2025-03-21,Returned,5
ORD-02570,Mary Brown,mary.brown676@example.com,Male,68,Rwanda,Kigali,Electronics,USB-C Charger,3,22,0.15,56.1,PayPal,2025-07-07,2025-07-14,Cancelled,1
ORD-02571,James Patel,james.patel650@example.com,Male,57,Nigeria,Port Harcourt,Home Appliances,Vacuum Cleaner,2,145,0.05,275.5,PayPal,2026-01-24,2026-01-27,Delivered,3
ORD-02572,Linda Patel,linda.patel953@example.com,Male,32,Rwanda,Butare,Beauty,Body Lotion,2,19,0.1,34.2,Credit Card,2025-03-19,2025-03-26,Shipped,3
ORD-02573,Daniel Brown,daniel.brown261@example.com,Female,18,Uganda,Kampala,Fashion,Hoodie,2,42,0.1,75.6,Credit Card,2025-03-20,2025-03-22,Cancelled,5
ORD-02574,John Akinyi,john.akinyi655@example.com,Male,65,India,Bangalore,Electronics,Smartphone X12,1,699,0.25,524.25,Credit Card,2026-03-12,2026-03-19,Processing,4
ORD-02575,Daniel Njoroge,daniel.njoroge589@example.com,Female,66,South Africa,Cape Town,Fashion,Sneakers,2,75,0,150,Credit Card,2026-01-01,2026-01-06,Shipped,5
ORD-02576,Aisha Otieno,aisha.otieno6@example.com,Male,70,United Kingdom,Birmingham,Fashion,Cotton T-Shirt,3,18,0.2,43.2,Bank Transfer,2026-06-04,2026-06-06,Shipped,3
ORD-02577,Sarah Ochieng,sarah.ochieng124@example.com,Male,70,India,Bangalore,Fashion,Sneakers,3,75,0.15,191.25,PayPal,2026-03-04,2026-03-11,Delivered,2
ORD-02578,Mercy Kamau,mercy.kamau238@example.com,Female,56,Kenya,Nakuru,Fashion,Running Shorts,1,28,0.25,21.0,Bank Transfer,2025-09-02,2025-09-03,Shipped,2
ORD-02579,Faith Okafor,faith.okafor236@example.com,Female,50,Ghana,Takoradi,Home Appliances,Vacuum Cleaner,1,145,0.05,137.75,Bank Transfer,2025-10-30,2025-10-31,Shipped,4
ORD-02580,Daniel Otieno,daniel.otieno864@example.com,Female,64,Rwanda,Butare,Home Appliances,Electric Kettle,2,35,0.2,56.0,Debit Card,2026-06-22,2026-06-23,Delivered,2
ORD-02581,Brian Mensah,brian.mensah665@example.com,Female,20,Uganda,Kampala,Home Appliances,Vacuum Cleaner,1,145,0.05,137.75,PayPal,2025-01-21,2025-01-27,Returned,1
ORD-02582,Brian Khan,brian.khan217@example.com,Female,47,Nigeria,Ibadan,Electronics,Gaming Mouse,1,38,0.2,30.4,Cash on Delivery,2025-06-24,2025-06-26,Delivered,1
ORD-02583,Grace Brown,grace.brown74@example.com,Male,48,Uganda, Entebbe ,Beauty,Body Lotion,2,19,0.2,60.8,Bank Transfer,2026.05.12,2026.05.17,Delivered,4
ORD-02584,Samuel Ochieng,samuel.ochieng454@example.com,Male,26,South Africa,Pretoria,Home Appliances,Blender,2,58,0.15,98.6,Credit Card,2026-02-08,2026-02-15,Processing,5
ORD-02585,Sarah Ochieng,sarah.ochieng198@example.com,Male,45,United States,Houston,Electronics,Smartphone X12,1,699,0,699,Debit Card,2026-05-29,2026-06-01,Returned,3
ORD-02586,Jane Kamau,jane.kamau412@example.com,Male,19,India,Bangalore,Electronics,Bluetooth Speaker,1,65,0.05,61.75,Mobile Money,2026-02-10,2026-02-16,Processing,4
ORD-02587,Grace Kiptoo,grace.kiptoo202@example.com,Female,43,Rwanda,Butare,Home Appliances,Vacuum Cleaner,4,145,0.05,551.0,PayPal,2026-06-20,2026-06-22,Shipped,4
ORD-02588,Daniel Otieno,daniel.otieno625@example.com,Male,50,United Kingdom,London,Fashion,Cotton T-Shirt,1,18,0.15,15.3,Cash on Delivery,2025-08-14,2025-08-15,Processing,2
ORD-02589,Jane Wanjiku,jane.wanjiku186@example.com,Female,56,Tanzania,Dar es Salaam,Beauty,Face Cream,2,24,0.2,38.4,Credit Card,2025-08-31,2025-09-05,Delivered,5
ORD-02590,Linda Wanjiku,linda.wanjiku689@example.com,Female,59,India,CHENNAI,Home Appliances,Microwave Oven,5,180,0.1,810.0,Cash on Delivery,2026-04-20,2026-04-21,Returned,3
ORD-02591,Mary Smith,mary.smith206@example.com,Female,67,India,Chennai,Beauty,Perfume,2,70,0,140,Debit Card,2025-01-22,2025-01-28,Cancelled,4
ORD-02592,Lucy Williams,lucy.williams113@example.com,Female,63,India,Mumbai,Electronics,Smart Watch,3,120,0,360,Bank Transfer,2025-11-18,2025-11-25,Processing,5
ORD-02593,James Njoroge,james.njoroge678@example.com,Male,47,Kenya,Nakuru,Fashion,Sneakers,4,75,0.2,240.0,PayPal,2026-03-11,2026-03-13,Returned,4
ORD-02594,Mary Mwangi,mary.mwangi551@example.com,Female,39,South Africa,Pretoria,Fashion,Cotton T-Shirt,3,18,0,54,Credit Card,2026-07-24,2026-07-31,Shipped,4
ORD-02595,Grace Otieno,grace.otieno870@example.com,Female,49,United States,Chicago,Electronics,Smart Watch,5,120,0.2,480.0,Bank Transfer,2025-06-18,2025-06-23,Returned,5
ORD-02596,Sarah Williams,sarah.williams343@example.com,Male,41,Rwanda,Kigali,Home Appliances,Air Fryer,2,110,0.1,198.0,Bank Transfer,2026-04-22,2026-04-26,Processing,1
ORD-02597,Samuel Njoroge,samuel.njoroge23@example.com,Male,49,Rwanda,Kigali,Electronics,Smart Watch,1,120,0.2,96.0,Cash on Delivery,2026-03-22,2026-03-27,Delivered,3
ORD-02598,Mary Williams,mary.williams456@example.com,Female,41,Uganda,Kampala,Electronics,Wireless Headphones,3,45,0.1,121.5,Credit Card,2025-02-16,2025-02-19,Delivered,2
ORD-02599,Esther Okafor,esther.okafor759@example.com,Male,28,Uganda,Kampala,Beauty,Body Lotion,2,19,0.2,30.4,PayPal,2026-07-30,2026-08-05,Shipped,5
ORD-02600,Mercy Otieno,mercy.otieno918@example.com,Male,41,South Africa,Durban,Home Appliances,Vacuum Cleaner,2,145,0.2,232.0,Mobile Money,2026-05-07,2026-05-11,Cancelled,4
ORD-02601,Michael Patel,michael.patel574@example.com,Male,62,Tanzania,Arusha,Beauty,Makeup Kit,4,52,0.2,166.4,Bank Transfer,2026-05-11,2026-05-13,Processing,1
,@@None!!,user#mail.com,,-5,,,,,2,€85.00,0%,34.0,Pay Pal,04/05/2025,10/05/2025,,6
ORD-02603,@@Michaael Kamau!!,user#mail.com,female,999,united states, Los Angeles ,Home Appliances,Electric Kettle,2 units,KSh 35,0,14.0,M-Pesa,04-16-2025,04-24-2025,processing,0
ORD-02604,Victor Kamau,victor.kamau327@example.com,Female,50,Uganda,Kampala,Electronics,USB-C Charger,2,22,0.05,41.8,Debit Card,2026-03-08,2026-03-13,Processing,4
ORD-02605,Mary Smith,mary.smith210@example.com,Male,45,Uganda,ENTEBBE,Beauty,Body Lotion,1,KSh 19,25%,2.85,Bank Transfer,05/02/2026,07/02/2026,Processing,3
ORD-02606,Lucy Smith,lucy.smith5@example.com,Male,38,Rwanda,Butare,Beauty,Lipstick,1,16,0.1,14.4,Bank Transfer,2025-07-03,2025-07-08,Delivered,2
ORD-02607,James Brown,james.brown445@example.com,Female,22,Rwanda,Butare,Fashion,Cotton T-Shirt,1,18,0.05,17.1,Cash on Delivery,2026-07-18,2026-07-19,Delivered,3
ORD-02608,Faith Kiptoo,faith.kiptoo795@example.com,Female,69,United Kingdom,London,Home Appliances,Microwave Oven,1,180,0,180,PayPal,2026-07-26,2026-08-02,Processing,3
ORD-02609,John Brown,john.brown357@example.com,Female,60,Ghana,Takoradi,Electronics,Bluetooth Speaker,1,65,0.15,55.25,Debit Card,2026-05-25,2026-05-26,Returned,3
ORD-02610,Lucy Kamau,lucy.kamau130@example.com,Male,67,Kenya,Eldoret,Beauty,Body Lotion,2,19,0.1,34.2,Debit Card,2025-12-18,2025-12-25,Processing,5
ORD-02611,Mary Kiptoo,mary.kiptoo664@example.com,Female,29,India,Delhi,Beauty,Perfume,1,70,0,70,Credit Card,2025-12-21,2025-12-23,Cancelled,3
ORD-02612,Linda Khan,linda.khan534@example.com,Female,34,India,Chennai,Home Appliances,Air Fryer,3,110,0.05,313.5,Debit Card,2025-08-12,2025-08-14,Cancelled,4
ORD-02613,David Mensah,david.mensah505@example.com,Male,45,Uganda,Entebbe,Home Appliances,Vacuum Cleaner,2,145,0.25,217.5,Mobile Money,2025-04-25,2025-04-29,Delivered,3
ORD-02614,Peter Wanjiku,peter.wanjiku155@example.com,Male,69,Rwanda,Kigali,Home Appliances,Electric Kettle,4,35,0.15,119.0,Mobile Money,2025-05-11,2025-05-16,Delivered,4
ORD-02615,Grace Otieno,grace.otieno597@example.com,Female,64,United Kingdom,London,Electronics,Wireless Headphones,1,45,0.25,33.75,Cash on Delivery,2025-03-16,2025-03-21,Returned,1
ORD-02616,Grace Williams,grace.williams140@example.com,Male,43,Uganda,Kampala,Beauty,Hair Dryer,2,48,0.25,72.0,Bank Transfer,2026-05-15,2026-05-19,Delivered,1
ORD-02617,Mary Okafor,mary.okafor124@example.com,Male,35,Kenya,Kisumu,Electronics,Bluetooth Speaker,3,65,0.2,156.0,Bank Transfer,2025-07-17,2025-07-21,Delivered,3
ORD-02618,Peter Kiptoo,peter.kiptoo972@example.com,MALE,63,KENYA,Eldoret,Electronics,Laptop Pro 14,2,1150,0,2300,CASH ON DELIVERY,2025-12-16,2025-12-23,returned,4
ORD-02619,Brian Okafor,brian.okafor118@example.com,Female,27,Ghana,Tamale,Beauty,Lipstick,3,16,0.1,43.2,Debit Card,2026-08-03,2026-08-07,Delivered,4
ORD-02620,Peter Mensah,peter.mensah77@example.com,Female,29,Uganda,Jinja,Home Appliances,Vacuum Cleaner,4,145,0.25,435.0,Debit Card,2025-01-05,2025-01-08,Shipped,1
ORD-02621,Jane Njoroge,jane.njoroge733@example.com,Female,25,Uganda,Jinja,Beauty,Hair Dryer,1,48,0.25,36.0,Cash on Delivery,2026-02-05,2026-02-11,Delivered,4
ORD-02622,Victor Smith,victor.smith772@example.com,Female,43,Uganda,Jinja,Home Appliances,Air Fryer,1,110,0.2,88.0,PayPal,2025-04-13,2025-04-20,Delivered,3
ORD-02623,John Njoroge,john.njoroge152@example.com,Female,35,Ghana,Tamale,Fashion,Denim Jacket,3,62,0.05,176.7,Debit Card,2026-01-30,2026-02-04,Cancelled,1
ORD-02624,Samuel Kamau,samuel.kamau517@example.com,Male,65,South Africa,Durban,Home Appliances,Microwave Oven,1,180,0.2,144.0,Debit Card,2025-11-27,2025-12-01,Processing,5
ORD-02625,Brian Smith,brian.smith655@example.com,Female,48,Kenya,Eldoret,Fashion,Cotton T-Shirt,1,18,0.1,16.2,Debit Card,2026-08-02,2026-08-04,Delivered,5
ORD-02626,Mercy Kiptoo,mercy.kiptoo830@example.com,Female,27,Rwanda,Butare,Beauty,Body Lotion,1,19,0.1,17.1,Debit Card,2026-03-23,2026-03-26,Cancelled,2
ORD-02627,Grace Okafor,grace.okafor211@example.com,Female,57,Nigeria,Abuja,Beauty,Hair Dryer,1,48,0.1,43.2,Cash on Delivery,2025-12-14,2025-12-22,Delivered,4
ORD-02628,John Kiptoo,john.kiptoo134@example.com,Female,54,Ghana,Accra,Electronics,Gaming Mouse,2,38,0,76,Bank Transfer,2026-01-07,2026-01-08,Cancelled,2
ORD-02629,Kevin Mwangi,kevin.mwangi98@example.com,Female,59,India,Bangalore,Home Appliances,Microwave Oven,1,180,0.1,162.0,Bank Transfer,2025-09-10,2025-09-12,Shipped,1
ORD-02630,Victor Smith,victor.smith52@example.com,Female,45,South Africa,Johannesburg,Beauty,Makeup Kit,3,52,0.15,132.6,Mobile Money,2026-05-14,2026-05-19,Shipped,4
ORD-02631,James Mwangi,james.mwangi253@example.com,Female,65,Nigeria,Lagos,Electronics,Bluetooth Speaker,1,65,0.05,61.75,Credit Card,2026-07-26,2026-07-29,Delivered,4
ORD-02632,Faith Wanjiku,faith.wanjiku888@example.com,Female,65,United States,Los Angeles,Beauty,Body Lotion,3,19,0.25,42.75,Debit Card,2025-05-26,2025-05-29,Returned,3
ORD-02633,Linda Njoroge,linda.njoroge789@example.com,Female,29,India,Delhi,Fashion,Cotton T-Shirt,1,18,0.15,15.3,Mobile Money,2026-04-13,2026-04-18,Processing,3
ORD-02634,James Mwangi,james.mwangi443@example.com,Male,20,Nigeria,Kano,Home Appliances,Electric Kettle,1,35,0.1,31.5,Debit Card,2026-01-23,2026-01-27,Returned,5
ORD-02635,Lucy Njoroge,lucy.njoroge340@example.com,Male,62,United Kingdom,Manchester,Home Appliances,Electric Kettle,3,35,0,105,Mobile Money,2026-01-13,2026-01-18,Delivered,4
ORD-02636,Mary Otieno,mary.otieno997@example.com,Female,38,India,Delhi,Fashion,Hoodie,1,42,0.05,39.9,Mobile Money,2026-02-22,2026-02-24,Cancelled,4
ORD-02637,David Okafor,david.okafor780@example.com,Female,54,Uganda,Entebbe,Beauty,Makeup Kit,2,52,0.25,78.0,Credit Card,2025-08-09,2025-08-16,Shipped,5
ORD-02638,Brian Brown,brian.brown996@example.com,Male,22,Tanzania,Mwanza,Home Appliances,Coffee Maker,1,85,0.2,68.0,Mobile Money,2026-07-28,2026-08-03,Shipped,5
ORD-02639,Kevin Njoroge,kevin.njoroge500@example.com,Female,54,Tanzania,Mwanza,Electronics,Wireless Headphones,2,45,0.15,76.5,Debit Card,2025-05-21,2025-05-28,Returned,5
ORD-02640,Mercy Khan,mercy.khan506@example.com,Female,61,India,Chennai,Home Appliances,Blender,3,58,0.2,139.2,Mobile Money,2026-08-07,2026-08-09,Returned,5
ORD-02641,Grace Ochieng,grace.ochieng808@example.com,Male,19,Ghana,Kumasi,Electronics,Wireless Headphones,2,45,0.25,67.5,Mobile Money,2025-09-19,2025-09-22,Cancelled,5
ORD-02642,Victor Akinyi,victor.akinyi111@example.com,Male,34,Rwanda,Kigali,Home Appliances,Air Fryer,1,110,0.1,99.0,Credit Card,2026-08-02,2026-08-09,Delivered,4
ORD-02643,Linda Khan,linda.khan188@example.com,Male,35,Kenya,Nairobi,Home Appliances,Coffee Maker,5,85,0.2,340.0,Bank Transfer,2025-06-28,2025-07-06,Processing,4
ORD-02644,Mercy Mwangi,mercy.mwangi836@example.com,Male,51,India,Chennai,Beauty,Hair Dryer,2,48,0.05,91.2,Mobile Money,2025-02-15,2025-02-21,Delivered,1
ORD-02645,Kevin Williams,kevin.williams966@example.com,Female,33,Ghana,Tamale,Electronics,Smartphone X12,2,699,0.1,1258.2,PayPal,2025-08-26,2025-09-02,Cancelled,4
ORD-02646,Samuel Williams,samuel.williams853@example.com,Female,67,United States,Los Angeles,Fashion,Cotton T-Shirt,4,18,0.05,68.4,Credit Card,2026-06-29,2026-07-07,Shipped,3
ORD-02647,Linda Khan,linda.khan489@example.com,Male,22,Kenya,Kisumu,Beauty,Body Lotion,1,19,0,19,Mobile Money,2026-06-07,2026-06-08,Delivered,4
ORD-02648,Esther Mensah,esther.mensah782@example.com,Female,49,India,Mumbai,Beauty,Hair Dryer,25,48,0.15,1020.0,Bank Transfer,2026-05-01,2026-05-04,Delivered,4
ORD-02649,Faith Williams,faith.williams753@example.com,Male,21,Ghana,Tamale,Fashion,Cotton T-Shirt,1,18,0.2,14.4,Debit Card,2025-06-07,2025-06-13,Cancelled,4
ORD-02650,Samuel Njoroge,samuel.njoroge212@example.com,Male,38,India,Bangalore,Fashion,Cotton T-Shirt,1,18,0.15,15.3,Credit Card,2026-05-01,2026-05-03,Cancelled,5
ORD-02651,Esther Brown,esther.brown695@example.com,Male,22,South Africa,Durban,Beauty,Lipstick,1,16,0.25,12.0,Cash on Delivery,2026-01-23,2026-01-25,Returned,3
ORD-02652,Michael Akinyi,michael.akinyi404@example.com,Female,62,Rwanda,Kigali,Electronics,Gaming Mouse,2,38,0.05,72.2,Credit Card,2025-09-19,2025-09-23,Returned,5
ORD-02653,Mary Smith,mary.smith404@example.com,Female,30,India,Bangalore,Beauty,Lipstick,1,16,0,16,Credit Card,2025-05-29,2025-05-31,Processing,4
ORD-02654,Mary Patel,mary.patel308@example.com,Male,50,Rwanda,Butare,Electronics,USB-C Charger,2,22,0.25,33.0,Bank Transfer,2025-04-03,2025-04-07,Processing,5
ORD-02655,Linda Khan,linda.khan644@example.com,Female,28,South Africa,Pretoria,Fashion,Hoodie,1,42,0.05,39.9,Mobile Money,2026-08-18,2026-08-25,Cancelled,4
ORD-02656,Mary Njoroge,mary.njoroge92@example.com,Female,29,Tanzania,Arusha,Home Appliances,Vacuum Cleaner,2,145,0.25,217.5,Bank Transfer,2025-04-09,2025-04-15,Returned,3
ORD-02657,Kevin Williams,kevin.williams713@example.com,Male,70,United States,New York,Electronics,Laptop Pro 14,1,1150,0.05,1092.5,Cash on Delivery,2025-08-06,2025-08-09,Returned,4
ORD-02658,Sarah Patel,sarah.patel549@example.com,Male,36,Uganda,Entebbe,Electronics,Smartphone X12,1,699,0.15,594.15,Credit Card,2026-01-04,2026-01-12,Shipped,4
ORD-02659,Jane Kamau,jane.kamau740@example.com,Female,55,Nigeria,Kano,Home Appliances,Electric Kettle,2,35,0.25,52.5,Mobile Money,2026-02-28,2026-03-02,Processing,4
ORD-02660,Brian Brown,brian.brown560@example.com,Female,38,India,Delhi,Fashion,Denim Jacket,2,62,0.1,111.6,Credit Card,2025-01-27,2025-02-03,Shipped,2
ORD-02661,Jane Otieno,jane.otieno557@example.com,Female,46,United Kingdom,Birmingham,Fashion,Hoodie,4,42,0.05,159.6,Debit Card,2025-04-17,2025-04-23,Processing,5
ORD-02662,James Smith,james.smith318@example.com,Female,65,India,Chennai,Home Appliances,Microwave Oven,5,180,0.15,765.0,Bank Transfer,2025-09-30,2025-10-07,Processing,3
ORD-02663,Sarah Akinyi,sarah.akinyi744@example.com,Male,61,United States,Chicago,Fashion,Sneakers,3,75,0,225,Mobile Money,2026-06-23,2026-06-24,Processing,5
ORD-02664,Grace Smith,grace.smith13@example.com,Male,38,Uganda,Entebbe,Electronics,Laptop Pro 14,2,1150,0.2,1840.0,Bank Transfer,2025-04-22,2025-04-23,Returned,5
ORD-02665,David Mensah,david.mensah218@example.com,Female,46,Rwanda,Butare,Beauty,Hair Dryer,1,48,0.15,40.8,Mobile Money,2026-01-21,2026-01-25,Processing,4
ORD-02666,Michael Mwangi,michael.mwangi762@example.com,Female,54,Tanzania,Dar es Salaam,Fashion,Denim Jacket,1,62,0.15,52.7,Cash on Delivery,2025-08-23,2025-08-27,Shipped,4
ORD-02667,John Otieno,john.otieno224@example.com,Female,49,Rwanda,Kigali,Electronics,Smart Watch,4,120,0.1,432.0,PayPal,2025-07-31,2025-08-08,Processing,2
ORD-02668,John Mwangi,john.mwangi485@example.com,Female,26,Ghana,Accra,Home Appliances,Air Fryer,1,110,0.25,82.5,Bank Transfer,2025-01-28,2025-02-05,Returned,4
ORD-02669,Michael Wanjiku,michael.wanjiku994@example.com,Female,44,India,Mumbai,Home Appliances,Blender,5,58,0.15,246.5,Credit Card,2025-01-17,2025-01-23,Returned,5
ORD-02670,Jane Wanjiku,jane.wanjiku629@example.com,Female,46,United States,Houston,Beauty,Makeup Kit,1,52,0.15,44.2,PayPal,2026-06-21,2026-06-29,Returned,4
ORD-02671,Mercy Okafor,mercy.okafor260@example.com,Female,34,Tanzania,Mwanza,Home Appliances,Microwave Oven,1,180,0,180,Debit Card,2026-02-04,2026-02-06,Returned,4
ORD-02672,Faith Njoroge,faith.njoroge656@example.com,Male,28,Tanzania,Arusha,Home Appliances,Microwave Oven,2,180,0.1,324.0,PayPal,2025-05-26,2025-05-30,Returned,5
ORD-02673,David Khan,david.khan562@example.com,Female,66,Tanzania,Arusha,Electronics,Gaming Mouse,3,38,0.2,91.2,Cash on Delivery,2025-12-07,2025-12-13,Returned,4
ORD-02674,Mary Akinyi,mary.akinyi604@example.com,Female,18,South Africa,Cape Town,Fashion,Hoodie,1,42,0,42,Credit Card,2025-10-21,2025-10-27,Cancelled,5
ORD-02675,Victor Kamau,victor.kamau586@example.com,Female,32,Tanzania,Mwanza,Home Appliances,Blender,1,58,0.25,43.5,Mobile Money,2025-11-07,2025-11-10,Shipped,3
ORD-02676,Mary Williams,mary.williams782@example.com,Female,44,United States,New York,Fashion,Denim Jacket,2,62,0.05,117.8,Debit Card,2025-08-31,2025-09-04,Processing,3
ORD-02677,James Otieno,james.otieno748@example.com,Male,63,United States,Houston,Electronics,Smart Watch,1,120,0.05,114.0,Mobile Money,2026-02-18,2026-02-19,Returned,5
ORD-02678,Brian Williams,brian.williams719@example.com,Female,68,Tanzania,Mwanza,Beauty,Body Lotion,2,19,0.2,30.4,Mobile Money,2025-07-14,2025-07-22,Shipped,4
ORD-02679,Faith Patel,faith.patel448@example.com,Female,42,United States,Los Angeles,Fashion,Hoodie,2,42,0.2,67.2,Cash on Delivery,2025-01-28,2025-02-05,Cancelled,5
ORD-02680,Lucy Mwangi,lucy.mwangi373@example.com,Male,60,Tanzania,Arusha,Electronics,Gaming Mouse,4,38,0,152,Mobile Money,2026-03-31,2026-04-03,Shipped,5
ORD-02681,Aisha Brown,aisha.brown973@example.com,Female,27,Kenya,Nairobi,Electronics,USB-C Charger,2,22,0.25,33.0,Cash on Delivery,2025-12-31,2026-01-03,Shipped,4
ORD-02682,David Brown,david.brown360@example.com,Female,45,Rwanda,Kigali,Electronics,Bluetooth Speaker,2,65,0.25,97.5,Mobile Money,2025-05-04,2025-05-06,Processing,4
ORD-02683,Peter Okafor,peter.okafor93@example.com,Female,63,United Kingdom,Birmingham,Beauty,Perfume,1,70,0.25,52.5,Mobile Money,2025-02-05,2025-02-10,Processing,1
ORD-02684,Mercy Smith,mercy.smith489@example.com,Female,27,South Africa,JOHANNESBURG,HOME APPLIANCES,Electric Kettle,3,KSh 35,0.10,18.9,Cash on Delivery,19/06/2026,23/06/2026,Processing,4
ORD-02685,Aisha Njoroge,aisha.njoroge886@example.com,Female,51,Tanzania,Arusha,Fashion,Hoodie,1,42,0,42,Cash on Delivery,2025-08-18,2025-08-26,Shipped,5
ORD-02686,Linda Wanjiku,linda.wanjiku3@example.com,Male,45,India,Delhi,Home Appliances,Air Fryer,1,110,0,110,Cash on Delivery,2026-08-03,2026-08-04,Processing,4
ORD-02687,Esther Williams,esther.williams956@example.com,Male,66,Kenya,Nakuru,Home Appliances,Coffee Maker,4,85,0.05,323.0,Debit Card,2026-03-10,2026-03-18,Returned,2
ORD-02688,Linda Akinyi,linda.akinyi957@example.com,Female,40,Tanzania,Mwanza,Beauty,Face Cream,4,24,0.15,81.6,PayPal,2026-04-05,2026-04-09,Processing,5
ORD-02689,Jane Ochieng,jane.ochieng301@example.com,Male,20,Kenya,Kisumu,Beauty,Lipstick,4,16,0.05,60.8,Bank Transfer,2025-12-03,2025-12-05,Returned,1
ORD-02690,James Mwangi,james.mwangi775@example.com,Female,41,Tanzania,Mwanza,Beauty,Perfume,1,70,0.15,59.5,Credit Card,2025-06-02,2025-06-03,Shipped,5
ORD-02691,Lucy Mensah,lucy.mensah251@example.com,Female,25,Nigeria,Lagos,Home Appliances,Air Fryer,1,110,0.15,93.5,Bank Transfer,2026-01-24,2026-01-25,Delivered,5
ORD-02692,Esther Kamau,esther.kamau237@example.com,Female,59,Nigeria,Lagos,Home Appliances,Coffee Maker,1,85,0.15,72.25,Bank Transfer,2025-01-18,2025-01-23,Processing,4
ORD-02693,Sarah Mensah,sarah.mensah142@example.com,Female,26,Kenya,Kisumu,Home Appliances,Vacuum Cleaner,1,145,0.25,108.75,Cash on Delivery,2025-01-24,2025-01-31,Returned,4
ORD-02694,Jane Brown,jane.brown713@example.com,Male,59,Rwanda,Butare,Home Appliances,Vacuum Cleaner,1,145,0.15,123.25,Cash on Delivery,2025-08-19,2025-08-26,Shipped,2
ORD-02695,Grace Njoroge,grace.njoroge40@example.com,Male,51,United States,Chicago,Fashion,Cotton T-Shirt,1,18,0.2,14.4,PayPal,2025-08-30,2025-09-05,Shipped,1
ORD-02696,Maary Williams,mary.williams42@example.com,Male,999,India, Chennai ,Beauty,Makeup Kit,1,52,0.20,83.2,Mpesa,24/09/2025,30/09/2025,returned,5 stars
ORD-02697,Sarah Kamau,sarah.kamau229@example.com,Male,19,United States,New York,Electronics,USB-C Charger,5,22,0.2,88.0,Cash on Delivery,2026-07-13,2026-07-18,Delivered,4
ORD-02698,Peter Mwangi,peter.mwangi950@example.com,Female,44,United Kingdom,London,Home Appliances,Air Fryer,1,110,0.1,99.0,Debit Card,2025-06-07,2025-06-13,Delivered,4
ORD-02699,Victor Okafor,victor.okafor464@example.com,Male,43,Tanzania,Dar es Salaam,Beauty,Face Cream,1,24,0.15,20.4,Bank Transfer,2025-06-15,2025-06-21,Returned,4
ORD-02700,Victor Smith,victor.smith518@example.com,Female,57,United States,Houston,Home Appliances,Air Fryer,2,110,0.25,165.0,Bank Transfer,2025-05-03,2025-05-11,Shipped,2
ORD-02701,Aisha Kiptoo,aisha.kiptoo961@example.com,Male,70,Tanzania,Arusha,Electronics,USB-C Charger,1,22,0.1,19.8,Credit Card,2025-09-29,2025-10-04,Cancelled,4
ORD-02702,Lucy Akinyi,lucy.akinyi699@example.com,Male,60,Uganda,Entebbe,Electronics,Bluetooth Speaker,1,65,0.1,58.5,PayPal,2026-03-01,2026-03-06,Processing,5
ORD-02703,Mary Mwangi,mary.mwangi610@example.com,Female,50,India,Mumbai,Fashion,Running Shorts,3,28,0.2,67.2,Cash on Delivery,2026-03-15,2026-03-18,Shipped,1
ORD-02704,Aisha Mwangi,aisha.mwangi921@example.com,Female,29,South Africa,Pretoria,Fashion,Hoodie,1,42,0.1,37.8,Mobile Money,2026-03-03,2026-03-04,Processing,5
ORD-02705,John Williams,john.williams175@example.com,Male,45,Nigeria,Ibadan,Beauty,Hair Dryer,3,48,0.1,129.6,PayPal,2025-07-14,2025-07-20,Shipped,2
ORD-02706,Brian Patel,brian.patel91@example.com,Female,31,Tanzania,Arusha,Electronics,Smart Watch,1,120,0.15,102.0,Credit Card,2025-05-06,2025-05-12,Delivered,3
ORD-02707,Linda Akinyi,linda.akinyi7@example.com,Female,41,Tanzania,Arusha,Fashion,Running Shorts,1,28,0.05,26.6,PayPal,2026-07-09,2026-07-10,Returned,5
ORD-02708,Kevin Wanjiku,kevin.wanjiku315@example.com,Male,20,Kenya,Nakuru,Fashion,Handbag,1,55,0.15,46.75,Credit Card,2025-08-05,2025-08-13,Shipped,5
ORD-02709,Brian Njoroge,brian.njoroge458@example.com,Female,64,United States,Chicago,Beauty,Perfume,1,70,0.15,59.5,Cash on Delivery,2026-03-26,2026-03-31,Processing,4
ORD-02710,Michael Williams,michael.williams302@example.com,Male,55,United Kingdom,London,Home Appliances,Microwave Oven,2,180,0.15,306.0,Cash on Delivery,2026-08-12,2026-08-17,Returned,3
ORD-02711,Aisha Patel,aisha.patel850@example.com,Female,64,Nigeria,Abuja,Beauty,Lipstick,1,16,0.15,13.6,Cash on Delivery,2026-02-23,2026-02-28,Delivered,5
ORD-02712,James Wanjiku,james.wanjiku782@example.com,Male,29,Tanzania,Dar es Salaam,Beauty,Makeup Kit,1,52,0.15,44.2,Credit Card,2025-07-15,2025-07-17,Shipped,4
ORD-02713,Kevin Okafor,kevin.okafor697@example.com,Male,52,United States,Los Angeles,Electronics,Bluetooth Speaker,1,65,0,65,Bank Transfer,2025-07-13,2025-07-17,Processing,1
ORD-02714,Sarah Patel,sarah.patel12@example.com,Male,28,Nigeria,Kano,Electronics,Wireless Headphones,1,45,0.1,40.5,Credit Card,2026-03-10,2026-03-13,Delivered,5
ORD-02715,Faith Mensah,faith.mensah496@example.com,Male,52,South Africa,Durban,Fashion,Sneakers,1,75,0.1,67.5,PayPal,2026-01-04,2026-01-12,Delivered,2
ORD-02716,John Okafor,john.okafor431@example.com,male,29,India,Mumbai,electronics,Laptop Pro 14,1,1150,0.15,977.5,PayPal,2026-01-25,2026-01-31,Cancelled,1
ORD-02717,Brian Patel,brian.patel982@example.com,Male,45,Ghana,Tamale,Electronics,Laptop Pro 14,3,1150,0.25,2587.5,Mobile Money,2025-09-08,2025-09-14,Shipped,1
ORD-02718,Mercy Khan,mercy.khan596@example.com,Male,49,United Kingdom,Manchester,Electronics,Wireless Headphones,1,45,0.15,38.25,Cash on Delivery,2026-02-09,2026-02-12,Returned,5
ORD-02719,James Kiptoo,james.kiptoo429@example.com,Male,41,India,Chennai,Home Appliances,Electric Kettle,3,35,0.15,89.25,Cash on Delivery,2026-07-01,2026-07-05,Delivered,4
,Faaith Njoroge,user#mail.com,Female,-5,United Kingdom, BIRMINGHAM ,Fashion,Sneakers,1 units,$75.00,0.15,82.88,Bank transfer,03-26-2025,03-31-2025,Returned,0
ORD-02721,James Mensah,james.mensah176@example.com,Male,22,United Kingdom,Manchester,Beauty,Body Lotion,2,19,0.2,30.4,Cash on Delivery,2025-06-22,2025-06-30,Delivered,2
ORD-02722,Aisha Williams,aisha.williams336@example.com,Male,34,Ghana,Kumasi,Fashion,Denim Jacket,1,62,0.15,52.7,Bank Transfer,2025-04-25,2025-04-30,Shipped,5
ORD-02723,James Okafor,james.okafor412@example.com,Female,68,Uganda,Entebbe,Home Appliances,Blender,1,58,0,58,Cash on Delivery,2026-01-05,2026-01-10,Delivered,4
ORD-02724,Mercy Patel,mercy.patel536@example.com,Female,33,India,Delhi,Home Appliances,Microwave Oven,1,180,0.15,153.0,Bank Transfer,2025-12-25,2025-12-31,Processing,5
ORD-02725,John Patel,john.patel760@example.com,Female,49,Uganda,Entebbe,Fashion,Hoodie,2,42,0,84,Debit Card,2025-02-02,2025-02-03,Delivered,5
ORD-02726,Victor Brown,victor.brown513@example.com,Female,18,Ghana,Accra,Electronics,Gaming Mouse,1,38,0.1,34.2,Credit Card,2025-07-17,2025-07-21,Processing,2
ORD-02727,Lucy Kiptoo,lucy.kiptoo32@example.com,Male,23,India,Chennai,Home Appliances,Air Fryer,1,110,0,110,Credit Card,2025-08-02,2025-08-08,Cancelled,2
ORD-02728,Samuel Brown,samuel.brown283@example.com,Female,26,Ghana,Takoradi,Electronics,Laptop Pro 14,2,1150,0,2300,Credit Card,2026-02-13,2026-02-17,Cancelled,2
ORD-02729,Linda Kamau,linda.kamau708@example.com,Male,46,Kenya,Eldoret,Fashion,Denim Jacket,1,62,0,62,Mobile Money,2026-08-20,2026-08-25,Processing,3
ORD-02730,John Ochieng,john.ochieng862@example.com,Female,66,Nigeria,Kano,Home Appliances,Air Fryer,2,110,0.2,176.0,Debit Card,2026-02-27,2026-03-07,Processing,4
ORD-02731,Esther Wanjiku,esther.wanjiku371@example.com,Female,29,Rwanda,Kigali,Home Appliances,Vacuum Cleaner,1,145,0.15,123.25,Credit Card,2025-04-23,2025-04-27,Shipped,5
ORD-02732,Peter Brown,peter.brown434@example.com,Male,19,United Kingdom,Manchester,Beauty,Face Cream,1,24,0.15,20.4,PayPal,2025-10-29,2025-11-01,Cancelled,2
ORD-02733,David Njoroge,david.njoroge346@example.com,Male,30,Uganda,Kampala,Home Appliances,Vacuum Cleaner,1,145,0.15,123.25,Bank Transfer,2025-05-12,2025-05-20,Returned,4
ORD-02734,James Njoroge,james.njoroge967@example.com,Male,51,United States,Houston,Fashion,Handbag,10,55,0.1,495.0,Mobile Money,2026-02-15,2026-02-19,Delivered,1
ORD-02735,Grace Otieno,grace.otieno300@example.com,Female,62,Nigeria,Lagos,Electronics,Bluetooth Speaker,1,65,0.1,58.5,Mobile Money,2026-01-09,2026-01-14,Shipped,4
ORD-02736,Daniel Kamau,daniel.kamau588@example.com,Female,18,South Africa,Pretoria,Electronics,Laptop Pro 14,2,1150,0.25,1725.0,PayPal,2026-02-16,2026-02-22,Delivered,3
ORD-02737,David Khan,david.khan505@example.com,Male,43,United States,New York,Fashion,Cotton T-Shirt,1,18,0,18,Credit Card,2026-04-18,2026-04-19,Shipped,4
ORD-02738,Sarah Wanjiku,sarah.wanjiku878@example.com,Male,23,Kenya,Nairobi,Electronics,Laptop Pro 14,1,1150,0.05,1092.5,Debit Card,2026-04-11,2026-04-14,Processing,1
ORD-02739,Victor Kamau,victor.kamau682@example.com,Female,67,Rwanda,Butare,Beauty,Hair Dryer,1,48,0,48,Mobile Money,2025-10-25,2025-10-28,Delivered,4
ORD-02740,Kevin Mwangi,kevin.mwangi781@example.com,Male,62,United States,Chicago,Home Appliances,Air Fryer,1,110,0.1,99.0,Credit Card,2025-11-07,2025-11-09,Processing,4
ORD-02741,Brian Mwangi,brian.mwangi932@example.com,Male,66,United States,Houston,Home Appliances,Coffee Maker,1,85,0.15,72.25,Credit Card,2025-05-10,2025-05-14,Cancelled,4
ORD-02742,Daniel Kiptoo,daniel.kiptoo57@example.com,Female,32,Uganda,Kampala,Electronics,Gaming Mouse,1,38,0.2,30.4,Debit Card,2025-04-11,2025-04-17,Shipped,5
ORD-02743,Lucy Kiptoo,lucy.kiptoo264@example.com,Male,38,Rwanda,Butare,Home Appliances,Electric Kettle,1,35,0.15,29.75,PayPal,2025-08-28,2025-08-30,Returned,4
ORD-02744,Grace Kamau,grace.kamau708@example.com,Female,31,Kenya,Nakuru,Electronics,Gaming Mouse,1,38,0.1,34.2,Bank Transfer,2025-04-17,2025-04-21,Processing,5
ORD-02745,Mary Smith,mary.smith496@example.com,Female,52,South Africa,Johannesburg,Electronics,USB-C Charger,2,22,0.25,33.0,Bank Transfer,2026-08-14,2026-08-20,Cancelled,4
ORD-02746,Peter Smith,peter.smith880@example.com,Female,35,United Kingdom,Birmingham,Fashion,Sneakers,1,75,0.25,56.25,Mobile Money,2026-05-16,2026-05-21,Shipped,4
ORD-02747,Linda Ochieng,linda.ochieng97@example.com,Female,60,South Africa,Durban,Beauty,Perfume,1,70,0.2,56.0,PayPal,2026-05-30,2026-06-05,Shipped,2
ORD-02748,Kevin Njoroge,kevin.njoroge19@example.com,Male,23,United States,Houston,Electronics,Bluetooth Speaker,10,65,0.2,520.0,Mobile Money,2026-06-15,2026-06-21,Returned,5
ORD-02749,Victor Ochieng,victor.ochieng336@example.com,Female,64,United States,Houston,Electronics,Laptop Pro 14,2,1150,0.05,2185.0,Cash on Delivery,2025-02-03,2025-02-09,Shipped,4
ORD-02750,James Ochieng,james.ochieng407@example.com,Male,31,United Kingdom,Manchester,Beauty,Makeup Kit,1,52,0.15,44.2,Bank Transfer,2025-10-22,2025-10-24,Delivered,4
ORD-02751,Samuel Otieno,samuel.otieno758@example.com,Male,49,Tanzania,Arusha,Electronics,Gaming Mouse,2,38,0.25,57.0,Cash on Delivery,2026-06-07,2026-06-08,Shipped,4
ORD-02752,Mercy Otieno,mercy.otieno900@example.com,Male,53,Nigeria,Abuja,Electronics,USB-C Charger,4,22,0.1,79.2,Credit Card,2025-06-14,2025-06-18,Shipped,2
ORD-02753,Kevin Okafor,kevin.okafor872@example.com,Female,40,United States,Los Angeles,Fashion,Cotton T-Shirt,1,18,0.25,13.5,Bank Transfer,2025-05-07,2025-05-14,Cancelled,2
ORD-02754,Linda Wanjiku,linda.wanjiku148@example.com,Female,30,Uganda,Kampala,Fashion,Cotton T-Shirt,3,18,0.15,45.9,Mobile Money,2026-05-19,2026-05-23,Processing,5
ORD-02755,Mary Njoroge,mary.njoroge609@example.com,Female,33,Nigeria,Ibadan,Fashion,Sneakers,2,75,0.05,142.5,Bank Transfer,2025-09-25,2025-09-27,Returned,3
ORD-02756,Peter Mensah,peter.mensah140@example.com,Female,60,India,Bangalore,Fashion,Cotton T-Shirt,1,18,0.25,13.5,Cash on Delivery,2025-08-20,2025-08-21,Processing,4
ORD-02757,Mercy Wanjiku,mercy.wanjiku405@example.com,Male,36,United Kingdom,Manchester,Beauty,Body Lotion,3,19,0.25,42.75,Cash on Delivery,2026-05-16,2026-05-20,Processing,4
ORD-02758,Brian Mensah,brian.mensah153@example.com,Male,23,South Africa,Johannesburg,Beauty,Makeup Kit,3,52,0,156,Bank Transfer,2025-11-25,2025-11-27,Delivered,1
ORD-02759,Jane Williams,jane.williams693@example.com,Male,20,South Africa,Johannesburg,Electronics,Wireless Headphones,2,45,0.05,85.5,PayPal,2025-09-24,2025-10-01,Returned,5
ORD-02760,Brian Otieno,brian.otieno234@example.com,Male,28,Uganda,Jinja,Electronics,Smartphone X12,1,699,0.25,524.25,Debit Card,2026-07-26,2026-08-03,Returned,4
ORD-02761,Faith Njoroge,faith.njoroge13@example.com,Female,51,United States,New York,Home Appliances,Electric Kettle,2,35,0,70,Debit Card,2026-07-30,2026-08-07,Cancelled,5
ORD-02762,Sarah Otieno,sarah.otieno144@example.com,Male,42,Nigeria,Abuja,Electronics,USB-C Charger,3,22,0.25,49.5,Cash on Delivery,2026-06-13,2026-06-14,Shipped,5
ORD-02763,Lucy Mwangi,lucy.mwangi732@example.com,Male,56,Tanzania,Dar es Salaam,Fashion,Sneakers,4,75,0.2,240.0,Mobile Money,2026-07-08,2026-07-09,Processing,2
ORD-02764,Michael Ochieng,michael.ochieng688@example.com,Female,34,United States,Chicago,Electronics,Wireless Headphones,1,45,0.05,42.75,PayPal,2026-02-10,2026-02-13,Processing,3
ORD-02765,Jane Akinyi,jane.akinyi666@example.com,Male,50,United States,Los Angeles,Electronics,Wireless Headphones,1,45,0.05,42.75,Bank Transfer,2025-07-29,2025-08-03,Delivered,5
ORD-02766,James Akinyi,james.akinyi60@example.com,Male,69,United Kingdom,London,Fashion,Hoodie,2,42,0.05,79.8,Mobile Money,2026-07-02,2026-07-07,Returned,4
ORD-02767,David Akinyi,david.akinyi437@example.com,Female,67,Ghana,Tamale,Beauty,Makeup Kit,1,52,0.15,44.2,Debit Card,2025-04-13,2025-04-19,Shipped,4
ORD-02768,Mary Smith,mary.smith912@example.com,Female,60,United States,New York,Beauty,Lipstick,1,16,0.15,13.6,Credit Card,2025-08-07,2025-08-11,Returned,1
ORD-02769,Peter Akinyi,peter.akinyi762@example.com,Male,32,Nigeria,Port Harcourt,Electronics,Wireless Headphones,10,45,0.2,360.0,Bank Transfer,2025-09-08,2025-09-16,Delivered,2
ORD-02770,David Njoroge,david.njoroge9@example.com,Male,67,Uganda,Jinja,Electronics,Smartphone X12,2,699,0.2,1118.4,Mobile Money,2026-05-13,2026-05-17,Delivered,1
ORD-02771,James Otieno,james.otieno47@example.com,Male,48,India,Delhi,Electronics,Wireless Headphones,1,45,0.1,40.5,PayPal,2025-04-09,2025-04-16,Cancelled,2
ORD-02772,Faith Otieno,faith.otieno369@example.com,Female,68,Uganda,Kampala,Home Appliances,Microwave Oven,2,180,0.15,306.0,Debit Card,2025-03-04,2025-03-11,Returned,3
ORD-02773,Mercy Smith,mercy.smith123@example.com,Male,26,Kenya,Kisumu,Fashion,Handbag,3,55,0.15,140.25,Bank Transfer,2026-04-07,2026-04-10,Delivered,5
ORD-02774,Peter Ochieng,peter.ochieng943@example.com,Male,52,United States,New York,Fashion,Cotton T-Shirt,2,18,0.25,27.0,Bank Transfer,2026-08-06,2026-08-13,Processing,5
ORD-02775,David Patel,david.patel747@example.com,Female,46,Rwanda,Butare,Beauty,Makeup Kit,2,52,0.2,83.2,PayPal,2025-10-29,2025-11-01,Processing,1
ORD-02776,Linda Williams,linda.williams288@example.com,Male,18,Tanzania,Dar es Salaam,Home Appliances,Coffee Maker,2,85,0.15,144.5,Mobile Money,2025-02-19,2025-02-21,Cancelled,5
ORD-02777,Daavid Mwangi,,Female,-5,India, DELHI ,ELECTRONICS,Wireless Headphones,-1,€45.00,0.1,52.65,Cash,06/07/2026,07/07/2026,cancelled,-1
ORD-02778,Michael Akinyi,michael.akinyi175@example.com,Female,41,United States,Los Angeles,Fashion,Cotton T-Shirt,3,18,0.2,43.2,Cash on Delivery,2025-01-20,2025-01-25,Returned,5
ORD-02779,Mary Kamau,mary.kamau990@example.com,Male,30,Uganda,Entebbe,Beauty,Perfume,1,70,0.15,59.5,Credit Card,2026-04-27,2026-05-03,Delivered,5
ORD-02780,Aisha Smith,aisha.smith674@example.com,Male,41,Nigeria,Abuja,Electronics,Gaming Mouse,3,38,0.1,102.6,Cash on Delivery,2026-07-25,2026-07-27,Processing,3
ORD-02781,David Williams,david.williams510@example.com,Male,34,Uganda,Kampala,Electronics,Bluetooth Speaker,5,65,0.15,276.25,Mobile Money,2026-03-20,2026-03-25,Cancelled,4
ORD-02782,Victor Njoroge,victor.njoroge412@example.com,Male,48,Nigeria,Lagos,Fashion,Denim Jacket,2,62,0,124,Mobile Money,2025-06-16,2025-06-22,Delivered,3
ORD-02783,Jane Williams,jane.williams972@example.com,Male,59,Uganda,Entebbe,Home Appliances,Microwave Oven,2,180,0.1,324.0,Bank Transfer,2025-09-15,2025-09-20,Returned,1
ORD-02784,Michael Smith,michael.smith131@example.com,Female,35,United Kingdom,London,Electronics,Gaming Mouse,3,38,0.05,108.3,Cash on Delivery,2026-05-20,2026-05-23,Cancelled,4
ORD-02785,James Khan,james.khan943@example.com,Female,54,Tanzania,Mwanza,Electronics,Laptop Pro 14,3,1150,0.1,3105.0,Bank Transfer,2025-01-21,2025-01-22,Processing,5
ORD-02786,Brian Smith,brian.smith767@example.com,Female,36,United Kingdom,Manchester,Beauty,Perfume,4,70,0.2,224.0,Mobile Money,2026-07-28,2026-07-29,Shipped,5
ORD-02787,Michael Okafor,michael.okafor47@example.com,Male,38,United States,Los Angeles,Home Appliances,Vacuum Cleaner,2,145,0.05,275.5,Credit Card,2025-10-08,2025-10-11,Returned,3
ORD-02788,Victor Njoroge,victor.njoroge314@example.com,Female,46,United Kingdom,Manchester,Electronics,USB-C Charger,1,22,0.2,17.6,Bank Transfer,2026-04-14,2026-04-21,Cancelled,4
ORD-02789,Aisha Kiptoo,aisha.kiptoo859@example.com,Male,34,India,Mumbai,Electronics,Smart Watch,1,120,0.1,108.0,Mobile Money,2025-12-17,2025-12-21,Cancelled,1
ORD-02790,Peter Mensah,peter.mensah120@example.com,Female,19,United States,New York,Home Appliances,Microwave Oven,3,180,0.15,459.0,Bank Transfer,2026-03-23,2026-03-27,Returned,4
ORD-02791,Michael Njoroge,michael.njoroge990@example.com,Male,48,Rwanda,Butare,Electronics,Laptop Pro 14,1,1150,0.1,1035.0,Mobile Money,2025-10-06,2025-10-07,Cancelled,3
ORD-02792,Jane Akinyi,jane.akinyi986@example.com,Female,36,Kenya,Mombasa,Home Appliances,Coffee Maker,1,85,0,85,Cash on Delivery,2025-10-16,2025-10-17,Returned,5
ORD-02793,Kevin Njoroge,kevin.njoroge265@example.com,Female,35,Tanzania,Arusha,Home Appliances,Electric Kettle,1,35,0.25,26.25,PayPal,2026-01-01,2026-01-07,Cancelled,5
ORD-02794,John Brown,john.brown927@example.com,Male,39,Rwanda,Kigali,Fashion,Cotton T-Shirt,2,18,0.05,34.2,Credit Card,2026-08-02,2026-08-08,Cancelled,2
ORD-02795,James Khan,james.khan570@example.com,Male,49,United States,Chicago,Fashion,Handbag,1,55,0.1,49.5,Debit Card,2026-07-23,2026-07-28,Cancelled,4
ORD-02796,John Williams,john.williams652@example.com,Female,29,Kenya,Mombasa,Beauty,Lipstick,3,16,0.2,38.4,Cash on Delivery,2026-03-22,2026-03-27,Shipped,3
ORD-02797,Linda Mensah,linda.mensah851@example.com,Male,43,India,Bangalore,Fashion,Running Shorts,1,28,0,28,Mobile Money,2026-03-19,2026-03-25,Cancelled,2
ORD-02798,Lucy Mensah,lucy.mensah67@example.com,Male,55,United States,Houston,Fashion,Cotton T-Shirt,2,18,0.15,30.6,Mobile Money,2026-02-03,2026-02-07,Returned,5
ORD-02799,Grace Kiptoo,grace.kiptoo621@example.com,Female,22,United States,Chicago,Home Appliances,Vacuum Cleaner,1,145,0,145,Credit Card,2026-03-14,2026-03-22,Cancelled,5
ORD-02800,James Kamau,james.kamau202@example.com,Female,31,Ghana,Kumasi,Electronics,USB-C Charger,2,22,0,44,Debit Card,2026-08-17,2026-08-18,Cancelled,2
ORD-02801,Sarah Ochieng,sarah.ochieng93@example.com,Female,62,Ghana,Takoradi,Fashion,Cotton T-Shirt,2,18,0,36,Cash on Delivery,2026-08-15,2026-08-21,Delivered,5
ORD-02802,Grace Okafor,grace.okafor160@example.com,Female,53,Ghana,Tamale,Beauty,Hair Dryer,1,48,0,48,PayPal,2025-04-07,2025-04-12,Returned,4
ORD-02803,Victor Patel,victor.patel928@example.com,Male,65,Nigeria,Abuja,Electronics,Gaming Mouse,1,38,0.05,36.1,Bank Transfer,2026-01-12,2026-01-19,Cancelled,4
ORD-02804,Kevin Okafor,kevin.okafor692@example.com,Female,31,Uganda,Kampala,Fashion,Hoodie,5,42,0.1,189.0,Cash on Delivery,2026-01-01,2026-01-06,Returned,2
ORD-02805,Peter Ochieng,peter.ochieng753@example.com,Male,33,South Africa,Pretoria,Beauty,Perfume,1,70,0.2,56.0,Debit Card,2025-07-03,2025-07-11,Delivered,4
ORD-02806,Peter Akinyi,peter.akinyi203@example.com,Female,28,India,Delhi,Electronics,USB-C Charger,1,22,0,22,Bank Transfer,2026-03-31,2026-04-03,Processing,3
ORD-02807,Michael Williams,michael.williams725@example.com,Male,49,United Kingdom,London,Beauty,Perfume,1,70,0.2,56.0,Cash on Delivery,2026-06-07,2026-06-12,Delivered,4
ORD-02808,Daniel Njoroge,daniel.njoroge808@example.com,Female,52,United Kingdom,Manchester,Beauty,Perfume,2,70,0.15,119.0,Credit Card,2025-03-27,2025-03-28,Cancelled,3
ORD-02809,Lucy Kamau,lucy.kamau762@example.com,Female,38,Ghana,Takoradi,Beauty,Hair Dryer,1,48,0.25,36.0,Cash on Delivery,2025-08-14,2025-08-16,Delivered,5
ORD-02810,Michael Williams,michael.williams105@example.com,Male,54,Uganda,Kampala,Home Appliances,Air Fryer,2,110,0,220,Bank Transfer,2025-05-18,2025-05-23,Shipped,2
ORD-02811,Lucy Mensah,lucy.mensah406@example.com,Female,32,Ghana,Takoradi,Home Appliances,Microwave Oven,2,180,0,360,Cash on Delivery,2025-11-22,2025-11-23,Shipped,1
ORD-02812,Lucy Akinyi,lucy.akinyi406@example.com,Male,46,Nigeria,Lagos,Electronics,Wireless Headphones,2,45,0.2,72.0,Credit Card,2025-04-04,2025-04-08,Delivered,4
ORD-02813,Jane Kiptoo,jane.kiptoo975@example.com,Female,19,Nigeria,Port Harcourt,Home Appliances,Vacuum Cleaner,1,145,0.15,123.25,Credit Card,2025-08-27,2025-08-28,Cancelled,2
ORD-02814,John Kamau,john.kamau677@example.com,Male,36,South Africa,Cape Town,Beauty,Makeup Kit,2,52,0,104,Cash on Delivery,2026-02-28,2026-03-03,Returned,1
ORD-02815,James Kiptoo,james.kiptoo343@example.com,Female,35,Ghana,Tamale,Electronics,Wireless Headphones,1,45,0.05,42.75,Bank Transfer,2026-02-17,2026-02-18,Processing,2
ORD-02816,Linda Kamau,linda.kamau66@example.com,Male,53,Uganda,Kampala,Home Appliances,Vacuum Cleaner,2,145,0.1,261.0,Credit Card,2025-02-03,2025-02-08,Delivered,3
ORD-02817,Esther Ochieng,esther.ochieng851@example.com,Female,27,South Africa,Johannesburg,Electronics,Smart Watch,5,120,0.2,480.0,Bank Transfer,2026-02-20,2026-02-24,Processing,4
ORD-02818,Daniel Khan,daniel.khan515@example.com,Female,39,United States,Los Angeles,Beauty,Lipstick,1,16,0.1,14.4,PayPal,2025-06-03,2025-06-09,Delivered,4
ORD-02819,Samuel Mensah,samuel.mensah898@example.com,Female,34,Ghana,Kumasi,Home Appliances,Microwave Oven,3,180,0,540,PayPal,2025-04-23,2025-05-01,Delivered,3
ORD-02820,Sarah Okafor,sarah.okafor848@example.com,Male,68,Ghana,Takoradi,Beauty,Face Cream,3,24,0.1,64.8,Cash on Delivery,2026-01-27,2026-01-28,Delivered,3
ORD-02821,Sarah Otieno,sarah.otieno412@example.com,Female,49,India,Chennai,Home Appliances,Blender,4,58,0,232,PayPal,2025-11-30,2025-12-01,Processing,3
ORD-02822,Brian Brown,brian.brown415@example.com,Male,49,Uganda,Entebbe,Fashion,Hoodie,5,42,0.1,189.0,PayPal,2026-06-27,2026-06-28,Delivered,5
ORD-02823,Aisha Kiptoo,aisha.kiptoo523@example.com,Female,34,Nigeria,Abuja,Beauty,Makeup Kit,2,52,0.15,88.4,PayPal,2025-02-14,2025-02-19,Delivered,2
ORD-02824,Michael Kiptoo,michael.kiptoo676@example.com,Male,52,India,Mumbai,Home Appliances,Electric Kettle,4,35,0,140,Mobile Money,2026-03-26,2026-03-27,Returned,1
ORD-02825,Faith Mensah,faith.mensah767@example.com,Female,59,Uganda,Kampala,Beauty,Hair Dryer,2,48,0.05,91.2,Credit Card,2026-02-05,2026-02-12,Delivered,5
ORD-02826,Esther Ochieng,esther.ochieng83@example.com,Female,62,Nigeria,Port Harcourt,Electronics,Bluetooth Speaker,1,65,0.15,55.25,Bank Transfer,2025-12-23,2025-12-25,Returned,5
ORD-02827,Lucy Akinyi,lucy.akinyi372@example.com,Female,47,Kenya,Nakuru,Beauty,Body Lotion,1,19,0.2,15.2,Mobile Money,2025-04-16,2025-04-23,Delivered,4
ORD-02828,Sarah Williams,sarah.williams239@example.com,Male,37,United States,Chicago,Electronics,Smart Watch,2,120,0.05,228.0,Bank Transfer,2025-09-23,2025-09-27,Returned,1
ORD-02829,Jane Mensah,jane.mensah497@example.com,Male,52,Nigeria,Ibadan,Fashion,Handbag,5,55,0.25,206.25,Mobile Money,2025-07-20,2025-07-27,Processing,4
ORD-02830,Jane Mensah,jane.mensah599@example.com,Female,69,Kenya,Eldoret,Electronics,Smartphone X12,2,699,0,1398,Mobile Money,2025-10-21,2025-10-29,Returned,5
ORD-02831,Peter Williams,peter.williams415@example.com,Male,69,United Kingdom,Birmingham,Electronics,Wireless Headphones,1,45,0.05,42.75,Credit Card,2025-03-04,2025-03-08,Delivered,4
ORD-02832,Mary Williams,mary.williams72@example.com,Male,43,United Kingdom,London,Fashion,Cotton T-Shirt,2,18,0.25,27.0,Debit Card,2025-02-18,2025-02-25,Cancelled,5
ORD-02833,Samuel Njoroge,samuel.njoroge921@example.com,Male,42,Tanzania,Arusha,Home Appliances,Vacuum Cleaner,1,145,0,145,Cash on Delivery,2026-03-23,2026-03-30,Cancelled,2
ORD-02834,Brian Williams,brian.williams369@example.com,Female,33,Tanzania,Mwanza,Beauty,Makeup Kit,1,52,0,52,Debit Card,2026-06-10,2026-06-18,Delivered,2
ORD-02835,John Kiptoo,john.kiptoo630@example.com,Male,35,Ghana,Tamale,Home Appliances,Blender,1,58,0.2,46.4,Debit Card,2026-03-26,2026-04-03,Returned,4
ORD-02836,Mary Ochieng,mary.ochieng656@example.com,Female,18,Nigeria,Kano,Fashion,Running Shorts,4,28,0,112,PayPal,2026-02-03,2026-02-09,Returned,5
ORD-02837,Mary Wanjiku,mary.wanjiku719@example.com,Female,69,South Africa,Cape Town,Electronics,Gaming Mouse,1,38,0.15,32.3,Cash on Delivery,2026-03-01,2026-03-02,Returned,5
ORD-02838,Faith Njoroge,faith.njoroge382@example.com,Male,57,United States,New York,Beauty,Hair Dryer,2,48,0.25,72.0,Cash on Delivery,2025-10-19,2025-10-24,Delivered,4
ORD-02839,Brian Njoroge,brian.njoroge671@example.com,Male,51,Tanzania,Mwanza,Fashion,Sneakers,1,75,0,75,PayPal,2025-06-13,2025-06-21,Processing,4
ORD-02840,Grace Khan,grace.khan639@example.com,Female,52,South Africa,Johannesburg,Electronics,Bluetooth Speaker,4,65,0,260,Mobile Money,2026-05-18,2026-05-24,Shipped,3
ORD-02841,Samuel Otieno,samuel.otieno523@example.com,Female,28,United Kingdom,London,Home Appliances,Electric Kettle,2,35,0,70,PayPal,2025-01-03,2025-01-11,Processing,2
ORD-02842,Jane Khan,jane.khan58@example.com,Male,25,Kenya,Kisumu,Fashion,Hoodie,1,42,0.1,37.8,Mobile Money,2025-12-04,2025-12-07,Delivered,3
ORD-02843,Kevin Patel,kevin.patel638@example.com,Male,65,United States,Los Angeles,Home Appliances,Air Fryer,2,110,0,220,Cash on Delivery,2026-06-28,2026-07-03,Delivered,1
ORD-02844,John Njoroge,john.njoroge265@example.com,Male,58,Nigeria,Ibadan,Electronics,Smartphone X12,1,699,0.25,524.25,PayPal,2025-10-09,2025-10-15,Cancelled,1
ORD-02845,Brian Williams,brian.williams793@example.com,Female,42,South Africa,Cape Town,Fashion,Handbag,1,55,0.2,44.0,Mobile Money,2026-04-04,2026-04-08,Returned,5
ORD-02846,Mary Kiptoo,mary.kiptoo53@example.com,Female,41,India,Delhi,Home Appliances,Electric Kettle,3,35,0.2,84.0,Credit Card,2025-07-23,2025-07-30,Cancelled,4
ORD-02847,Mercy Kamau,mercy.kamau141@example.com,Female,59,Uganda,Kampala,Fashion,Handbag,1,55,0.1,49.5,Debit Card,2026-07-03,2026-07-05,Cancelled,5
ORD-02848,Jane Smith,jane.smith710@example.com,Male,30,Uganda,Kampala,Beauty,Hair Dryer,1,48,0.15,40.8,Cash on Delivery,2025-11-10,2025-11-16,Processing,5
ORD-02849,Peter Kamau,peter.kamau939@example.com,Female,36,Rwanda,Kigali,Home Appliances,Air Fryer,3,110,0.2,264.0,Mobile Money,2025-08-27,2025-08-29,Returned,5
ORD-02850,Brian Wanjiku,brian.wanjiku9@example.com,Male,35,United States,Los Angeles,Fashion,Denim Jacket,5,62,0,310,Debit Card,2025-08-04,2025-08-08,Returned,4
ORD-02851,John Mensah,john.mensah744@example.com,Male,63,South Africa,Johannesburg,Beauty,Face Cream,3,24,0.1,64.8,Credit Card,2026-05-23,2026-05-24,Delivered,3
ORD-02852,Mary Williams,mary.williams512@example.com,Male,59,South Africa,Pretoria,Beauty,Lipstick,2,16,0.15,27.2,Debit Card,2026-02-03,2026-02-04,Cancelled,5
ORD-02853,John Akinyi,john.akinyi211@example.com,Male,49,United Kingdom,Birmingham,Beauty,Lipstick,1,16,0.2,12.8,Cash on Delivery,2026-06-27,2026-06-28,Returned,4
ORD-02854,David Mensah,david.mensah817@example.com,Male,55,Ghana,Kumasi,Fashion,Sneakers,2,75,0,150,Credit Card,2025-10-29,2025-11-06,Cancelled,4
ORD-02855,James Smith,james.smith641@example.com,Female,68,United Kingdom,Birmingham,Beauty,Perfume,1,70,0.2,56.0,Cash on Delivery,2025-07-12,2025-07-19,Shipped,4
ORD-02856,James Smith,james.smith930@example.com,Male,51,Nigeria,Port Harcourt,Beauty,Face Cream,1,24,0.15,20.4,Credit Card,2025-06-13,2025-06-21,Processing,5
ORD-02857,Peter Okafor,peter.okafor952@example.com,Female,19,Ghana,Tamale,Fashion,Hoodie,2,42,0.15,71.4,Mobile Money,2026-07-14,2026-07-16,Returned,5
ORD-02858,Grace Ochieng,grace.ochieng571@example.com,Male,21,Uganda,Kampala,Beauty,Body Lotion,1,19,0.05,18.05,Cash on Delivery,2025-09-28,2025-09-29,Processing,5
ORD-02859,Sarah Wanjiku,sarah.wanjiku198@example.com,Female,34,Uganda,Entebbe,Beauty,Body Lotion,2,19,0.1,34.2,Mobile Money,2025-11-22,2025-11-29,Shipped,5
ORD-02860,John Kiptoo,john.kiptoo721@example.com,Female,45,Ghana,Accra,Fashion,Sneakers,2,75,0.2,120.0,Bank Transfer,2025-11-01,2025-11-02,Returned,3
ORD-02861,Sarah Ochieng,sarah.ochieng863@example.com,Male,62,United States,Houston,Fashion,Running Shorts,1,28,0.15,23.8,PayPal,2026-04-01,2026-04-04,Shipped,5
ORD-02862,Peter Williams,peter.williams978@example.com,Female,38,Ghana,Takoradi,Beauty,Face Cream,1,24,0,24,Bank Transfer,2026-07-08,2026-07-10,Cancelled,2
ORD-02863,Peter Kiptoo,peter.kiptoo141@example.com,Female,35,Nigeria,Ibadan,Fashion,Sneakers,3,75,0.25,168.75,Debit Card,2025-10-10,2025-10-15,Delivered,2
ORD-02864,Jane Smith,jane.smith885@example.com,Female,57,United Kingdom,London,Beauty,Perfume,2,70,0,140,Credit Card,2026-02-23,2026-03-02,Returned,2
ORD-02865,John Williams,john.williams118@example.com,Female,39,Kenya,Nakuru,Home Appliances,Coffee Maker,4,85,0.1,306.0,Mobile Money,2026-04-05,2026-04-10,Shipped,4
ORD-02866,Peter Khan,peter.khan352@example.com,Female,60,India,Chennai,Home Appliances,Microwave Oven,1,180,0.05,171.0,Cash on Delivery,2025-06-03,2025-06-08,Cancelled,3
ORD-02867,Esther Njoroge,esther.njoroge631@example.com,Male,35,Ghana,Kumasi,Electronics,USB-C Charger,1,22,0.25,16.5,PayPal,2026-03-20,2026-03-21,Processing,1
ORD-02868,Sarah Kiptoo,sarah.kiptoo688@example.com,Male,52,United Kingdom,London,Beauty,Makeup Kit,4,52,0.05,197.6,Debit Card,2025-08-31,2025-09-03,Returned,4
ORD-02869,Esther Smith,esther.smith514@example.com,Female,65,India,Chennai,Fashion,Denim Jacket,1,62,0.1,55.8,Credit Card,2025-07-11,2025-07-18,Delivered,4
ORD-02870,Sarah Khan,sarah.khan320@example.com,Female,30,Rwanda,Butare,Beauty,Hair Dryer,2,48,0,96,Cash on Delivery,2025-03-23,2025-03-28,Shipped,4
ORD-02871,Mary Brown,mary.brown80@example.com,Female,27,United States,Chicago,Home Appliances,Air Fryer,2,110,0,220,Mobile Money,2026-02-27,2026-03-04,Delivered,4
ORD-02872,David Ochieng,david.ochieng49@example.com,Male,56,Rwanda,Kigali,Home Appliances,Vacuum Cleaner,3,145,0.2,348.0,Bank Transfer,2026-03-17,2026-03-24,Returned,3
ORD-02873,Grace Njoroge,grace.njoroge907@example.com,Female,51,Uganda,Entebbe,Home Appliances,Coffee Maker,1,85,0,85,Bank Transfer,2026-02-14,2026-02-17,Cancelled,5
ORD-02874,Peter Smith,peter.smith691@example.com,Female,53,Ghana,Accra,Home Appliances,Electric Kettle,3,35,0.05,99.75,Debit Card,2025-07-22,2025-07-23,Shipped,4
ORD-02875,Michael Ochieng,michael.ochieng643@example.com,Female,52,Rwanda,Butare,Beauty,Body Lotion,4,19,0,76,Mobile Money,2025-03-09,2025-03-11,Delivered,4
ORD-02876,Esther Mwangi,esther.mwangi181@example.com,Female,27,Uganda,Kampala,Fashion,Cotton T-Shirt,1,18,0,18,PayPal,2026-03-07,2026-03-12,Returned,2
ORD-02877,Mary Patel,mary.patel328@example.com,Female,30,Rwanda,Butare,Fashion,Handbag,2,55,0.1,99.0,PayPal,2026-05-27,2026-06-04,Delivered,5
ORD-02878,Jane Wanjiku,jane.wanjiku735@example.com,Female,53,Rwanda,Kigali,Fashion,Hoodie,1,42,0.2,33.6,Bank Transfer,2025-12-18,2025-12-24,Returned,5
ORD-02879,Jane Khan,jane.khan331@example.com,Male,28,Tanzania,Mwanza,Fashion,Sneakers,1,75,0,75,Credit Card,2025-08-22,2025-08-23,Cancelled,4
ORD-02880,Brian Mensah,brian.mensah983@example.com,Female,49,Uganda,Jinja,Fashion,Sneakers,4,75,0.05,285.0,PayPal,2025-10-13,2025-10-18,Shipped,5
ORD-02881,Linda Brown,linda.brown659@example.com,Female,64,Ghana,Tamale,Home Appliances,Coffee Maker,2,85,0.15,144.5,Mobile Money,2025-02-25,2025-03-02,Cancelled,4
ORD-02882,Jaames Wanjiku,james.wanjiku678@example.com,Female,67,RWANDA, Butare ,Beauty,Perfume,-3,KSh 70,0.25,204.75,Bank transfer,2025.04.16,2025.04.17,DELIVERED,4
ORD-02883,Peter Smith,peter.smith373@example.com,Male,48,Kenya,Mombasa,Home Appliances,Vacuum Cleaner,2,145,0,290,PayPal,2026-01-06,2026-01-11,Processing,2
ORD-02884,Daniel Ochieng,daniel.ochieng734@example.com,Male,47,Tanzania,Dar es Salaam,Fashion,Denim Jacket,1,62,0.1,55.8,Bank Transfer,2026-06-11,2026-06-12,Shipped,4
ORD-02885,Sarah Brown,sarah.brown803@example.com,Female,59,South Africa,Durban,Home Appliances,Electric Kettle,1,35,0.15,29.75,Mobile Money,2025-11-30,2025-12-01,Shipped,5
ORD-02886,Aisha Kiptoo,aisha.kiptoo316@example.com,Male,58,Nigeria,Abuja,Fashion,Sneakers,2,75,0,150,PayPal,2025-04-07,2025-04-09,Processing,3
ORD-02887,Mary Njoroge,mary.njoroge60@example.com,Male,41,United Kingdom,Birmingham,Fashion,Handbag,2,55,0.15,93.5,PayPal,2026-03-31,2026-04-01,Delivered,5
,@@None!!,mary.example.com,,999,,,,,-1,62,0.05,76.57,M-Pesa,2025.05.14,2025.05.21,,N/A
ORD-02889,James Mwangi,james.mwangi371@example.com,Female,35,India,Chennai,Fashion,Handbag,2,55,0,110,PayPal,2025-04-21,2025-04-25,Cancelled,5
ORD-02890,Mercy Ochieng,mercy.ochieng104@example.com,Female,44,India,Delhi,Fashion,Handbag,3,55,0.25,123.75,Bank Transfer,2025-04-18,2025-04-24,Returned,5
ORD-02891,Grace Akinyi,grace.akinyi659@example.com,Male,39,United States,Houston,Beauty,Body Lotion,3,19,0.15,48.45,Bank Transfer,2025-07-17,2025-07-21,Cancelled,1
ORD-02892,Peter Khan,peter.khan393@example.com,Female,22,South Africa,Johannesburg,Fashion,Running Shorts,1,28,0.15,23.8,PayPal,2025-04-08,2025-04-16,Delivered,4
ORD-02893,Lucy Smith,lucy.smith626@example.com,Female,67,Kenya,Nairobi,Electronics,Smartphone X12,2,699,0.15,1188.3,Credit Card,2026-06-19,2026-06-27,Processing,1
ORD-02894,Esther Wanjiku,esther.wanjiku98@example.com,Male,57,Ghana,Tamale,Fashion,Hoodie,4,42,0,168,Mobile Money,2025-12-05,2025-12-09,Returned,4
ORD-02895,Lucy Smith,lucy.smith863@example.com,Female,68,United Kingdom,Manchester,Fashion,Running Shorts,4,28,0.15,95.2,Cash on Delivery,2025-07-11,2025-07-14,Returned,4
ORD-02896,Daniel Williams,daniel.williams813@example.com,Female,31,South Africa,Johannesburg,Electronics,Laptop Pro 14,4,1150,0.05,4370.0,PayPal,2025-05-18,2025-05-19,Cancelled,4
ORD-02897,Grace Mensah,grace.mensah724@example.com,Female,54,Nigeria,Ibadan,Home Appliances,Blender,2,58,0.1,104.4,Cash on Delivery,2025-10-04,2025-10-10,Cancelled,5
ORD-02898,Brian Williams,brian.williams505@example.com,Male,46,Uganda,Jinja,Fashion,Hoodie,1,42,0.2,33.6,Debit Card,2025-12-30,2026-01-07,Cancelled,4
ORD-02899,Brian Akinyi,brian.akinyi91@example.com,Male,59,Kenya,Nakuru,Electronics,Bluetooth Speaker,2,65,0.2,104.0,Bank Transfer,2025-02-01,2025-02-05,Returned,1
ORD-02900,Daniel Patel,daniel.patel760@example.com,Female,41,Ghana,Accra,Beauty,Hair Dryer,2,48,0.1,86.4,Mobile Money,2026-03-16,2026-03-18,Cancelled,5
ORD-02901,Daniel Wanjiku,daniel.wanjiku279@example.com,Male,18,Rwanda,Kigali,Electronics,Laptop Pro 14,1,1150,0.25,862.5,Bank Transfer,2025-01-02,2025-01-05,Processing,4
ORD-02902,Samuel Akinyi,samuel.akinyi764@example.com,Male,47,Rwanda,Butare,Beauty,Hair Dryer,1,48,0.25,36.0,PayPal,2025-05-23,2025-05-31,Delivered,4
ORD-02903,Brian Wanjiku,brian.wanjiku250@example.com,Female,21,Tanzania,Dar es Salaam,Beauty,Body Lotion,1,19,0,19,PayPal,2026-03-13,2026-03-16,Cancelled,1
ORD-02904,Faith Patel,faith.patel856@example.com,Male,68,Rwanda,Kigali,Beauty,Hair Dryer,1,48,0.15,40.8,PayPal,2025-11-26,2025-11-30,Shipped,4
ORD-02905,Brian Mensah,brian.mensah208@example.com,Female,21,Kenya,Nakuru,Electronics,Laptop Pro 14,4,1150,0.15,3910.0,Credit Card,2025-04-25,2025-05-01,Cancelled,4
ORD-02906,Faith Kiptoo,faith.kiptoo868@example.com,Male,47,Kenya,Nakuru,Beauty,Face Cream,1,24,0,24,Credit Card,2025-12-06,2025-12-07,Delivered,3
ORD-02907,Grace Mensah,grace.mensah590@example.com,Female,36,India,Chennai,Beauty,Body Lotion,1,19,0.05,18.05,Cash on Delivery,2026-03-30,2026-03-31,Cancelled,5
ORD-02908,Brian Otieno,brian.otieno620@example.com,Male,50,United Kingdom,Manchester,Home Appliances,Vacuum Cleaner,1,145,0,145,Cash on Delivery,2025-01-19,2025-01-27,Processing,5
ORD-02909,Samuel Okafor,samuel.okafor759@example.com,Female,43,United States,Chicago,Home Appliances,Electric Kettle,2,35,0.2,56.0,Cash on Delivery,2025-07-01,2025-07-09,Shipped,3
ORD-02910,Peter Mwangi,peter.mwangi500@example.com,Female,70,South Africa,Johannesburg,Electronics,Smart Watch,2,120,0,240,Debit Card,2025-12-30,2025-12-31,Shipped,1
ORD-02911,James Kamau,james.kamau284@example.com,Male,19,Ghana,Accra,Electronics,Gaming Mouse,1,38,0.15,32.3,Mobile Money,2026-07-02,2026-07-05,Processing,3
ORD-02912,Mary Mensah,mary.mensah286@example.com,Male,60,Nigeria,Abuja,Beauty,Face Cream,1,24,0.1,21.6,Cash on Delivery,2025-08-10,2025-08-12,Cancelled,3
ORD-02913,David Akinyi,david.akinyi109@example.com,Male,50,United States, new york ,FASHION,Sneakers,4,$75.00,0.2,48.0,Cash on Delivery,2025.09.05,2025.09.12,Delivered,4
ORD-02914,David Patel,david.patel721@example.com,Male,58,India,Delhi,Home Appliances,Electric Kettle,2,35,0.2,56.0,Cash on Delivery,2025-06-14,2025-06-21,Returned,4
ORD-02915,David Khan,david.khan985@example.com,Female,36,India,Chennai,Electronics,Laptop Pro 14,1,1150,0.2,920.0,Mobile Money,2025-03-24,2025-03-31,Cancelled,5
ORD-02916,Esther Khan,esther.khan887@example.com,Male,48,United States,Los Angeles,Fashion,Hoodie,1,42,0,42,Bank Transfer,2026-07-25,2026-07-26,Returned,3
ORD-02917,Daniel Mensah,daniel.mensah664@example.com,FEMALE,48,tanzania,Mwanza,FASHION,Cotton T-Shirt,25,€18.00,0.00,585.0,PayPal,27/11/2025,05/12/2025,Delivered,2
ORD-02918,Daniel Mensah,daniel.mensah989@example.com,male,40,United States,LOS ANGELES,Home Appliances,Coffee Maker,5,85,0.2,340.0,CASH ON DELIVERY,2025-07-05,2025-07-11,Returned,1
ORD-02919,Aisha Kiptoo,aisha.kiptoo519@example.com,Male,29,United States,Los Angeles,Electronics,Smart Watch,1,120,0.1,108.0,Debit Card,2026-01-05,2026-01-11,Processing,3
ORD-02920,Grace Akinyi,grace.akinyi664@example.com,Female,39,Ghana,Accra,Fashion,Hoodie,2,42,0,84,Credit Card,2026-02-20,2026-02-25,Processing,4
ORD-02921,Aisha Khan,aisha.khan958@example.com,Female,31,Nigeria,Abuja,Home Appliances,Blender,3,58,0.05,165.3,Debit Card,2026-01-06,2026-01-07,Returned,5
ORD-02922,Faith Otieno,faith.otieno286@example.com,Female,33,Nigeria,Port Harcourt,Home Appliances,Electric Kettle,3,35,0.05,99.75,Debit Card,2025-05-29,2025-05-31,Returned,5
ORD-02923,Linda Wanjiku,linda.wanjiku908@example.com,Female,32,United States,Los Angeles,Home Appliances,Microwave Oven,1,180,0,180,Bank Transfer,2025-01-20,2025-01-21,Processing,4
ORD-02924,Mercy Khan,mercy.khan300@example.com,Female,20,Tanzania,Arusha,Electronics,Bluetooth Speaker,3,65,0.05,185.25,Mobile Money,2026-07-09,2026-07-12,Shipped,5
ORD-02925,,michael.ochieng785@example.com,Male,999,Tanzania, Mwanza ,BEAUTY,Makeup Kit,1,$52.00,5%,64.22,Mpesa,01-05-2026,01-13-2026,CANCELLED,N/A
ORD-02926,Michael Njoroge,michael.njoroge948@example.com,Female,39,United States,New York,Fashion,Cotton T-Shirt,3,18,0.1,48.6,Bank Transfer,2026-07-12,2026-07-19,Cancelled,2
ORD-02927,Peter Wanjiku,peter.wanjiku519@example.com,Male,29,United States,Los Angeles,Electronics,Smart Watch,1,120,0.25,90.0,Debit Card,2025-06-30,2025-07-03,Returned,5
ORD-02928,Samuel Mwangi,samuel.mwangi826@example.com,Female,36,Tanzania,Arusha,Home Appliances,Electric Kettle,3,35,0.15,89.25,PayPal,2025-04-27,2025-04-30,Cancelled,5
ORD-02929,Kevin Williams,kevin.williams288@example.com,Female,67,Ghana,Kumasi,Electronics,Smart Watch,5,120,0.25,450.0,Debit Card,2025-09-20,2025-09-25,Returned,4
ORD-02930,Sarah Smith,sarah.smith904@example.com,Male,42,Rwanda,Kigali,Fashion,Hoodie,1,42,0,42,Cash on Delivery,2026-03-19,2026-03-23,Processing,5
ORD-02931,Brian Kamau,brian.kamau391@example.com,Female,27,Kenya,Nakuru,Fashion,Hoodie,2,42,0.2,67.2,Debit Card,2025-01-16,2025-01-21,Cancelled,5
ORD-02932,John Akinyi,john.akinyi386@example.com,Female,56,United States,New York,Electronics,Smartphone X12,1,699,0.05,664.05,Bank Transfer,2026-03-02,2026-03-05,Delivered,3
ORD-02933,Sarah Okafor,sarah.okafor560@example.com,Male,57,Rwanda,Butare,Electronics,Smartphone X12,1,699,0.05,664.05,Credit Card,2026-07-16,2026-07-23,Returned,4
ORD-02934,Kevin Brown,kevin.brown410@example.com,Male,19,Kenya,Nakuru,Electronics,Bluetooth Speaker,2,65,0.05,123.5,Bank Transfer,2026-02-28,2026-03-01,Processing,5
ORD-02935,Brian Williams,brian.williams116@example.com,Male,30,United Kingdom,Manchester,Home Appliances,Blender,1,58,0.15,49.3,Mobile Money,2026-03-18,2026-03-26,Shipped,4
ORD-02936,Lucy Wanjiku,lucy.wanjiku525@example.com,Male,37,South Africa,Johannesburg,Electronics,Laptop Pro 14,4,1150,0,4600,Mobile Money,2025-02-17,2025-02-25,Processing,5
ORD-02937,Mary Kamau,mary.kamau831@example.com,Female,51,Rwanda,Butare,Fashion,Sneakers,2,75,0.2,120.0,Cash on Delivery,2025-10-13,2025-10-21,Delivered,2
ORD-02938,Mercy Brown,mercy.brown452@example.com,Female,37,South Africa,Johannesburg,Electronics,Smartphone X12,5,699,0.1,3145.5,Debit Card,2025-01-08,2025-01-12,Shipped,1
ORD-02939,Lucy Otieno,lucy.otieno721@example.com,Male,33,Nigeria,Port Harcourt,Electronics,USB-C Charger,3,22,0,66,Cash on Delivery,2026-05-21,2026-05-27,Returned,5
ORD-02940,Esther Wanjiku,esther.wanjiku25@example.com,Male,34,Nigeria,Kano,Home Appliances,Vacuum Cleaner,3,145,0,435,Mobile Money,2026-01-26,2026-02-01,Shipped,2
ORD-02941,Grace Khan,grace.khan44@example.com,Male,19,Nigeria,Kano,Electronics,Wireless Headphones,2,45,0.05,85.5,PayPal,2026-04-16,2026-04-19,Delivered,4
,@@None!!,user#mail.com,,0,,,,,2,KSh 42,0.00,109.2,cash on delivery,01-31-2025,02-02-2025,,5 stars
ORD-02943,Jane Wanjiku,jane.wanjiku247@example.com,Female,31,India,Mumbai,Beauty,Makeup Kit,3,52,0.05,148.2,Bank Transfer,2025-01-28,2025-01-30,Shipped,4
ORD-02944,Daniel Kiptoo,daniel.kiptoo961@example.com,Female,25,Tanzania,Dar es Salaam,Electronics,Bluetooth Speaker,3,65,0.2,156.0,Bank Transfer,2025-09-08,2025-09-09,Delivered,3
ORD-02945,Victor Kiptoo,victor.kiptoo454@example.com,Male,30,Tanzania,Dar es Salaam,Fashion,Denim Jacket,2,62,0,124,Credit Card,2026-08-24,2026-08-27,Cancelled,3
ORD-02946,Victor Ochieng,victor.ochieng228@example.com,Female,68,South Africa,Durban,Beauty,Lipstick,1,16,0.05,15.2,PayPal,2025-08-19,2025-08-25,Shipped,4
ORD-02947,John Williams,john.williams566@example.com,Male,37,Nigeria,Kano,Home Appliances,Vacuum Cleaner,1,145,0,145,Mobile Money,2026-02-06,2026-02-09,Cancelled,5
ORD-02948,Daniel Kiptoo,daniel.kiptoo372@example.com,Male,18,Nigeria,Ibadan,Beauty,Body Lotion,1,19,0,19,Bank Transfer,2025-08-19,2025-08-24,Processing,4
ORD-02949,Aisha Ochieng,aisha.ochieng101@example.com,Male,50,Tanzania,Mwanza,Home Appliances,Microwave Oven,3,180,0.1,486.0,Debit Card,2025-01-22,2025-01-25,Delivered,2
ORD-02950,Grace Patel,grace.patel499@example.com,Female,67,Tanzania,Dar es Salaam,Electronics,USB-C Charger,3,22,0.2,52.8,Credit Card,2025-02-03,2025-02-11,Returned,3
ORD-02951,Daniel Kiptoo,daniel.kiptoo97@example.com,Male,43,Rwanda,Butare,Beauty,Makeup Kit,1,52,0,52,Bank Transfer,2025-05-29,2025-06-03,Returned,2
ORD-02952,Daniel Patel,daniel.patel994@example.com,Female,53,Tanzania,Arusha,Beauty,Perfume,1,70,0,70,Debit Card,2025-03-24,2025-03-25,Cancelled,4
ORD-02953,David Mwangi,david.mwangi299@example.com,Male,68,Tanzania,Dar es Salaam,Home Appliances,Microwave Oven,1,180,0.1,162.0,Cash on Delivery,2026-04-26,2026-04-28,Cancelled,5
ORD-02954,Jane Akinyi,jane.akinyi16@example.com,Male,53,Tanzania,Dar es Salaam,Electronics,Gaming Mouse,1,38,0.2,30.4,Cash on Delivery,2025-02-20,2025-02-23,Delivered,5
ORD-02955,Esther Khan,esther.khan940@example.com,Male,34,India,Bangalore,Home Appliances,Microwave Oven,1,180,0.1,162.0,PayPal,2026-04-05,2026-04-08,Shipped,5
ORD-02956,Daniel Akinyi,daniel.akinyi59@example.com,Male,59,Nigeria,Lagos,Electronics,Smart Watch,2,120,0.05,228.0,PayPal,2025-09-28,2025-10-05,Cancelled,5
ORD-02957,Mary Williams,mary.williams439@example.com,Male,18,South Africa,Pretoria,Electronics,USB-C Charger,1,22,0.15,18.7,PayPal,2025-06-27,2025-07-03,Processing,2
ORD-02958,Esther Otieno,esther.otieno192@example.com,Male,52,South Africa,Johannesburg,Fashion,Cotton T-Shirt,3,18,0.15,45.9,Credit Card,2026-08-13,2026-08-19,Cancelled,3
ORD-02959,Mercy Ochieng,mercy.ochieng360@example.com,Female,67,Kenya,Nairobi,Beauty,Perfume,5,70,0.15,297.5,Credit Card,2026-07-22,2026-07-25,Cancelled,5
ORD-02960,John Williams,john.williams940@example.com,Male,66,South Africa,Cape Town,Beauty,Body Lotion,2,19,0,38,Bank Transfer,2026-08-23,2026-08-30,Processing,5
ORD-02961,Lucy Kiptoo,lucy.kiptoo285@example.com,Female,64,Nigeria,Abuja,Electronics,Gaming Mouse,3,38,0.15,96.9,Mobile Money,2026-05-07,2026-05-14,Returned,3
ORD-02962,Mary Brown,mary.brown697@example.com,Female,22,Rwanda,Kigali,Home Appliances,Air Fryer,2,110,0.1,198.0,Mobile Money,2025-09-11,2025-09-14,Delivered,3
ORD-02963,Jane Smith,jane.smith343@example.com,Male,66,India,Delhi,Beauty,Face Cream,1,24,0.2,19.2,Bank Transfer,2025-09-14,2025-09-18,Shipped,5
ORD-02964,Sarah Williams,sarah.williams420@example.com,male,39,tanzania,Dar es Salaam,electronics,Smartphone X12,1,699,0.25,524.25,cash on delivery,2026-07-04,2026-07-06,Returned,4
ORD-02965,Lucy Ochieng,lucy.ochieng108@example.com,Female,65,Kenya,Eldoret,Fashion,Sneakers,1,75,0.2,60.0,Mobile Money,2026-05-02,2026-05-10,Returned,4
ORD-02966,Linda Khan,linda.khan104@example.com,Female,55,Nigeria,Kano,Electronics,Laptop Pro 14,1,1150,0,1150,PayPal,2025-02-05,2025-02-11,Processing,4
ORD-02967,Lucy Wanjiku,lucy.wanjiku523@example.com,Female,47,Uganda,Kampala,Beauty,Body Lotion,5,19,0,95,Bank Transfer,2026-04-28,2026-05-02,Processing,5
ORD-02968,Peter Mensah,peter.mensah937@example.com,Male,47,Tanzania,Mwanza,Home Appliances,Microwave Oven,2,180,0.2,288.0,Bank Transfer,2026-07-31,2026-08-07,Cancelled,2
ORD-02969,Mary Wanjiku,mary.wanjiku693@example.com,Male,58,United States,Chicago,Fashion,Cotton T-Shirt,5,18,0.15,76.5,Mobile Money,2026-08-08,2026-08-09,Cancelled,3
ORD-02970,John Khan,john.khan460@example.com,Male,43,Nigeria,Ibadan,Electronics,Laptop Pro 14,1,1150,0.05,1092.5,Bank Transfer,2025-06-03,2025-06-11,Returned,4
ORD-02971,Grace Njoroge,grace.njoroge812@example.com,Male,18,Rwanda,Kigali,Home Appliances,Coffee Maker,2,85,0.2,136.0,Debit Card,2025-10-02,2025-10-05,Cancelled,4
ORD-02972,David Wanjiku,david.wanjiku994@example.com,Female,22,United States,Houston,Fashion,Handbag,1,55,0,55,Debit Card,2025-07-17,2025-07-22,Processing,1
ORD-02973,Grace Kamau,grace.kamau112@example.com,Female,65,United States,New York,Beauty,Makeup Kit,2,52,0.15,88.4,Credit Card,2026-04-18,2026-04-25,Cancelled,2
ORD-02974,Daniel Patel,daniel.patel988@example.com,Female,38,United States,Los Angeles,Fashion,Running Shorts,1,28,0,28,Debit Card,2026-03-04,2026-03-09,Delivered,4
ORD-02975,John Ochieng,john.ochieng559@example.com,Female,59,Rwanda,Butare,Fashion,Handbag,1,55,0.15,46.75,Credit Card,2025-08-17,2025-08-21,Processing,1
ORD-02976,John Okafor,john.okafor543@example.com,Female,21,Tanzania,Arusha,Electronics,USB-C Charger,1,22,0.15,18.7,Bank Transfer,2025-03-12,2025-03-13,Shipped,4
ORD-02977,Daniel Brown,daniel.brown387@example.com,Female,20,Rwanda,Kigali,Fashion,Handbag,1,55,0.05,52.25,Debit Card,2025-08-11,2025-08-18,Delivered,4
,@@None!!,invalid@,,0,,,,,2 units,699,0.05,2656.2,creditcard,2025.11.09,2025.11.15,,N/A
ORD-02979,Sarah Kamau,sarah.kamau572@example.com,Female,22,South Africa,Pretoria,Fashion,Running Shorts,1,28,0.15,23.8,Cash on Delivery,2025-12-20,2025-12-24,Shipped,5
ORD-02980,Kevin Kiptoo,kevin.kiptoo499@example.com,Female,22,United Kingdom,Birmingham,Fashion,Sneakers,4,75,0,300,Cash on Delivery,2025-02-22,2025-02-26,Processing,2
,@@None!!,user#mail.com,,0,,,,,0,€24.00,15%,4.08,M-Pesa,2026.02.28,2026.03.05,,N/A
ORD-02982,Victor Akinyi,victor.akinyi251@example.com,Female,70,United States,New York,Home Appliances,Microwave Oven,2,180,0.05,342.0,Debit Card,2026-06-13,2026-06-16,Delivered,2
ORD-02983,Peter Kiptoo,peter.kiptoo819@example.com,Male,61,Uganda,Jinja,Beauty,Face Cream,3,24,0,72,Bank Transfer,2025-08-25,2025-08-26,Cancelled,4
ORD-02984,Daniel Brown,daniel.brown80@example.com,Male,27,Kenya,nairobi,HOME APPLIANCES,Microwave Oven,2,180,0,360,credit card,2025-09-19,2025-09-24,Shipped,4
ORD-02985,Michael Njoroge,michael.njoroge993@example.com,Male,44,United Kingdom,Manchester,Electronics,USB-C Charger,4,22,0.05,83.6,Bank Transfer,2026-03-02,2026-03-06,Processing,5
ORD-02986,Lucy Kamau,lucy.kamau715@example.com,Female,44,South Africa,Pretoria,Electronics,USB-C Charger,1,22,0.15,18.7,Bank Transfer,2025-08-13,2025-08-20,Shipped,4
ORD-02987,Daniel Akinyi,daniel.akinyi227@example.com,Female,39,United States,Houston,Beauty,Face Cream,4,24,0.2,76.8,Mobile Money,2026-04-09,2026-04-17,Returned,5
ORD-02988,Sarah Smith,sarah.smith952@example.com,Male,69,Ghana,Tamale,Home Appliances,Vacuum Cleaner,1,145,0,145,Cash on Delivery,2026-03-27,2026-04-01,Returned,3
ORD-02989,Peter Ochieng,peter.ochieng187@example.com,Female,40,South Africa,Pretoria,Electronics,Bluetooth Speaker,1,65,0.1,58.5,Credit Card,2026-05-24,2026-05-25,Cancelled,2
ORD-02990,John Wanjiku,john.wanjiku449@example.com,Female,64,Ghana,Tamale,Electronics,USB-C Charger,3,22,0.25,49.5,PayPal,2025-08-02,2025-08-05,Delivered,5
ORD-02991,Daavid Smith,mary.example.com,Male,0,united kingdom, Birmingham ,Electronics,Bluetooth Speaker,1 units,$65.00,10%,76.05,Credit card,2026.06.09,2026.06.16,Delivered,N/A
ORD-02992,David Khan,david.khan964@example.com,Female,43,United States,Houston,Home Appliances,Electric Kettle,1,35,0,35,PayPal,2026-04-05,2026-04-11,Cancelled,3
ORD-02993,Linda Smith,linda.smith767@example.com,Male,66,Rwanda,Kigali,Fashion,Hoodie,1,42,0,42,PayPal,2025-12-16,2025-12-23,Processing,1
ORD-02994,John Williams,john.williams30@example.com,Female,65,United Kingdom,Birmingham,Home Appliances,Air Fryer,1,110,0.15,93.5,Bank Transfer,2026-01-24,2026-01-26,Delivered,4
ORD-02995,Aisha Mwangi,aisha.mwangi299@example.com,Female,62,South Africa,Johannesburg,Beauty,Lipstick,1,16,0.25,12.0,Cash on Delivery,2026-01-21,2026-01-29,Delivered,5
ORD-02996,Mercy Njoroge,mercy.njoroge337@example.com,Female,47,Uganda,Kampala,Fashion,Running Shorts,4,28,0.15,95.2,Credit Card,2026-01-06,2026-01-11,Cancelled,4
ORD-02997,James Okafor,james.okafor162@example.com,Female,70,Uganda,Kampala,Beauty,Face Cream,1,24,0.05,22.8,Bank Transfer,2026-03-22,2026-03-29,Delivered,4
ORD-02998,Lucy Kamau,lucy.kamau297@example.com,Male,58,Nigeria,Kano,Beauty,Hair Dryer,2,48,0,96,PayPal,2025-07-17,2025-07-24,Returned,2
ORD-02999,Faith Patel,faith.patel461@example.com,Male,57,Tanzania,Dar es Salaam,Fashion,Running Shorts,1,28,0.2,22.4,Bank Transfer,2025-06-18,2025-06-21,Returned,5
ORD-03000,Aisha Kamau,aisha.kamau811@example.com,Female,30,Kenya,Eldoret,Home Appliances,Blender,1,58,0,58,Mobile Money,2025-11-28,2025-12-04,Returned,4
ORD-03001,Sarah Njoroge,sarah.njoroge135@example.com,Male,33,Kenya,Nairobi,Beauty,Perfume,1,70,0.15,59.5,PayPal,2026-01-26,2026-01-30,Cancelled,4
ORD-03002,Mary Mwangi,mary.mwangi102@example.com,Female,33,South Africa,Pretoria,Electronics,Laptop Pro 14,2,1150,0,2300,Mobile Money,2026-05-13,2026-05-21,Cancelled,4
ORD-03003,Mercy Kiptoo,mercy.kiptoo491@example.com,Female,31,India,Delhi,Fashion,Running Shorts,5,28,0.1,126.0,PayPal,2025-03-23,2025-03-30,Processing,4
ORD-03004,Peter Mwangi,peter.mwangi687@example.com,Male,19,India,Mumbai,Fashion,Sneakers,3,75,0.1,202.5,Debit Card,2026-07-06,2026-07-11,Returned,3
ORD-03005,Daniel Kamau,daniel.kamau242@example.com,Female,61,United Kingdom,London,Beauty,Body Lotion,1,19,0.2,15.2,Cash on Delivery,2026-02-01,2026-02-09,Returned,3
ORD-03006,Linda Okafor,linda.okafor435@example.com,Male,32,United Kingdom,Birmingham,Beauty,Body Lotion,4,19,0.2,60.8,Bank Transfer,2025-11-01,2025-11-03,Shipped,5
ORD-03007,Lucy Mwangi,lucy.mwangi478@example.com,Male,35,Kenya,Eldoret,Home Appliances,Vacuum Cleaner,1,145,0.1,130.5,Debit Card,2026-04-15,2026-04-16,Processing,4
ORD-03008,Mary Mensah,mary.mensah343@example.com,Female,34,Tanzania,Mwanza,Fashion,Handbag,2,55,0,110,Credit Card,2025-06-17,2025-06-25,Cancelled,3
ORD-03009,Samuel Williams,samuel.williams8@example.com,Female,33,Nigeria,Kano,Fashion,Hoodie,1,42,0.1,37.8,Credit Card,2026-07-14,2026-07-17,Shipped,5
ORD-03010,Jane Okafor,jane.okafor507@example.com,Female,48,United Kingdom,Birmingham,Electronics,Laptop Pro 14,4,1150,0.2,3680.0,Credit Card,2025-01-01,2025-01-09,Delivered,3
ORD-03011,Mercy Khan,mercy.khan490@example.com,Female,62,India,Delhi,Fashion,Cotton T-Shirt,1,18,0.15,15.3,Mobile Money,2026-02-08,2026-02-12,Cancelled,1
ORD-03012,James Kiptoo,james.kiptoo72@example.com,Male,43,Rwanda,Kigali,Beauty,Lipstick,3,16,0.25,36.0,Cash on Delivery,2025-08-20,2025-08-27,Delivered,2
ORD-03013,James Kiptoo,james.kiptoo311@example.com,Female,19,South Africa,Cape Town,Beauty,Perfume,1,70,0.2,56.0,PayPal,2026-02-17,2026-02-24,Returned,3
ORD-03014,Daniel Mensah,daniel.mensah666@example.com,Female,39,Kenya,Kisumu,Fashion,Handbag,1,55,0.05,52.25,Bank Transfer,2025-04-16,2025-04-19,Cancelled,1
ORD-03015,James Mensah,james.mensah256@example.com,Male,34,Kenya,Eldoret,Electronics,Gaming Mouse,1,38,0.05,36.1,Bank Transfer,2026-06-30,2026-07-01,Returned,1
ORD-03016,Jane Kiptoo,jane.kiptoo538@example.com,Female,45,Kenya,Kisumu,Fashion,Handbag,1,55,0.1,49.5,Cash on Delivery,2025-02-10,2025-02-11,Shipped,1
ORD-03017,Daniel Khan,daniel.khan976@example.com,Female,25,South Africa,Johannesburg,Home Appliances,Electric Kettle,3,35,0,105,Bank Transfer,2026-04-13,2026-04-19,Processing,5
ORD-03018,Aisha Njoroge,aisha.njoroge460@example.com,Male,70,Ghana,Takoradi,Beauty,Body Lotion,1,19,0,19,PayPal,2025-09-05,2025-09-09,Cancelled,2
ORD-03019,Daniel Williams,daniel.williams329@example.com,Female,46,India,Bangalore,Fashion,Sneakers,1,75,0.1,67.5,Bank Transfer,2026-01-23,2026-01-25,Shipped,4
ORD-03020,David Okafor,david.okafor315@example.com,Female,22,Tanzania,Dar es Salaam,Beauty,Hair Dryer,1,48,0.05,45.6,Mobile Money,2025-09-09,2025-09-12,Processing,5
ORD-03021,Lucy Kiptoo,lucy.kiptoo766@example.com,Male,22,South Africa,Durban,Beauty,Hair Dryer,2,48,0.1,86.4,Cash on Delivery,2025-03-05,2025-03-09,Processing,4
ORD-03022,Mary Kamau,mary.kamau894@example.com,Male,56,Rwanda,Butare,Fashion,Handbag,1,55,0.25,41.25,Bank Transfer,2026-06-07,2026-06-09,Shipped,3
ORD-03023,Esther Otieno,esther.otieno850@example.com,Female,52,South Africa,Durban,Home Appliances,Electric Kettle,1,35,0.25,26.25,Cash on Delivery,2025-01-03,2025-01-11,Delivered,5
ORD-03024,Daniel Williams,daniel.williams45@example.com,Female,47,South Africa,Durban,Beauty,Hair Dryer,3,48,0.05,136.8,PayPal,2025-04-01,2025-04-07,Returned,1
ORD-03025,Daniel Kiptoo,daniel.kiptoo730@example.com,Male,40,Ghana,Tamale,Electronics,Gaming Mouse,1,38,0.1,34.2,Cash on Delivery,2025-05-15,2025-05-16,Delivered,4
ORD-03026,Jane Williams,jane.williams607@example.com,Male,47,Rwanda,Kigali,Electronics,Smart Watch,5,120,0.25,450.0,Debit Card,2026-03-27,2026-03-30,Delivered,3
ORD-03027,Daniel Mwangi,daniel.mwangi914@example.com,Male,66,Tanzania,Mwanza,Home Appliances,Microwave Oven,1,180,0.2,144.0,PayPal,2026-07-15,2026-07-16,Processing,5
ORD-03028,Victor Akinyi,victor.akinyi957@example.com,Female,21,Kenya,Eldoret,Fashion,Running Shorts,3,28,0,84,Credit Card,2026-07-28,2026-08-05,Processing,2
ORD-03029,Kevin Otieno,kevin.otieno764@example.com,Male,57,India,Mumbai,Electronics,Smartphone X12,3,699,0.25,1572.75,PayPal,2026-02-02,2026-02-05,Processing,1
ORD-03030,James Mwangi,james.mwangi622@example.com,Female,49,Tanzania,Mwanza,Home Appliances,Coffee Maker,10,85,0.05,807.5,Mobile Money,2026-01-29,2026-02-04,Returned,5
ORD-03031,Jane Kamau,jane.kamau995@example.com,Female,52,South Africa,Cape Town,Home Appliances,Electric Kettle,1,35,0.2,28.0,Debit Card,2026-04-01,2026-04-09,Returned,5
ORD-03032,Faith Mensah,faith.mensah457@example.com,Male,51,Kenya,Eldoret,Home Appliances,Microwave Oven,1,180,0.2,144.0,Cash on Delivery,2025-01-13,2025-01-15,Returned,5
ORD-03033,John Patel,john.patel462@example.com,Female,66,Tanzania,Mwanza,Home Appliances,Microwave Oven,3,180,0.25,405.0,Bank Transfer,2025-12-16,2025-12-23,Processing,2
ORD-03034,Grace Okafor,grace.okafor827@example.com,Female,58,Rwanda,Butare,Electronics,Smartphone X12,4,699,0.15,2376.6,PayPal,2026-01-01,2026-01-09,Delivered,4
ORD-03035,Brian Ochieng,brian.ochieng259@example.com,Male,43,United Kingdom,London,Fashion,Sneakers,2,75,0.25,112.5,Cash on Delivery,2026-04-19,2026-04-24,Delivered,2
ORD-03036,Mercy Otieno,mercy.otieno43@example.com,Female,27,Uganda,Jinja,Home Appliances,Microwave Oven,25,180,0.05,4275.0,Bank Transfer,2025-09-19,2025-09-24,Cancelled,1
ORD-03037,Mercy Brown,mercy.brown689@example.com,Male,18,Nigeria,Kano,Beauty,Face Cream,4,24,0.25,72.0,Debit Card,2025-03-11,2025-03-14,Cancelled,1
ORD-03038,Brian Khan,brian.khan444@example.com,Female,23,Ghana,Accra,Beauty,Body Lotion,3,19,0.1,51.3,Mobile Money,2026-03-02,2026-03-09,Delivered,3
,@@Jaane Otieno!!,john@@email.com,MALE,999,United States, Chicago ,HOME APPLIANCES,Electric Kettle,-1,$35.00,0.15,38.68,Mpesa,07-11-2026,07-15-2026,Shipped,5 stars
ORD-03040,Faith Kamau,faith.kamau408@example.com,Male,49,United Kingdom,Manchester,Electronics,Gaming Mouse,1,38,0.2,30.4,PayPal,2025-08-06,2025-08-09,Cancelled,4
ORD-03041,Samuel Ochieng,samuel.ochieng441@example.com,Male,47,Uganda,Entebbe,Beauty,Face Cream,1,24,0,24,Cash on Delivery,2026-05-19,2026-05-27,Returned,5
ORD-03042,Mercy Ochieng,mercy.ochieng516@example.com,Female,60,Uganda,Kampala,Electronics,Wireless Headphones,1,45,0.05,42.75,Credit Card,2026-04-28,2026-04-29,Delivered,5
ORD-03043,Esther Brown,esther.brown339@example.com,Female,52,Tanzania,Arusha,Home Appliances,Microwave Oven,2,180,0.25,270.0,Cash on Delivery,2026-04-11,2026-04-17,Delivered,4
ORD-03044,Daniel Williams,daniel.williams501@example.com,Male,56,South Africa,Pretoria,Beauty,Makeup Kit,1,52,0.2,41.6,Mobile Money,2025-01-22,2025-01-26,Returned,5
ORD-03045,John Mwangi,john.mwangi324@example.com,Male,31,Rwanda,Butare,Fashion,Denim Jacket,3,62,0.2,148.8,PayPal,2025-09-28,2025-10-02,Returned,1
ORD-03046,Samuel Williams,samuel.williams480@example.com,Female,40,Ghana,Accra,Beauty,Face Cream,1,24,0.05,22.8,Debit Card,2025-09-26,2025-10-04,Returned,3
ORD-03047,Peter Kamau,peter.kamau107@example.com,Male,48,Uganda,Jinja,Electronics,USB-C Charger,1,22,0.05,20.9,PayPal,2025-07-27,2025-07-28,Returned,2
ORD-03048,Sarah Williams,sarah.williams929@example.com,Female,21,United States,Chicago,Beauty,Perfume,2,70,0,140,Bank Transfer,2026-07-21,2026-07-22,Returned,5
ORD-03049,Lucy Brown,lucy.brown901@example.com,Male,32,Nigeria,Lagos,Fashion,Cotton T-Shirt,2,18,0.1,32.4,Mobile Money,2026-02-12,2026-02-18,Cancelled,5
ORD-03050,Grace Ochieng,grace.ochieng579@example.com,Male,51,Nigeria,Abuja,Beauty,Face Cream,2,24,0.2,38.4,Debit Card,2026-04-10,2026-04-17,Processing,4
ORD-03051,Michael Kamau,michael.kamau75@example.com,Female,18,Tanzania,Dar es Salaam,Beauty,Lipstick,1,16,0.25,12.0,Mobile Money,2025-01-07,2025-01-14,Returned,5
ORD-03052,Jane Patel,jane.patel622@example.com,Female,37,Uganda,Entebbe,Home Appliances,Air Fryer,1,110,0.05,104.5,Bank Transfer,2026-07-17,2026-07-23,Cancelled,2
ORD-03053,Sarah Mensah,sarah.mensah855@example.com,Female,54,Ghana,Tamale,Fashion,Cotton T-Shirt,2,18,0.15,30.6,Cash on Delivery,2026-05-09,2026-05-13,Processing,5
ORD-03054,Faith Smith,faith.smith492@example.com,Male,65,Rwanda,Kigali,Fashion,Running Shorts,1,28,0.25,21.0,Bank Transfer,2025-04-13,2025-04-18,Delivered,5
ORD-03055,David Akinyi,david.akinyi660@example.com,Male,67,Tanzania,Mwanza,Electronics,Laptop Pro 14,1,1150,0.25,862.5,Debit Card,2026-01-25,2026-01-29,Delivered,2
ORD-03056,David Brown,david.brown94@example.com,Female,41,United States,Los Angeles,Fashion,Cotton T-Shirt,2,18,0.15,30.6,Cash on Delivery,2025-08-24,2025-08-28,Processing,4
ORD-03057,David Akinyi,david.akinyi737@example.com,Female,62,Ghana,Accra,Beauty,Perfume,2,70,0.2,112.0,Debit Card,2026-02-12,2026-02-13,Delivered,5
ORD-03058,Daniel Khan,daniel.khan205@example.com,Male,35,India,Mumbai,Home Appliances,Air Fryer,2,110,0.05,209.0,Mobile Money,2026-02-22,2026-02-26,Returned,3
ORD-03059,Lucy Njoroge,lucy.njoroge149@example.com,Female,36,United Kingdom,Manchester,Beauty,Body Lotion,2,19,0.05,36.1,Mobile Money,2025-04-07,2025-04-14,Shipped,4
ORD-03060,Lucy Njoroge,lucy.njoroge309@example.com,Male,26,United Kingdom,Manchester,Home Appliances,Electric Kettle,1,35,0.15,29.75,Debit Card,2025-05-24,2025-05-31,Processing,5
ORD-03061,Esther Smith,esther.smith173@example.com,Male,53,Kenya,Eldoret,Fashion,Hoodie,3,42,0,126,PayPal,2026-07-24,2026-07-29,Returned,3
ORD-03062,Grace Patel,grace.patel947@example.com,Female,29,Rwanda,Kigali,Beauty,Lipstick,4,16,0.05,60.8,Bank Transfer,2026-06-18,2026-06-20,Returned,2
ORD-03063,Mercy Njoroge,mercy.njoroge999@example.com,Female,65,Rwanda,Butare,Fashion,Cotton T-Shirt,1,18,0,18,PayPal,2025-09-25,2025-10-03,Shipped,4
ORD-03064,Grace Kiptoo,grace.kiptoo607@example.com,Male,29,Ghana,Tamale,Beauty,Body Lotion,1,19,0.1,17.1,Mobile Money,2026-05-04,2026-05-10,Delivered,1
ORD-03065,Peter Ochieng,peter.ochieng641@example.com,Female,19,Ghana,Tamale,Home Appliances,Blender,2,58,0,116,PayPal,2026-03-27,2026-04-01,Returned,5
ORD-03066,Lucy Kamau,lucy.kamau232@example.com,Male,52,United States,Los Angeles,Beauty,Hair Dryer,2,48,0.2,76.8,Mobile Money,2025-05-02,2025-05-05,Delivered,4
ORD-03067,Brian Khan,brian.khan263@example.com,Male,41,South Africa,Cape Town,Home Appliances,Vacuum Cleaner,1,145,0.05,137.75,Credit Card,2025-10-21,2025-10-23,Shipped,4
ORD-03068,Lucy Kiptoo,lucy.kiptoo110@example.com,female,69,South Africa,durban,Electronics,USB-C Charger,1,KSh 22,0.1,25.74,CASH ON DELIVERY,2025.04.12,2025.04.14,Delivered,5
ORD-03069,Linda Kamau,linda.kamau139@example.com,Female,46,Uganda,Jinja,Electronics,Laptop Pro 14,1,1150,0.15,977.5,Bank Transfer,2025-04-18,2025-04-24,Returned,4
ORD-03070,Linda Mensah,linda.mensah932@example.com,Male,34,South Africa,Johannesburg,Electronics,Laptop Pro 14,2,1150,0.1,2070.0,Debit Card,2026-06-23,2026-06-24,Delivered,5
ORD-03071,Samuel Mwangi,samuel.mwangi848@example.com,Female,24,United Kingdom,Birmingham,Fashion,Denim Jacket,2,62,0,124,Debit Card,2025-11-30,2025-12-05,Returned,1
ORD-03072,Peter Okafor,peter.okafor464@example.com,Male,26,Rwanda,Butare,Home Appliances,Electric Kettle,3,35,0.25,78.75,Mobile Money,2025-06-22,2025-06-26,Processing,5
ORD-03073,Sarah Ochieng,sarah.ochieng686@example.com,Male,25,Rwanda,Kigali,Electronics,Smart Watch,1,120,0.2,96.0,Credit Card,2025-01-08,2025-01-12,Processing,1
ORD-03074,Aisha Williams,aisha.williams742@example.com,Male,59,United States,Chicago,Beauty,Body Lotion,3,19,0.25,42.75,Mobile Money,2025-02-22,2025-02-26,Delivered,1
ORD-03075,Kevin Patel,kevin.patel725@example.com,Female,55,United Kingdom,London,Beauty,Body Lotion,3,19,0.05,54.15,Credit Card,2026-01-23,2026-01-30,Processing,2
ORD-03076,Michael Ochieng,michael.ochieng859@example.com,Male,67,Tanzania,Mwanza,Electronics,Smart Watch,10,120,0,1200,Bank Transfer,2026-04-11,2026-04-14,Shipped,5
ORD-03077,Peter Okafor,peter.okafor788@example.com,Female,33,India,Bangalore,Fashion,Running Shorts,2,28,0.05,53.2,Mobile Money,2026-08-21,2026-08-24,Shipped,5
ORD-03078,David Ochieng,david.ochieng625@example.com,Male,27,United Kingdom,Manchester,Home Appliances,Vacuum Cleaner,1,145,0.2,116.0,Cash on Delivery,2025-09-03,2025-09-09,Returned,3
ORD-03079,James Patel,james.patel624@example.com,Female,24,Ghana,Kumasi,Home Appliances,Microwave Oven,2,180,0.25,270.0,PayPal,2025-03-25,2025-03-26,Returned,3
ORD-03080,Victor Mensah,victor.mensah686@example.com,Male,66,South Africa,Johannesburg,Fashion,Hoodie,1,42,0.1,37.8,Mobile Money,2025-11-01,2025-11-03,Returned,4
ORD-03081,Mercy Smith,mercy.smith749@example.com,Male,62,Ghana,Accra,Fashion,Handbag,2,55,0.2,88.0,PayPal,2025-10-09,2025-10-15,Returned,4
ORD-03082,Daniel Akinyi,daniel.akinyi802@example.com,Female,51,Nigeria,Kano,Electronics,USB-C Charger,2,22,0.2,35.2,Cash on Delivery,2026-07-03,2026-07-11,Processing,3
ORD-03083,Samuel Akinyi,samuel.akinyi753@example.com,Male,52,Kenya,Eldoret,Fashion,Handbag,1,55,0.2,44.0,Credit Card,2026-05-21,2026-05-24,Returned,1
ORD-03084,Lucy Patel,lucy.patel216@example.com,Female,66,Kenya,Kisumu,Beauty,Face Cream,1,24,0.15,20.4,Debit Card,2026-04-03,2026-04-09,Returned,5
ORD-03085,Sarah Mwangi,sarah.mwangi435@example.com,Male,70,Tanzania,Mwanza,Home Appliances,Coffee Maker,1,85,0,85,Bank Transfer,2025-01-02,2025-01-04,Returned,3
ORD-03086,Mercy Smith,mercy.smith700@example.com,Female,36,South Africa,Pretoria,Fashion,Cotton T-Shirt,2,18,0.1,32.4,PayPal,2025-02-08,2025-02-09,Delivered,2
ORD-03087,Esther Ochieng,esther.ochieng637@example.com,Female,41,Kenya,Nakuru,Beauty,Perfume,1,70,0.1,63.0,PayPal,2026-05-12,2026-05-15,Returned,4
ORD-03088,Sarah Wanjiku,sarah.wanjiku342@example.com,Male,46,Uganda,ENTEBBE,Beauty,Perfume,5,70,0,350,Credit Card,2026-07-04,2026-07-05,Delivered,5
ORD-03089,John Akinyi,john.akinyi800@example.com,Female,54,Uganda,Kampala,Electronics,Laptop Pro 14,1,1150,0.05,1092.5,Debit Card,2025-12-19,2025-12-27,Cancelled,2
ORD-03090,Jaane Akinyi,jane.akinyi143@example.com,Female,39,ghana, Takoradi ,BEAUTY,Hair Dryer,5,KSh 48,10%,43.2,M-Pesa,25/07/2026,31/07/2026,Processing,4
ORD-03091,Faith Wanjiku,faith.wanjiku293@example.com,Female,46,Tanzania,Arusha,Home Appliances,Microwave Oven,2,180,0.1,324.0,Bank Transfer,2025-05-20,2025-05-25,Returned,5
ORD-03092,Jane Ochieng,jane.ochieng337@example.com,Female,60,United States,New York,Home Appliances,Air Fryer,2,110,0.1,198.0,Credit Card,2025-08-06,2025-08-10,Cancelled,4
ORD-03093,Victor Kiptoo,victor.kiptoo664@example.com,Male,25,Tanzania,Mwanza,Electronics,Gaming Mouse,1,38,0,38,PayPal,2026-07-02,2026-07-10,Returned,4
ORD-03094,Kevin Wanjiku,kevin.wanjiku906@example.com,Male,59,India,Bangalore,Fashion,Denim Jacket,2,62,0,124,Bank Transfer,2025-10-23,2025-10-25,Returned,5
ORD-03095,Samuel Njoroge,samuel.njoroge714@example.com,Female,68,United States,New York,Electronics,Smart Watch,1,120,0,120,Credit Card,2025-10-29,2025-11-02,Processing,4
ORD-03096,Daniel Wanjiku,daniel.wanjiku701@example.com,Female,44,Kenya,Eldoret,Home Appliances,Vacuum Cleaner,1,145,0,145,Debit Card,2026-04-27,2026-05-02,Processing,5
ORD-03097,David Brown,david.brown945@example.com,Female,51,Rwanda,Kigali,Beauty,Face Cream,1,24,0.25,18.0,Bank Transfer,2026-04-16,2026-04-23,Processing,3
ORD-03098,Esther Smith,esther.smith326@example.com,Male,28,Kenya,Eldoret,Home Appliances,Electric Kettle,1,35,0.2,28.0,Credit Card,2026-04-03,2026-04-04,Processing,5
ORD-03099,Linda Mwangi,linda.mwangi64@example.com,Female,26,Nigeria,Abuja,Beauty,Face Cream,1,24,0.25,18.0,Mobile Money,2025-12-11,2025-12-17,Cancelled,5
ORD-03100,David Wanjiku,david.wanjiku36@example.com,Male,49,Tanzania,Mwanza,Electronics,Laptop Pro 14,1,1150,0.2,920.0,Cash on Delivery,2026-04-07,2026-04-11,Shipped,1
ORD-03101,Daniel Akinyi,daniel.akinyi597@example.com,Male,63,Uganda,Kampala,Fashion,Running Shorts,1,28,0.25,21.0,PayPal,2025-07-26,2025-07-29,Returned,4
ORD-03102,Grace Williams,grace.williams393@example.com,Female,29,Ghana,Tamale,Home Appliances,Blender,3,58,0,174,Credit Card,2025-10-04,2025-10-08,Processing,3
ORD-03103,Brian Wanjiku,brian.wanjiku103@example.com,Female,47,United Kingdom,Manchester,Fashion,Denim Jacket,2,62,0,124,Bank Transfer,2025-02-04,2025-02-07,Delivered,5
ORD-03104,Daniel Wanjiku,daniel.wanjiku213@example.com,Female,35,Rwanda,Kigali,Beauty,Lipstick,1,16,0.1,14.4,Bank Transfer,2025-01-03,2025-01-06,Cancelled,5
ORD-03105,Samuel Smith,samuel.smith184@example.com,Female,55,South Africa,Cape Town,Home Appliances,Microwave Oven,1,180,0.25,135.0,Debit Card,2025-02-08,2025-02-11,Delivered,3
ORD-03106,Linda Otieno,linda.otieno666@example.com,Female,30,Nigeria,Ibadan,Fashion,Cotton T-Shirt,3,18,0,54,PayPal,2026-06-04,2026-06-10,Processing,1
ORD-03107,Faith Akinyi,faith.akinyi295@example.com,Female,59,Ghana,Takoradi,Electronics,Laptop Pro 14,4,1150,0.05,4370.0,Credit Card,2025-06-07,2025-06-10,Processing,3
ORD-03108,Grace Wanjiku,grace.wanjiku628@example.com,Male,19,Tanzania,Dar es Salaam,Electronics,Gaming Mouse,1,38,0,38,Cash on Delivery,2025-09-30,2025-10-06,Returned,5
ORD-03109,Linda Ochieng,linda.ochieng771@example.com,Female,41,Tanzania,Mwanza,Fashion,Denim Jacket,1,62,0.2,49.6,PayPal,2026-07-30,2026-08-03,Processing,2
ORD-03110,Brian Okafor,brian.okafor267@example.com,Female,31,Rwanda,Kigali,Home Appliances,Vacuum Cleaner,2,145,0.2,232.0,Cash on Delivery,2025-11-01,2025-11-08,Delivered,5
ORD-03111,Kevin Khan,kevin.khan538@example.com,Female,18,Tanzania,Mwanza,Home Appliances,Microwave Oven,2,180,0.05,342.0,Mobile Money,2025-05-09,2025-05-16,Delivered,5
ORD-03112,John Kamau,john.kamau466@example.com,Female,69,Uganda,Kampala,Home Appliances,Blender,2,58,0.1,104.4,Bank Transfer,2025-01-16,2025-01-22,Cancelled,4
ORD-03113,Samuel Patel,samuel.patel605@example.com,Male,49,Tanzania,Mwanza,Electronics,Laptop Pro 14,1,1150,0.2,920.0,PayPal,2025-06-17,2025-06-21,Shipped,2
ORD-03114,Victor Kamau,victor.kamau889@example.com,Female,20,South Africa,Johannesburg,Electronics,USB-C Charger,1,22,0,22,Credit Card,2026-08-01,2026-08-09,Shipped,4
ORD-03115,Lucy Brown,lucy.brown151@example.com,Male,21,South Africa,Durban,Electronics,Gaming Mouse,2,38,0,76,Debit Card,2026-07-15,2026-07-22,Shipped,1
ORD-03116,Lucy Khan,lucy.khan338@example.com,Male,37,United Kingdom,Manchester,Electronics,Bluetooth Speaker,1,65,0.05,61.75,Cash on Delivery,2025-05-30,2025-06-04,Shipped,5
ORD-03117,Mary Ochieng,mary.ochieng28@example.com,Male,24,South Africa,Johannesburg,Fashion,Denim Jacket,2,62,0.25,93.0,Cash on Delivery,2025-05-13,2025-05-21,Shipped,5
ORD-03118,Linda Mensah,linda.mensah99@example.com,Male,63,Ghana,Tamale,Fashion,Cotton T-Shirt,1,18,0.2,14.4,Debit Card,2025-12-10,2025-12-14,Returned,4
ORD-03119,James Mwangi,james.mwangi418@example.com,Female,65,Rwanda,Kigali,Beauty,Lipstick,1,16,0.1,14.4,Cash on Delivery,2026-01-20,2026-01-25,Returned,1
ORD-03120,John Okafor,john.okafor194@example.com,Female,18,United States,Houston,Fashion,Handbag,1,55,0.1,49.5,Debit Card,2025-02-10,2025-02-11,Shipped,4
ORD-03121,Esther Njoroge,esther.njoroge860@example.com,Male,64,Ghana,Takoradi,Fashion,Sneakers,2,75,0.1,135.0,Bank Transfer,2026-03-08,2026-03-10,Shipped,4
ORD-03122,Sarah Mensah,sarah.mensah482@example.com,Female,63,India,Delhi,Home Appliances,Blender,3,58,0.25,130.5,Bank Transfer,2026-04-11,2026-04-15,Shipped,5
ORD-03123,Aisha Otieno,aisha.otieno191@example.com,Male,28,South Africa,Cape Town,Electronics,Bluetooth Speaker,1,65,0.2,52.0,Cash on Delivery,2025-07-21,2025-07-23,Processing,2
ORD-03124,Brian Njoroge,brian.njoroge698@example.com,Female,19,Ghana,Kumasi,Home Appliances,Vacuum Cleaner,10,145,0.15,1232.5,PayPal,2025-02-13,2025-02-15,Delivered,3
ORD-03125,Jane Kiptoo,jane.kiptoo454@example.com,Male,61,Tanzania,Dar es Salaam,Fashion,Hoodie,10,42,0.1,378.0,Bank Transfer,2026-06-19,2026-06-23,Shipped,5
ORD-03126,Mercy Brown,mercy.brown194@example.com,Female,30,Tanzania,Dar es Salaam,Home Appliances,Microwave Oven,4,180,0.25,540.0,Debit Card,2025-10-13,2025-10-15,Processing,3
ORD-03127,Jane Williams,jane.williams640@example.com,Male,23,South Africa,Cape Town,Beauty,Body Lotion,2,19,0.2,30.4,Credit Card,2025-12-15,2025-12-19,Returned,4
ORD-03128,@@Jaames Brown!!,user#mail.com,FEMALE,150,Uganda, Entebbe ,Beauty,Hair Dryer,2 units,€48.00,0.00,19.2,Cash,05-13-2025,05-17-2025,Shipped,-1
ORD-03129,Samuel Mensah,samuel.mensah140@example.com,Male,60,South Africa,Durban,Beauty,Hair Dryer,1,48,0.25,36.0,Debit Card,2026-04-15,2026-04-16,Processing,5
ORD-03130,Mary Khan,mary.khan769@example.com,Female,41,Tanzania,Mwanza,Home Appliances,Coffee Maker,1,85,0,85,PayPal,2026-02-25,2026-02-28,Delivered,5
ORD-03131,Victor Patel,victor.patel272@example.com,Female,21,Rwanda,Butare,Beauty,Makeup Kit,2,52,0.25,78.0,Mobile Money,2026-08-06,2026-08-13,Delivered,3
ORD-03132,Kevin Brown,kevin.brown160@example.com,Female,19,Rwanda,Butare,Fashion,Cotton T-Shirt,3,18,0.1,48.6,Bank Transfer,2025-11-24,2025-11-29,Shipped,4
ORD-03133,Kevin Njoroge,kevin.njoroge73@example.com,Male,40,Rwanda,Kigali,Home Appliances,Electric Kettle,1,35,0,35,Credit Card,2025-09-30,2025-10-04,Delivered,4
ORD-03134,Mercy Khan,mercy.khan915@example.com,Female,65,Tanzania,Mwanza,Beauty,Body Lotion,1,19,0,19,Debit Card,2025-09-04,2025-09-06,Shipped,5
ORD-03135,Sarah Njoroge,sarah.njoroge64@example.com,Female,45,Ghana,Takoradi,Home Appliances,Vacuum Cleaner,1,145,0.15,123.25,Debit Card,2026-01-26,2026-01-31,Returned,3
ORD-03136,James Kamau,james.kamau753@example.com,Male,20,South Africa,Johannesburg,Beauty,Makeup Kit,3,52,0.15,132.6,PayPal,2025-02-07,2025-02-09,Processing,2
ORD-03137,Grace Kamau,grace.kamau757@example.com,Female,50,Kenya,Kisumu,Beauty,Body Lotion,2,19,0.05,36.1,PayPal,2025-11-11,2025-11-12,Processing,1
ORD-03138,David Brown,david.brown861@example.com,Female,69,Kenya,Nairobi,Beauty,Perfume,2,70,0.25,105.0,PayPal,2026-08-07,2026-08-10,Returned,1
ORD-03139,Brian Kamau,brian.kamau61@example.com,Male,47,Kenya,Nakuru,Home Appliances,Air Fryer,4,110,0,440,Credit Card,2025-10-09,2025-10-13,Processing,1
ORD-03140,Michael Okafor,michael.okafor325@example.com,Female,20,Kenya,Mombasa,Electronics,Bluetooth Speaker,2,65,0.2,104.0,Mobile Money,2026-03-02,2026-03-03,Cancelled,4
ORD-03141,Faith Akinyi,faith.akinyi960@example.com,Female,22,Tanzania,Mwanza,Electronics,Bluetooth Speaker,1,65,0.2,52.0,PayPal,2026-02-17,2026-02-18,Delivered,5
ORD-03142,Peter Williams,peter.williams236@example.com,Female,52,Ghana,Takoradi,Beauty,Face Cream,2,24,0,48,Credit Card,2025-04-28,2025-04-30,Delivered,3
ORD-03143,@@Mercy Waanjiku!!,mary.example.com,Male,0,Rwanda, KIGALI ,beauty,,1 units,24,0.1,4.32,Cash,07/02/2026,09/02/2026,Processing,0
ORD-03144,Mary Brown,mary.brown625@example.com,Male,45,Ghana,Tamale,Electronics,Smart Watch,2,120,0.25,180.0,Debit Card,2025-11-22,2025-11-26,Cancelled,4
ORD-03145,Mercy Smith,mercy.smith518@example.com,Male,25,India,Mumbai,Home Appliances,Air Fryer,1,110,0.2,88.0,Cash on Delivery,2026-04-08,2026-04-10,Shipped,4
ORD-03146,Victor Patel,victor.patel926@example.com,Male,34,Ghana,Takoradi,Home Appliances,Coffee Maker,1,85,0.25,63.75,Debit Card,2025-12-31,2026-01-05,Processing,5
ORD-03147,Linda Wanjiku,linda.wanjiku546@example.com,Female,63,Kenya,Mombasa,Beauty,Lipstick,1,16,0.05,15.2,Cash on Delivery,2026-02-08,2026-02-15,Delivered,3
ORD-03148,Brian Brown,brian.brown900@example.com,Male,47,Kenya,Kisumu,Electronics,Gaming Mouse,1,38,0.25,28.5,Bank Transfer,2025-10-05,2025-10-09,Cancelled,1
ORD-03149,John Njoroge,john.njoroge4@example.com,Male,50,United States,Chicago,Beauty,Lipstick,2,16,0,32,Cash on Delivery,2025-09-15,2025-09-16,Shipped,5
ORD-03150,Michael Mensah,michael.mensah183@example.com,Male,21,Nigeria,Abuja,Fashion,Running Shorts,3,28,0.1,75.6,Credit Card,2025-09-12,2025-09-19,Cancelled,4
ORD-03151,Grace Smith,grace.smith144@example.com,Female,42,Kenya,Nairobi,Beauty,Perfume,2,70,0.1,126.0,Mobile Money,2025-03-01,2025-03-08,Delivered,5
ORD-03152,John Brown,john.brown582@example.com,Female,29,Kenya,Eldoret,Home Appliances,Air Fryer,2,110,0.2,176.0,Mobile Money,2026-02-05,2026-02-13,Delivered,2
ORD-03153,Jane Ochieng,jane.ochieng401@example.com,Female,43,Rwanda,Kigali,Fashion,Denim Jacket,3,62,0.2,148.8,Bank Transfer,2026-05-21,2026-05-28,Processing,1
ORD-03154,Mercy Ochieng,mercy.ochieng562@example.com,Male,31,United Kingdom,Birmingham,Electronics,Laptop Pro 14,1,1150,0,1150,Credit Card,2026-03-03,2026-03-06,Returned,3
ORD-03155,David Mensah,david.mensah588@example.com,Female,65,Kenya,Kisumu,Home Appliances,Microwave Oven,4,180,0.1,648.0,Debit Card,2025-03-11,2025-03-14,Cancelled,3
ORD-03156,Victor Mensah,victor.mensah992@example.com,Female,20,Kenya,Kisumu,Electronics,Laptop Pro 14,1,1150,0.25,862.5,Credit Card,2026-02-13,2026-02-15,Returned,5
ORD-03157,Mercy Ochieng,mercy.ochieng243@example.com,Male,26,Uganda,Jinja,Fashion,Handbag,2,55,0.1,99.0,Cash on Delivery,2026-04-06,2026-04-14,Delivered,3
ORD-03158,Mary Mwangi,mary.mwangi193@example.com,Female,70,United States,Los Angeles,Beauty,Hair Dryer,1,48,0.25,36.0,Credit Card,2025-12-14,2025-12-18,Processing,5
ORD-03159,Sarah Wanjiku,sarah.wanjiku844@example.com,Female,53,Tanzania,Mwanza,Fashion,Denim Jacket,2,62,0,124,Credit Card,2025-02-06,2025-02-10,Shipped,5
ORD-03160,Linda Akinyi,linda.akinyi874@example.com,Female,31,Uganda,Jinja,Beauty,Lipstick,3,16,0.15,40.8,PayPal,2025-03-18,2025-03-24,Cancelled,2
ORD-03161,Mary Njoroge,mary.njoroge559@example.com,Male,20,India,Delhi,Beauty,Face Cream,2,24,0.05,45.6,Credit Card,2025-08-01,2025-08-09,Delivered,5
ORD-03162,Daniel Khan,daniel.khan100@example.com,Female,70,South Africa,Cape Town,Electronics,Smart Watch,1,120,0.05,114.0,Mobile Money,2025-01-10,2025-01-11,Processing,5
ORD-03163,David Mensah,david.mensah19@example.com,Female,49,United Kingdom,Birmingham,Home Appliances,Air Fryer,4,110,0.15,374.0,Cash on Delivery,2025-09-24,2025-09-29,Delivered,3
ORD-03164,Brian Otieno,brian.otieno707@example.com,Female,28,India,Bangalore,Beauty,Makeup Kit,1,52,0.25,39.0,Credit Card,2026-03-31,2026-04-03,Delivered,4
ORD-03165,James Smith,james.smith310@example.com,Female,68,Kenya,Mombasa,Beauty,Face Cream,3,24,0.05,68.4,Debit Card,2025-12-31,2026-01-06,Delivered,5
ORD-03166,Daniel Patel,daniel.patel640@example.com,Male,54,India,Bangalore,Beauty,Body Lotion,2,19,0.15,32.3,PayPal,2025-07-16,2025-07-24,Shipped,3
ORD-03167,Sarah Njoroge,sarah.njoroge421@example.com,Female,23,Nigeria,Kano,Electronics,Smartphone X12,1,699,0.1,629.1,Bank Transfer,2025-11-07,2025-11-12,Shipped,2
ORD-03168,Mary Okafor,mary.okafor338@example.com,Female,46,United States,Chicago,Beauty,Makeup Kit,2,52,0.2,83.2,PayPal,2025-08-17,2025-08-25,Cancelled,5
ORD-03169,Victor Ochieng,victor.ochieng14@example.com,Female,28,South Africa,Johannesburg,Fashion,Running Shorts,1,28,0.25,21.0,PayPal,2025-06-19,2025-06-27,Shipped,5
ORD-03170,Grace Williams,grace.williams834@example.com,Female,45,Uganda,Entebbe,Electronics,Bluetooth Speaker,1,65,0.05,61.75,Cash on Delivery,2026-02-17,2026-02-18,Returned,4
ORD-03171,Mercy Njoroge,mercy.njoroge515@example.com,Male,61,Nigeria,Lagos,Beauty,Lipstick,4,16,0.2,51.2,PayPal,2025-11-14,2025-11-17,Cancelled,5
ORD-03172,Lucy Brown,lucy.brown302@example.com,Female,58,Ghana,Kumasi,Home Appliances,Blender,2,58,0,116,Cash on Delivery,2025-01-19,2025-01-23,Cancelled,5
ORD-03173,James Kamau,james.kamau264@example.com,Female,36,South Africa,Durban,Beauty,Lipstick,2,16,0,32,Bank Transfer,2025-02-14,2025-02-17,Cancelled,5
ORD-03174,John Njoroge,john.njoroge18@example.com,Male,47,South Africa,Cape Town,Fashion,Sneakers,1,75,0.05,71.25,Cash on Delivery,2025-02-13,2025-02-18,Cancelled,5
ORD-03175,Faith Khan,faith.khan985@example.com,Female,33,Kenya,Nairobi,Home Appliances,Air Fryer,2,110,0.25,165.0,Cash on Delivery,2025-11-23,2025-11-25,Returned,2
ORD-03176,Linda Okafor,linda.okafor534@example.com,Female,24,Uganda,Entebbe,Home Appliances,Air Fryer,2,110,0.05,209.0,PayPal,2026-05-19,2026-05-24,Delivered,2
ORD-03177,Jane Patel,jane.patel690@example.com,Male,21,Uganda,Kampala,Fashion,Sneakers,3,75,0.2,180.0,Mobile Money,2026-03-30,2026-04-06,Processing,4
ORD-03178,Samuel Brown,samuel.brown62@example.com,Male,59,Kenya,Kisumu,Fashion,Running Shorts,1,28,0.25,21.0,Debit Card,2026-02-06,2026-02-14,Cancelled,2
ORD-03179,David Patel,david.patel445@example.com,Male,65,Ghana,Tamale,Beauty,Hair Dryer,1,48,0.1,43.2,Mobile Money,2025-06-03,2025-06-09,Delivered,4
ORD-03180,Esther Mwangi,esther.mwangi559@example.com,Male,39,United Kingdom,Birmingham,Fashion,Running Shorts,1,28,0.05,26.6,Mobile Money,2026-03-31,2026-04-03,Processing,5
ORD-03181,Samuel Ochieng,samuel.ochieng82@example.com,Female,49,United States,Chicago,Electronics,Gaming Mouse,1,38,0.1,34.2,Credit Card,2025-03-30,2025-04-06,Delivered,3
ORD-03182,Peter Khan,peter.khan615@example.com,Female,59,India,Delhi,Home Appliances,Microwave Oven,2,180,0.05,342.0,Debit Card,2025-05-10,2025-05-18,Returned,5
ORD-03183,Lucy Njoroge,lucy.njoroge781@example.com,Female,25,United States,Los Angeles,Home Appliances,Blender,1,58,0.05,55.1,Mobile Money,2025-12-19,2025-12-21,Processing,2
ORD-03184,Esther Akinyi,esther.akinyi186@example.com,Male,54,Kenya,Mombasa,Fashion,Handbag,3,55,0.25,123.75,Mobile Money,2026-01-21,2026-01-29,Shipped,3
ORD-03185,Victor Smith,victor.smith992@example.com,Male,50,Uganda,Entebbe,Home Appliances,Air Fryer,1,110,0.1,99.0,PayPal,2026-04-05,2026-04-11,Processing,5
ORD-03186,Daniel Njoroge,daniel.njoroge35@example.com,Female,39,Uganda,Jinja,Fashion,Denim Jacket,2,62,0.2,99.2,Mobile Money,2025-09-24,2025-10-02,Processing,4
ORD-03187,Samuel Williams,samuel.williams708@example.com,Male,56,South Africa,Johannesburg,Electronics,Smart Watch,2,120,0.15,204.0,Debit Card,2026-04-02,2026-04-03,Returned,3
ORD-03188,James Wanjiku,james.wanjiku278@example.com,Female,59,Ghana,Takoradi,Electronics,Gaming Mouse,4,38,0.25,114.0,Cash on Delivery,2025-08-19,2025-08-20,Returned,2
ORD-03189,Daniel Ochieng,daniel.ochieng160@example.com,Female,57,United States,Chicago,Home Appliances,Blender,1,58,0.05,55.1,Bank Transfer,2026-07-03,2026-07-04,Cancelled,3
ORD-03190,Aisha Njoroge,aisha.njoroge170@example.com,Female,37,Rwanda,Kigali,Beauty,Lipstick,1,16,0.1,14.4,PayPal,2026-04-22,2026-04-24,Cancelled,1
ORD-03191,Samuel Otieno,samuel.otieno67@example.com,Female,65,South Africa,Pretoria,Electronics,Bluetooth Speaker,4,65,0,260,Credit Card,2025-08-05,2025-08-12,Shipped,4
ORD-03192,Kevin Khan,kevin.khan78@example.com,Male,54,United States,Chicago,Electronics,Bluetooth Speaker,1,65,0.25,48.75,Bank Transfer,2026-02-12,2026-02-19,Delivered,4
ORD-03193,Victor Smith,victor.smith750@example.com,Female,45,Uganda,Jinja,Beauty,Body Lotion,2,19,0.2,30.4,Credit Card,2026-02-07,2026-02-10,Returned,5
ORD-03194,Sarah Kiptoo,sarah.kiptoo451@example.com,Female,20,Uganda,Entebbe,Fashion,Denim Jacket,1,62,0.15,52.7,Mobile Money,2025-04-15,2025-04-22,Delivered,4
ORD-03195,Michael Okafor,michael.okafor380@example.com,Male,62,United Kingdom,Birmingham,Home Appliances,Microwave Oven,2,180,0.1,324.0,Cash on Delivery,2025-07-16,2025-07-22,Returned,2
ORD-03196,Michael Wanjiku,michael.wanjiku258@example.com,Female,39,Kenya,Eldoret,Fashion,Cotton T-Shirt,3,18,0.05,51.3,Credit Card,2025-05-12,2025-05-17,Delivered,4
ORD-03197,Grace Patel,grace.patel580@example.com,Male,39,Tanzania,Mwanza,Fashion,Denim Jacket,5,62,0.2,248.0,Cash on Delivery,2026-04-01,2026-04-03,Delivered,4
ORD-03198,Mercy Wanjiku,mercy.wanjiku847@example.com,Male,25,Kenya,Nakuru,Beauty,Lipstick,2,16,0.25,24.0,PayPal,2025-04-10,2025-04-17,Processing,4
ORD-03199,John Patel,john.patel229@example.com,male,41,South Africa,Cape Town,Beauty,Hair Dryer,1,€48.00,0.10,86.4,Bank Transfer,2025.09.06,2025.09.09,delivered,4
ORD-03200,John Akinyi,john.akinyi439@example.com,Male,52,United States,New York,Fashion,Sneakers,2,75,0.15,127.5,Credit Card,2026-01-14,2026-01-18,Delivered,2
ORD-03201,Samuel Patel,samuel.patel483@example.com,Male,57,South Africa,Durban,Home Appliances,Blender,1,58,0.05,55.1,Mobile Money,2026-03-24,2026-03-31,Processing,2
ORD-03202,John Smith,john.smith414@example.com,Male,30,Uganda,Jinja,Home Appliances,Vacuum Cleaner,2,145,0,290,Debit Card,2026-02-27,2026-03-07,Returned,4
ORD-03203,Lucy Otieno,lucy.otieno631@example.com,Male,57,Kenya,Nakuru,Electronics,Bluetooth Speaker,1,65,0.2,52.0,Debit Card,2025-03-20,2025-03-22,Processing,5
ORD-03204,Sarah Khan,sarah.khan174@example.com,Male,21,South Africa,Durban,Electronics,USB-C Charger,2,22,0.15,37.4,Credit Card,2026-05-30,2026-06-07,Delivered,2
ORD-03205,Kevin Mensah,kevin.mensah775@example.com,Male,70,Kenya,Mombasa,Fashion,Running Shorts,2,28,0.2,44.8,Bank Transfer,2025-04-18,2025-04-24,Processing,1
ORD-03206,Samuel Okafor,samuel.okafor36@example.com,Male,33,Uganda,Entebbe,Beauty,Face Cream,1,24,0,24,PayPal,2025-11-14,2025-11-15,Processing,1
ORD-03207,Grace Patel,grace.patel891@example.com,Male,35,United Kingdom,London,Electronics,Gaming Mouse,2,38,0.05,72.2,PayPal,2025-09-04,2025-09-11,Cancelled,1
ORD-03208,Daniel Mensah,daniel.mensah341@example.com,Male,57,Ghana,Accra,Electronics,Wireless Headphones,4,45,0.1,162.0,Bank Transfer,2026-08-15,2026-08-17,Cancelled,4
ORD-03209,Mercy Patel,mercy.patel69@example.com,Female,33,Nigeria,Kano,Beauty,Body Lotion,3,19,0,57,Bank Transfer,2025-10-27,2025-10-29,Cancelled,4
ORD-03210,@@Lucy Okaafor!!,invalid@,female,0,India, Delhi ,Electronics,Gaming Mouse,0,€38.00,0.2,45.6,M-Pesa,2025.01.26,2025.01.27,returned,5 stars
ORD-03211,Kevin Akinyi,kevin.akinyi207@example.com,Male,69,Kenya,Eldoret,Beauty,Face Cream,5,24,0.1,108.0,PayPal,2026-01-03,2026-01-07,Cancelled,2
ORD-03212,Linda Ochieng,linda.ochieng272@example.com,Female,44,Uganda,Jinja,Electronics,Gaming Mouse,3,38,0.2,91.2,PayPal,2026-07-19,2026-07-25,Delivered,3
ORD-03213,Michael Williams,michael.williams812@example.com,Female,61,India,Delhi,Fashion,Running Shorts,1,28,0.1,25.2,Cash on Delivery,2025-04-13,2025-04-15,Shipped,5
ORD-03214,David Brown,david.brown406@example.com,Female,70,India,Mumbai,Electronics,Smartphone X12,2,699,0.2,1118.4,Credit Card,2026-05-25,2026-06-02,Returned,5
ORD-03215,James Patel,james.patel388@example.com,Male,51,Tanzania,Dar es Salaam,Electronics,Smart Watch,4,120,0.1,432.0,PayPal,2025-09-25,2025-09-29,Shipped,5
ORD-03216,Peter Njoroge,peter.njoroge527@example.com,Male,68,Kenya,Eldoret,Fashion,Cotton T-Shirt,3,18,0.2,43.2,Mobile Money,2026-07-12,2026-07-13,Delivered,2
ORD-03217,Sarah Kiptoo,sarah.kiptoo581@example.com,Female,59,United States,Chicago,Electronics,Smartphone X12,1,699,0.2,559.2,Bank Transfer,2026-06-16,2026-06-22,Delivered,2
ORD-03218,Victor Akinyi,victor.akinyi708@example.com,Male,59,United Kingdom,Manchester,Electronics,Gaming Mouse,1,38,0,38,Credit Card,2025-10-08,2025-10-09,Delivered,3
ORD-03219,Mary Mwangi,mary.mwangi528@example.com,Female,70,South Africa,Pretoria,Electronics,USB-C Charger,4,22,0,88,Bank Transfer,2025-11-08,2025-11-10,Shipped,5
ORD-03220,Lucy Smith,lucy.smith334@example.com,Female,28,Uganda,Jinja,Electronics,Wireless Headphones,4,45,0.2,144.0,Cash on Delivery,2025-12-01,2025-12-05,Cancelled,5
ORD-03221,Victor Okafor,victor.okafor457@example.com,Male,21,Tanzania,Arusha,Electronics,Bluetooth Speaker,1,65,0.05,61.75,Debit Card,2025-03-01,2025-03-05,Delivered,5
ORD-03222,Grace Kamau,grace.kamau907@example.com,Male,37,India,Bangalore,Electronics,USB-C Charger,3,22,0,66,Bank Transfer,2025-06-11,2025-06-16,Delivered,4
ORD-03223,Esther Brown,esther.brown578@example.com,Male,37,Tanzania,Dar es Salaam,Beauty,Face Cream,1,24,0.15,20.4,Credit Card,2025-03-03,2025-03-04,Shipped,1
ORD-03224,Peter Akinyi,peter.akinyi641@example.com,Female,42,South Africa,Johannesburg,Electronics,USB-C Charger,2,22,0.15,37.4,Cash on Delivery,2025-09-09,2025-09-12,Shipped,2
ORD-03225,Aisha Otieno,aisha.otieno822@example.com,Male,50,Uganda,Kampala,Home Appliances,Electric Kettle,1,35,0.15,29.75,Cash on Delivery,2026-05-14,2026-05-19,Delivered,5
ORD-03226,Mercy Williams,mercy.williams926@example.com,Female,64,South Africa,Johannesburg,Home Appliances,Coffee Maker,2,85,0,170,Cash on Delivery,2025-06-15,2025-06-17,Shipped,4
ORD-03227,James Njoroge,james.njoroge190@example.com,Female,47,Tanzania,Arusha,Beauty,Perfume,1,70,0.25,52.5,PayPal,2025-05-06,2025-05-07,Returned,4
ORD-03228,David Akinyi,david.akinyi348@example.com,Male,39,Tanzania,Mwanza,Beauty,Body Lotion,2,19,0.25,28.5,PayPal,2026-07-20,2026-07-25,Processing,5
ORD-03229,Grace Njoroge,grace.njoroge204@example.com,Female,26,Rwanda,Butare,Fashion,Running Shorts,1,28,0.05,26.6,Cash on Delivery,2025-05-25,2025-05-30,Cancelled,4
ORD-03230,David Smith,david.smith952@example.com,Male,47,Ghana,Accra,Fashion,Sneakers,4,75,0.2,240.0,Credit Card,2026-01-29,2026-02-04,Shipped,4
ORD-03231,James Williams,james.williams114@example.com,Male,33,Ghana,Accra,Home Appliances,Coffee Maker,1,85,0.15,72.25,Mobile Money,2025-10-25,2025-10-31,Shipped,4
ORD-03232,David Wanjiku,david.wanjiku17@example.com,Male,18,South Africa,Johannesburg,Fashion,Sneakers,4,75,0.1,270.0,PayPal,2025-04-26,2025-04-30,Cancelled,1
ORD-03233,Linda Okafor,linda.okafor695@example.com,Male,61,Uganda,Kampala,Electronics,Bluetooth Speaker,1,65,0.25,48.75,Cash on Delivery,2026-01-16,2026-01-22,Shipped,5
ORD-03234,Lucy Mensah,lucy.mensah478@example.com,Female,43,United States,Los Angeles,Electronics,Laptop Pro 14,1,1150,0,1150,Debit Card,2026-08-21,2026-08-29,Processing,5
ORD-03235,John Patel,john.patel459@example.com,Female,62,India,Chennai,Home Appliances,Air Fryer,1,110,0.1,99.0,Debit Card,2025-10-24,2025-10-31,Cancelled,4
ORD-03236,Michael Kamau,michael.kamau933@example.com,Female,24,South Africa,Cape Town,Beauty,Body Lotion,1,19,0,19,Bank Transfer,2026-05-27,2026-06-02,Processing,1
ORD-03237,John Brown,john.brown289@example.com,Male,27,Ghana,Accra,Electronics,Wireless Headphones,1,45,0.15,38.25,Bank Transfer,2026-01-14,2026-01-18,Shipped,2
ORD-03238,David Kiptoo,david.kiptoo416@example.com,female,65,United Kingdom,London,HOME APPLIANCES,Electric Kettle,1,35,0.15,29.75,CASH ON DELIVERY,2025-11-11,2025-11-16,Cancelled,4
ORD-03239,Linda Kamau,linda.kamau330@example.com,Female,59,United States,Chicago,Fashion,Hoodie,1,42,0.05,39.9,Debit Card,2026-06-13,2026-06-20,Cancelled,1
ORD-03240,James Okafor,james.okafor739@example.com,Female,36,South Africa,Pretoria,Fashion,Running Shorts,3,28,0.1,75.6,Credit Card,2026-08-18,2026-08-22,Processing,4
ORD-03241,Jane Smith,jane.smith711@example.com,Male,47,United Kingdom,Manchester,Home Appliances,Air Fryer,2,110,0,220,PayPal,2025-03-11,2025-03-19,Processing,5
ORD-03242,Daniel Otieno,daniel.otieno283@example.com,Male,37,Kenya,Mombasa,Beauty,Hair Dryer,3,48,0.2,115.2,Mobile Money,2026-03-29,2026-04-02,Cancelled,4
ORD-03243,Sarah Okafor,sarah.okafor78@example.com,Male,44,Uganda,Entebbe,Beauty,Makeup Kit,2,52,0,104,Mobile Money,2026-06-23,2026-06-26,Cancelled,5
ORD-03244,James Brown,james.brown299@example.com,Male,41,Uganda,Entebbe,Beauty,Hair Dryer,2,48,0.15,81.6,Debit Card,2026-04-19,2026-04-23,Delivered,5
ORD-03245,Grace Patel,grace.patel219@example.com,Female,68,United Kingdom,London,Home Appliances,Microwave Oven,2,180,0.1,324.0,Bank Transfer,2025-10-11,2025-10-17,Cancelled,3
ORD-03246,Mary Patel,mary.patel317@example.com,Female,58,Kenya,Nakuru,Electronics,USB-C Charger,4,22,0.25,66.0,Credit Card,2025-12-12,2025-12-16,Delivered,1
ORD-03247,Victor Otieno,victor.otieno112@example.com,Male,58,Nigeria,Ibadan,Electronics,Smartphone X12,2,699,0.1,1258.2,Mobile Money,2026-08-12,2026-08-18,Shipped,4
ORD-03248,Peter Patel,peter.patel859@example.com,Female,24,Tanzania,Arusha,Home Appliances,Coffee Maker,4,85,0.05,323.0,Cash on Delivery,2026-04-26,2026-05-01,Processing,5
ORD-03249,Daniel Wanjiku,daniel.wanjiku449@example.com,Male,37,Ghana,Takoradi,Home Appliances,Electric Kettle,3,35,0.25,78.75,Debit Card,2026-06-02,2026-06-05,Delivered,4
ORD-03250,Samuel Ochieng,samuel.ochieng469@example.com,Female,28,Kenya,Kisumu,Electronics,Wireless Headphones,1,45,0.2,36.0,Credit Card,2025-12-15,2025-12-18,Delivered,5
ORD-03251,Faith Njoroge,faith.njoroge175@example.com,Male,41,United Kingdom,Manchester,Beauty,Face Cream,2,24,0.15,40.8,Credit Card,2025-02-26,2025-03-02,Returned,2
ORD-03252,Esther Brown,esther.brown356@example.com,Female,20,India,Delhi,Fashion,Sneakers,1,75,0,75,Credit Card,2026-08-05,2026-08-12,Processing,5
ORD-03253,Samuel Mwangi,samuel.mwangi595@example.com,Male,34,United Kingdom,Manchester,home appliances,Coffee Maker,1,$85.00,0.05,161.5,Credit Card,04-16-2025,04-17-2025,SHIPPED,4
ORD-03254,Victor Kiptoo,victor.kiptoo29@example.com,Female,39,Tanzania,Dar es Salaam,Beauty,Lipstick,2,16,0.05,30.4,PayPal,2025-12-29,2026-01-02,Shipped,1
ORD-03255,Kevin Kamau,kevin.kamau809@example.com,Male,61,Ghana,Kumasi,Electronics,USB-C Charger,3,22,0.1,59.4,Debit Card,2026-04-12,2026-04-20,Shipped,2
ORD-03256,Samuel Njoroge,samuel.njoroge955@example.com,Male,36,Uganda,Jinja,Home Appliances,Vacuum Cleaner,2,145,0.25,217.5,Credit Card,2026-07-08,2026-07-15,Cancelled,1
ORD-03257,Mary Kamau,mary.kamau107@example.com,Male,22,United States,Los Angeles,Fashion,Hoodie,3,42,0.2,100.8,Bank Transfer,2025-02-03,2025-02-09,Returned,2
ORD-03258,Linda Akinyi,linda.akinyi46@example.com,Female,35,South Africa,Cape Town,Home Appliances,Electric Kettle,1,35,0.15,29.75,Bank Transfer,2026-06-21,2026-06-22,Shipped,4
ORD-03259,Daniel Patel,daniel.patel113@example.com,Male,63,Uganda,Entebbe,Beauty,Body Lotion,1,19,0,19,Bank Transfer,2026-03-05,2026-03-07,Processing,4
ORD-03260,Victor Mensah,victor.mensah481@example.com,Male,21,Uganda,Kampala,Beauty,Body Lotion,1,19,0.25,14.25,Mobile Money,2025-05-04,2025-05-09,Delivered,5
ORD-03261,Mary Otieno,mary.otieno989@example.com,Female,57,India,Mumbai,Home Appliances,Microwave Oven,2,180,0,360,Credit Card,2026-01-11,2026-01-16,Returned,3
ORD-03262,Mercy Smith,mercy.smith425@example.com,Male,47,Uganda,Kampala,Beauty,Lipstick,3,16,0.05,45.6,PayPal,2025-12-05,2025-12-06,Cancelled,2
ORD-03263,Samuel Smith,samuel.smith275@example.com,Female,67,Ghana,Kumasi,Beauty,Perfume,10,70,0.1,630.0,Cash on Delivery,2026-02-11,2026-02-12,Processing,3
ORD-03264,Faith Otieno,faith.otieno883@example.com,Female,29,Nigeria,Kano,Electronics,USB-C Charger,1,22,0.15,18.7,Credit Card,2026-05-12,2026-05-14,Delivered,4
ORD-03265,Aisha Smith,aisha.smith466@example.com,Male,29,United Kingdom,Manchester,Electronics,Smartphone X12,1,699,0.25,524.25,Debit Card,2026-02-20,2026-02-25,Shipped,2
ORD-03266,Sarah Njoroge,sarah.njoroge339@example.com,Female,68,India,Delhi,Home Appliances,Electric Kettle,2,35,0,70,Mobile Money,2026-02-04,2026-02-06,Processing,4
ORD-03267,Faith Kiptoo,faith.kiptoo444@example.com,Female,18,Ghana,Kumasi,Home Appliances,Blender,3,58,0.2,139.2,Bank Transfer,2026-08-23,2026-08-27,Processing,2
ORD-03268,Grace Akinyi,grace.akinyi854@example.com,Male,58,South Africa,Cape Town,Beauty,Body Lotion,1,19,0.25,14.25,Mobile Money,2026-02-03,2026-02-10,Cancelled,5
ORD-03269,Peter Wanjiku,peter.wanjiku53@example.com,Male,19,Kenya,Eldoret,Electronics,USB-C Charger,2,22,0.15,37.4,PayPal,2025-07-10,2025-07-13,Delivered,4
ORD-03270,Brian Okafor,brian.okafor37@example.com,Male,33,Rwanda,Kigali,Home Appliances,Microwave Oven,4,180,0.2,576.0,Debit Card,2026-04-09,2026-04-11,Delivered,3
ORD-03271,Faith Mensah,faith.mensah180@example.com,Male,58,United States,Houston,Beauty,Perfume,2,70,0.2,112.0,Cash on Delivery,2026-02-22,2026-02-27,Processing,4
ORD-03272,Faith Kiptoo,faith.kiptoo749@example.com,Male,54,United States,Los Angeles,Fashion,Hoodie,1,42,0.25,31.5,Bank Transfer,2025-05-25,2025-05-30,Cancelled,1
ORD-03273,Esther Khan,esther.khan78@example.com,Male,60,United Kingdom,London,Home Appliances,Vacuum Cleaner,2,145,0.25,217.5,Cash on Delivery,2026-06-03,2026-06-04,Returned,5
ORD-03274,Michael Otieno,michael.otieno276@example.com,Female,67,Uganda,Kampala,Fashion,Denim Jacket,1,62,0.05,58.9,Mobile Money,2025-12-04,2025-12-07,Processing,2
ORD-03275,Linda Otieno,linda.otieno190@example.com,Male,27,Ghana,Takoradi,Beauty,Perfume,3,70,0.25,157.5,Debit Card,2025-11-19,2025-11-25,Processing,2
ORD-03276,Daniel Akinyi,daniel.akinyi99@example.com,Female,23,Nigeria,Port Harcourt,Fashion,Denim Jacket,2,62,0.15,105.4,Credit Card,2025-12-13,2025-12-15,Returned,4
ORD-03277,Esther Kiptoo,esther.kiptoo833@example.com,Male,64,Uganda,Jinja,Home Appliances,Air Fryer,1,110,0.2,88.0,Debit Card,2025-12-16,2025-12-24,Returned,3
ORD-03278,Kevin Khan,kevin.khan919@example.com,Male,26,Uganda,Entebbe,Electronics,Laptop Pro 14,1,1150,0,1150,Bank Transfer,2026-04-10,2026-04-13,Returned,2
ORD-03279,Mary Williams,mary.williams421@example.com,Female,31,Nigeria,Kano,Home Appliances,Microwave Oven,1,180,0.1,162.0,Credit Card,2026-08-18,2026-08-24,Cancelled,4
ORD-03280,David Mensah,david.mensah389@example.com,Female,70,Rwanda,Butare,Home Appliances,Vacuum Cleaner,2,145,0.2,232.0,Credit Card,2026-08-23,2026-08-31,Shipped,4
ORD-03281,Grace Patel,grace.patel297@example.com,Female,33,Rwanda,Butare,Home Appliances,Vacuum Cleaner,2,145,0.1,261.0,Bank Transfer,2025-01-05,2025-01-10,Processing,2
ORD-03282,Kevin Kamau,kevin.kamau510@example.com,Female,47,Uganda,Jinja,Electronics,Gaming Mouse,1,38,0.15,32.3,Debit Card,2025-10-06,2025-10-11,Shipped,2
ORD-03283,Victor Patel,victor.patel492@example.com,Male,30,Ghana,Tamale,Fashion,Running Shorts,1,28,0.25,21.0,PayPal,2026-08-14,2026-08-15,Cancelled,2
ORD-03284,Jane Okafor,jane.okafor243@example.com,Female,64,United States,Houston,Electronics,Wireless Headphones,2,45,0.2,72.0,Debit Card,2025-01-16,2025-01-20,Cancelled,2
ORD-03285,Kevin Akinyi,kevin.akinyi666@example.com,Male,45,Uganda,Entebbe,Fashion,Running Shorts,5,28,0,140,Bank Transfer,2025-10-29,2025-11-02,Cancelled,1
ORD-03286,Jane Mwangi,jane.mwangi457@example.com,Male,58,India,Mumbai,Beauty,Perfume,4,70,0.05,266.0,Debit Card,2026-01-03,2026-01-08,Shipped,4
ORD-03287,Sarah Mensah,sarah.mensah988@example.com,Male,27,United Kingdom,London,Home Appliances,Blender,1,58,0.15,49.3,Debit Card,2025-02-03,2025-02-10,Returned,5
ORD-03288,James Khan,james.khan311@example.com,Female,40,India,Bangalore,Home Appliances,Vacuum Cleaner,2,145,0.05,275.5,Bank Transfer,2025-05-02,2025-05-09,Delivered,5
ORD-03289,Mercy Mensah,mercy.mensah201@example.com,Female,24,United Kingdom,London,Beauty,Makeup Kit,1,52,0.1,46.8,Mobile Money,2025-11-26,2025-11-30,Processing,5
ORD-03290,Lucy Patel,lucy.patel396@example.com,Female,23,South Africa,Pretoria,Electronics,Gaming Mouse,1,38,0.15,32.3,Credit Card,2025-04-13,2025-04-20,Processing,4
ORD-03291,Faith Kiptoo,faith.kiptoo481@example.com,Male,23,South Africa,Pretoria,Electronics,USB-C Charger,3,22,0.25,49.5,Credit Card,2026-05-26,2026-05-31,Cancelled,4
ORD-03292,Mercy Mwangi,mercy.mwangi877@example.com,Female,18,Tanzania,Dar es Salaam,Electronics,Smartphone X12,1,699,0.2,559.2,Mobile Money,2026-04-07,2026-04-10,Cancelled,5
ORD-03293,Kevin Kamau,kevin.kamau631@example.com,Male,66,Kenya,Kisumu,Electronics,Smart Watch,1,120,0.2,96.0,Bank Transfer,2026-01-22,2026-01-30,Cancelled,5
ORD-03294,Grace Mensah,grace.mensah841@example.com,Female,27,United Kingdom,Manchester,Home Appliances,Microwave Oven,5,180,0,900,Mobile Money,2025-12-19,2025-12-23,Processing,1
ORD-03295,Faith Okafor,faith.okafor866@example.com,Female,64,Kenya,Kisumu,Beauty,Face Cream,1,24,0.1,21.6,Mobile Money,2025-02-20,2025-02-24,Shipped,5
ORD-03296,Mary Mensah,mary.mensah302@example.com,Female,23,United States,Houston,Home Appliances,Blender,1,58,0.2,46.4,Credit Card,2025-05-13,2025-05-19,Returned,5
ORD-03297,Peter Otieno,peter.otieno520@example.com,Male,66,South Africa,Pretoria,Electronics,Smartphone X12,2,699,0.25,1048.5,Debit Card,2025-07-14,2025-07-16,Returned,2
ORD-03298,Sarah Brown,sarah.brown700@example.com,Female,60,Rwanda,Butare,Fashion,Cotton T-Shirt,1,18,0.1,16.2,Cash on Delivery,2026-08-16,2026-08-18,Cancelled,4
ORD-03299,Victor Otieno,victor.otieno146@example.com,Female,39,United States,Los Angeles,Fashion,Hoodie,1,42,0.15,35.7,Mobile Money,2025-08-21,2025-08-29,Shipped,5
ORD-03300,Esther Akinyi,esther.akinyi882@example.com,Female,31,Ghana,Takoradi,Electronics,Wireless Headphones,2,45,0,90,Cash on Delivery,2025-12-07,2025-12-13,Processing,2
ORD-03301,Mercy Mwangi,mercy.mwangi552@example.com,Male,44,Kenya,Nakuru,Home Appliances,Vacuum Cleaner,3,145,0.05,413.25,Debit Card,2025-03-04,2025-03-12,Returned,5
ORD-03302,Lucy Khan,lucy.khan225@example.com,Female,23,Uganda,Kampala,Beauty,Body Lotion,1,19,0.2,15.2,Debit Card,2026-08-03,2026-08-05,Delivered,3
ORD-03303,Brian Mwangi,brian.mwangi932@example.com,Female,27,Uganda,Jinja,Electronics,Smart Watch,1,120,0.15,102.0,PayPal,2026-05-22,2026-05-27,Delivered,1
ORD-03304,Kevin Akinyi,kevin.akinyi258@example.com,Female,47,Tanzania,Dar es Salaam,Beauty,Makeup Kit,2,52,0,104,Mobile Money,2026-01-25,2026-01-29,Cancelled,1
ORD-03305,Victor Ochieng,victor.ochieng405@example.com,Female,63,India,Chennai,Home Appliances,Air Fryer,2,110,0,220,Mobile Money,2025-04-11,2025-04-16,Shipped,1
ORD-03306,Daniel Kamau,daniel.kamau730@example.com,Male,65,South Africa,Durban,Beauty,Face Cream,1,24,0,24,Debit Card,2026-05-27,2026-05-28,Returned,5
ORD-03307,Kevin Mensah,kevin.mensah30@example.com,Male,18,Kenya,Eldoret,Fashion,Cotton T-Shirt,1,18,0.25,13.5,Credit Card,2026-08-23,2026-08-29,Delivered,1
ORD-03308,Jane Akinyi,jane.akinyi330@example.com,Male,26,Uganda,Jinja,Beauty,Perfume,2,70,0,140,Cash on Delivery,2026-05-09,2026-05-13,Delivered,5
ORD-03309,Samuel Khan,samuel.khan558@example.com,Female,36,United States,Houston,Beauty,Makeup Kit,3,52,0.1,140.4,Debit Card,2025-05-20,2025-05-27,Shipped,2
ORD-03310,Kevin Brown,kevin.brown298@example.com,Male,53,South Africa,Durban,Beauty,Hair Dryer,1,48,0,48,Credit Card,2025-02-24,2025-02-27,Shipped,3
ORD-03311,Daniel Williams,daniel.williams596@example.com,Male,20,Rwanda,Kigali,Beauty,Makeup Kit,3,52,0.1,140.4,PayPal,2026-01-10,2026-01-14,Delivered,4
ORD-03312,Faith Khan,faith.khan769@example.com,Male,63,United States,Chicago,Fashion,Cotton T-Shirt,2,18,0.25,27.0,Bank Transfer,2026-04-10,2026-04-12,Shipped,5
ORD-03313,John Khan,john.khan445@example.com,Male,60,Nigeria,Kano,Fashion,Sneakers,3,75,0.25,168.75,Credit Card,2026-08-06,2026-08-09,Returned,2
ORD-03314,Sarah Williams,sarah.williams971@example.com,Male,21,United States,New York,Electronics,Laptop Pro 14,3,1150,0,3450,Cash on Delivery,2025-08-30,2025-09-03,Cancelled,4
ORD-03315,Jane Kiptoo,jane.kiptoo318@example.com,Male,35,Ghana,Tamale,Beauty,Body Lotion,4,19,0.05,72.2,PayPal,2025-03-13,2025-03-17,Cancelled,3
ORD-03316,Samuel Otieno,samuel.otieno314@example.com,Male,69,United Kingdom,Manchester,Fashion,Hoodie,5,42,0.25,157.5,Bank Transfer,2025-06-10,2025-06-14,Processing,5
ORD-03317,Mercy Kamau,mercy.kamau268@example.com,Male,38,Ghana,Accra,Fashion,Sneakers,2,75,0.1,135.0,Debit Card,2025-02-15,2025-02-16,Returned,5
ORD-03318,Faith Mensah,faith.mensah974@example.com,Male,58,United States,Chicago,Beauty,Body Lotion,1,19,0.1,17.1,Bank Transfer,2025-01-26,2025-02-02,Cancelled,4
ORD-03319,Kevin Williams,kevin.williams303@example.com,Male,52,South Africa,Cape Town,Beauty,Lipstick,5,16,0.1,72.0,Mobile Money,2025-07-02,2025-07-07,Cancelled,5
ORD-03320,Peter Brown,peter.brown187@example.com,Male,19,India,Delhi,Fashion,Hoodie,1,42,0.1,37.8,Bank Transfer,2025-01-02,2025-01-04,Processing,5
ORD-03321,Michael Mwangi,michael.mwangi59@example.com,Male,41,Uganda,Entebbe,Home Appliances,Microwave Oven,2,180,0,360,Debit Card,2026-07-17,2026-07-25,Shipped,1
,@@None!!,mary.example.com,,999,,,,,-2,€145.00,0.05,358.15,creditcard,11/08/2026,13/08/2026,,N/A
ORD-03323,Mercy Kiptoo,mercy.kiptoo789@example.com,Male,59,Rwanda,Kigali,Beauty,Face Cream,2,24,0.15,40.8,Debit Card,2025-08-01,2025-08-02,Shipped,4
ORD-03324,Mercy Otieno,mercy.otieno121@example.com,Female,28,United States,Los Angeles,Beauty,Lipstick,3,16,0.2,38.4,Credit Card,2025-10-20,2025-10-27,Shipped,2
ORD-03325,Jane Kiptoo,jane.kiptoo960@example.com,Female,40,Tanzania,Mwanza,Home Appliances,Vacuum Cleaner,1,145,0.2,116.0,Debit Card,2025-06-13,2025-06-15,Returned,5
ORD-03326,Lucy Patel,lucy.patel305@example.com,Female,22,Tanzania,Mwanza,Electronics,Smart Watch,4,120,0.2,384.0,Mobile Money,2026-05-26,2026-06-01,Cancelled,2
ORD-03327,Jane Okafor,jane.okafor439@example.com,Female,37,United States,Chicago,Home Appliances,Microwave Oven,4,180,0.2,576.0,PayPal,2026-03-24,2026-03-31,Processing,5
ORD-03328,Mary Kiptoo,mary.kiptoo476@example.com,Female,56,United States,New York,Home Appliances,Air Fryer,2,110,0.1,198.0,Credit Card,2025-10-14,2025-10-20,Processing,1
ORD-03329,John Mwangi,john.mwangi894@example.com,Female,28,Kenya,Kisumu,Fashion,Cotton T-Shirt,1,18,0.15,15.3,Mobile Money,2025-09-26,2025-10-03,Returned,5
ORD-03330,Samuel Wanjiku,samuel.wanjiku520@example.com,Male,63,United Kingdom,London,Home Appliances,Coffee Maker,1,85,0,85,Bank Transfer,2026-06-01,2026-06-07,Processing,1
ORD-03331,Aisha Ochieng,aisha.ochieng655@example.com,Male,57,Ghana,Takoradi,Home Appliances,Air Fryer,3,110,0.25,247.5,Credit Card,2025-07-04,2025-07-10,Shipped,2
ORD-03332,Lucy Mwangi,lucy.mwangi717@example.com,Female,70,South Africa,Johannesburg,Fashion,Hoodie,3,42,0.25,94.5,Debit Card,2025-05-18,2025-05-26,Processing,4
ORD-03333,David Akinyi,david.akinyi687@example.com,Male,24,Nigeria,Ibadan,Beauty,Hair Dryer,2,48,0.15,81.6,Cash on Delivery,2025-12-03,2025-12-08,Returned,3
ORD-03334,Peter Okafor,peter.okafor885@example.com,Female,60,United Kingdom,Manchester,Fashion,Running Shorts,10,28,0.05,266.0,Cash on Delivery,2026-08-08,2026-08-10,Processing,4
ORD-03335,Linda Smith,linda.smith696@example.com,Male,38,Tanzania,Mwanza,Home Appliances,Electric Kettle,1,35,0.25,26.25,Bank Transfer,2025-05-13,2025-05-14,Delivered,5
ORD-03336,Grace Kamau,grace.kamau295@example.com,Female,56,Nigeria,Port Harcourt,Home Appliances,Vacuum Cleaner,2,145,0,290,Credit Card,2025-09-02,2025-09-06,Returned,4
ORD-03337,Peter Mensah,peter.mensah770@example.com,Male,42,Nigeria,Lagos,Home Appliances,Coffee Maker,1,85,0.25,63.75,Credit Card,2026-04-09,2026-04-14,Processing,1
ORD-03338,Jaane Mensah,john@@email.com,Male,999,Tanzania, Mwanza ,fashion,Cotton T-Shirt,4 units,18,0.1,84.24,Credit card,2025.04.02,2025.04.03,,0
ORD-03339,Kevin Njoroge,kevin.njoroge379@example.com,Female,46,Uganda,Kampala,Home Appliances,Air Fryer,2,110,0.2,176.0,Cash on Delivery,2025-01-03,2025-01-11,Cancelled,4
ORD-03340,Grace Wanjiku,grace.wanjiku779@example.com,Male,41,Kenya,Nakuru,Electronics,Laptop Pro 14,1,1150,0.1,1035.0,Cash on Delivery,2025-06-25,2025-06-30,Shipped,4
ORD-03341,Aisha Njoroge,aisha.njoroge475@example.com,Male,65,India,Bangalore,Home Appliances,Vacuum Cleaner,3,145,0.2,348.0,Mobile Money,2026-02-24,2026-02-27,Returned,2
ORD-03342,Mercy Ochieng,mercy.ochieng446@example.com,Male,19,Nigeria,Ibadan,Beauty,Body Lotion,2,19,0.1,34.2,Credit Card,2026-05-25,2026-06-01,Delivered,1
ORD-03343,Daniel Akinyi,daniel.akinyi601@example.com,Female,63,South Africa,Durban,Electronics,Laptop Pro 14,1,1150,0.2,920.0,Mobile Money,2026-08-21,2026-08-23,Shipped,3
ORD-03344,Esther Wanjiku,esther.wanjiku210@example.com,Female,48,India,Bangalore,Fashion,Hoodie,1,42,0.25,31.5,Bank Transfer,2026-08-04,2026-08-09,Delivered,5
ORD-03345,Grace Okafor,grace.okafor529@example.com,Male,23,United Kingdom,Birmingham,Beauty,Makeup Kit,2,52,0,104,Mobile Money,2025-05-03,2025-05-07,Returned,2
ORD-03346,Daniel Kamau,daniel.kamau645@example.com,Male,46,Ghana,Kumasi,Fashion,Sneakers,1,75,0.05,71.25,Mobile Money,2026-04-22,2026-04-24,Returned,2
ORD-03347,Mercy Smith,mercy.smith42@example.com,Male,50,India,Chennai,Fashion,Denim Jacket,3,62,0.15,158.1,Bank Transfer,2025-07-16,2025-07-19,Delivered,2
ORD-03348,Faith Patel,faith.patel326@example.com,Female,25,Ghana,Kumasi,Electronics,Bluetooth Speaker,1,65,0.1,58.5,PayPal,2026-06-12,2026-06-14,Returned,4
ORD-03349,Mercy Mensah,mercy.mensah18@example.com,Male,18,Nigeria,Lagos,Home Appliances,Electric Kettle,2,35,0.1,63.0,Debit Card,2026-06-08,2026-06-13,Processing,2
ORD-03350,Faith Patel,faith.patel642@example.com,Male,68,United States,New York,Electronics,Smart Watch,3,120,0.25,270.0,Bank Transfer,2025-09-02,2025-09-10,Processing,4
ORD-03351,Linda Mensah,linda.mensah175@example.com,Male,39,Kenya,Mombasa,Electronics,Gaming Mouse,1,38,0.25,28.5,Debit Card,2026-05-25,2026-05-29,Processing,2
ORD-03352,Peter Patel,peter.patel160@example.com,Female,57,South Africa,Pretoria,Fashion,Denim Jacket,1,62,0.25,46.5,Mobile Money,2026-03-05,2026-03-11,Shipped,3
ORD-03353,Mary Okafor,mary.okafor141@example.com,Male,24,Rwanda,Butare,Electronics,Laptop Pro 14,1,1150,0.05,1092.5,Bank Transfer,2025-10-02,2025-10-03,Cancelled,4
ORD-03354,Brian Kamau,brian.kamau775@example.com,Male,62,Tanzania,Mwanza,Fashion,Handbag,1,55,0.2,44.0,Credit Card,2025-12-07,2025-12-08,Delivered,5
ORD-03355,Peter Ochieng,peter.ochieng605@example.com,Male,26,Uganda,Jinja,Beauty,Body Lotion,4,19,0.2,60.8,Cash on Delivery,2026-06-24,2026-06-29,Returned,5
ORD-03356,Jane Mwangi,jane.mwangi478@example.com,Male,27,Uganda,Jinja,Home Appliances,Coffee Maker,2,85,0.05,161.5,PayPal,2025-10-23,2025-10-31,Shipped,3
ORD-03357,John Mwangi,john.mwangi833@example.com,Female,42,United States,Houston,Beauty,Perfume,2,70,0.2,112.0,PayPal,2025-04-14,2025-04-19,Processing,3
ORD-03358,Peter Otieno,peter.otieno325@example.com,Female,26,Tanzania,Arusha,Home Appliances,Vacuum Cleaner,1,145,0.1,130.5,Credit Card,2025-11-02,2025-11-09,Returned,3
ORD-03359,Lucy Otieno,lucy.otieno79@example.com,Male,33,Kenya,Kisumu,Fashion,Sneakers,2,75,0.2,120.0,Cash on Delivery,2025-08-18,2025-08-25,Returned,5
ORD-03360,Linda Khan,linda.khan136@example.com,Female,65,Tanzania,Arusha,Fashion,Hoodie,1,42,0.15,35.7,Debit Card,2025-05-05,2025-05-11,Shipped,3
ORD-03361,Kevin Mwangi,kevin.mwangi776@example.com,Male,24,Ghana,Tamale,Electronics,Laptop Pro 14,1,1150,0.2,920.0,Debit Card,2025-10-22,2025-10-30,Shipped,2
ORD-03362,Mercy Njoroge,mercy.njoroge354@example.com,Female,31,United States,Chicago,Electronics,USB-C Charger,1,22,0,22,Mobile Money,2025-02-20,2025-02-21,Shipped,4
ORD-03363,Aisha Kamau,aisha.kamau1@example.com,Female,51,India,Chennai,Beauty,Perfume,1,70,0.1,63.0,Mobile Money,2026-06-27,2026-07-01,Processing,5
ORD-03364,James Mensah,james.mensah288@example.com,Female,69,United Kingdom,London,Beauty,Perfume,1,70,0,70,Cash on Delivery,2025-04-13,2025-04-14,Processing,5
ORD-03365,Mercy Mwangi,mercy.mwangi186@example.com,Male,53,India,Mumbai,Electronics,Wireless Headphones,3,45,0.2,108.0,Debit Card,2026-05-24,2026-05-28,Delivered,3
ORD-03366,Kevin Wanjiku,kevin.wanjiku291@example.com,Female,54,South Africa,Cape Town,Home Appliances,Blender,1,58,0.1,52.2,Bank Transfer,2025-04-12,2025-04-20,Delivered,2
ORD-03367,Mary Patel,mary.patel26@example.com,Male,57,India,Delhi,Fashion,Cotton T-Shirt,1,18,0.05,17.1,Mobile Money,2026-04-16,2026-04-20,Shipped,1
ORD-03368,Linda Williams,linda.williams984@example.com,Female,28,Uganda,Jinja,Fashion,Sneakers,2,75,0.25,112.5,Debit Card,2025-09-18,2025-09-26,Returned,5
ORD-03369,Jane Njoroge,jane.njoroge635@example.com,Female,69,United States,New York,Fashion,Sneakers,4,75,0.05,285.0,PayPal,2025-03-21,2025-03-22,Delivered,2
ORD-03370,Lucy Smith,lucy.smith639@example.com,Male,41,United Kingdom,Birmingham,Fashion,Handbag,3,55,0.1,148.5,Cash on Delivery,2025-02-08,2025-02-16,Returned,4
ORD-03371,Victor Njoroge,victor.njoroge505@example.com,Female,50,Nigeria,Ibadan,Fashion,Hoodie,1,42,0,42,PayPal,2025-04-20,2025-04-27,Delivered,4
ORD-03372,Brian Njoroge,brian.njoroge449@example.com,Male,42,United Kingdom,London,Electronics,Bluetooth Speaker,1,65,0,65,Credit Card,2025-04-30,2025-05-03,Cancelled,2
ORD-03373,Kevin Kiptoo,kevin.kiptoo881@example.com,Female,44,United States,Houston,Electronics,Wireless Headphones,10,45,0,450,Cash on Delivery,2026-04-28,2026-05-03,Cancelled,2
ORD-03374,Sarah Mwangi,sarah.mwangi822@example.com,Male,41,South Africa,Durban,Beauty,Makeup Kit,3,52,0,156,Credit Card,2026-02-02,2026-02-06,Shipped,4
ORD-03375,Brian Akinyi,brian.akinyi846@example.com,Male,25,India,Mumbai,Fashion,Denim Jacket,1,62,0.15,52.7,Debit Card,2025-05-23,2025-05-24,Delivered,5
ORD-03376,Samuel Williams,samuel.williams466@example.com,Female,61,Rwanda,Kigali,Fashion,Handbag,1,55,0,55,PayPal,2026-07-25,2026-07-28,Shipped,5
ORD-03377,Peter Patel,peter.patel774@example.com,Female,63,Ghana,Kumasi,Home Appliances,Blender,3,58,0.15,147.9,Credit Card,2026-05-22,2026-05-29,Cancelled,2
ORD-03378,Kevin Kiptoo,kevin.kiptoo347@example.com,Female,32,Uganda,Entebbe,Home Appliances,Vacuum Cleaner,5,145,0,725,Debit Card,2025-10-16,2025-10-19,Cancelled,4
ORD-03379,Brian Otieno,brian.otieno420@example.com,Female,62,Uganda,Entebbe,Beauty,Lipstick,3,16,0.25,36.0,PayPal,2026-02-04,2026-02-06,Cancelled,4
ORD-03380,Aisha Brown,aisha.brown45@example.com,Female,41,Uganda,Entebbe,Home Appliances,Electric Kettle,3,35,0.1,94.5,PayPal,2025-09-24,2025-09-27,Returned,3
ORD-03381,Samuel Ochieng,samuel.ochieng712@example.com,Male,59,Kenya,Nakuru,Home Appliances,Electric Kettle,2,35,0.2,56.0,Credit Card,2025-10-25,2025-11-02,Delivered,2
,@@None!!,user#mail.com,,-5,,,,,1000,KSh 48,0.20,49.92,cash on delivery,2025.11.22,2025.11.27,,-1
ORD-03383,Michael Akinyi,michael.akinyi784@example.com,Female,57,South Africa,Pretoria,Home Appliances,Blender,1,58,0.2,46.4,Debit Card,2026-08-12,2026-08-20,Processing,3
ORD-03384,Linda Akinyi,linda.akinyi414@example.com,Female,50,Ghana,Accra,Home Appliances,Electric Kettle,1,35,0.05,33.25,Cash on Delivery,2026-08-23,2026-08-31,Processing,5
ORD-03385,Mary Williams,mary.williams524@example.com,Female,24,United States,Los Angeles,Beauty,Perfume,3,70,0.05,199.5,Mobile Money,2026-06-27,2026-06-28,Cancelled,5
ORD-03386,Faith Smith,faith.smith928@example.com,Female,28,India,Bangalore,Home Appliances,Air Fryer,1,110,0.2,88.0,Bank Transfer,2026-02-27,2026-03-07,Returned,1
ORD-03387,John Khan,john.khan9@example.com,Male,64,Ghana,Takoradi,Home Appliances,Electric Kettle,1,35,0,35,PayPal,2026-01-12,2026-01-19,Delivered,2
ORD-03388,Aisha Ochieng,aisha.ochieng577@example.com,Male,63,United Kingdom,Manchester,Home Appliances,Microwave Oven,1,180,0.05,171.0,Bank Transfer,2026-01-21,2026-01-23,Delivered,2
ORD-03389,Aisha Brown,aisha.brown578@example.com,Female,60,Uganda,Entebbe,Home Appliances,Air Fryer,2,110,0.15,187.0,Mobile Money,2025-03-14,2025-03-15,Cancelled,2
ORD-03390,James Khan,james.khan606@example.com,Male,35,Kenya,Nakuru,Fashion,Denim Jacket,2,62,0.25,93.0,Credit Card,2025-03-14,2025-03-16,Shipped,4
ORD-03391,Daniel Kiptoo,daniel.kiptoo854@example.com,Male,47,South Africa,Pretoria,Electronics,Smart Watch,2,120,0.2,192.0,Bank Transfer,2026-07-20,2026-07-28,Shipped,4
ORD-03392,Linda Mwangi,linda.mwangi424@example.com,Male,21,Nigeria,Port Harcourt,Fashion,Handbag,1,55,0.05,52.25,Bank Transfer,2025-02-14,2025-02-15,Returned,4
ORD-03393,Michael Ochieng,michael.ochieng65@example.com,Male,50,United States,Los Angeles,Home Appliances,Air Fryer,1,110,0.25,82.5,Bank Transfer,2025-05-16,2025-05-22,Cancelled,5
ORD-03394,Peter Williams,peter.williams250@example.com,Female,69,Nigeria,Kano,Electronics,USB-C Charger,1,22,0.2,17.6,Credit Card,2025-02-11,2025-02-12,Delivered,4
ORD-03395,Samuel Okafor,samuel.okafor849@example.com,Male,31,Ghana,Kumasi,Fashion,Running Shorts,1,28,0.25,21.0,Bank Transfer,2025-11-23,2025-11-25,Delivered,4
ORD-03396,Daniel Brown,daniel.brown603@example.com,Male,25,Nigeria,Kano,Electronics,Laptop Pro 14,1,1150,0.05,1092.5,Cash on Delivery,2026-01-27,2026-02-04,Returned,4
ORD-03397,David Williams,david.williams823@example.com,Female,67,Nigeria,Lagos,Electronics,Bluetooth Speaker,2,65,0,130,Debit Card,2025-08-23,2025-08-26,Shipped,5
ORD-03398,Peter Okafor,peter.okafor647@example.com,Male,42,India,Chennai,Home Appliances,Electric Kettle,4,35,0.2,112.0,Credit Card,2026-03-20,2026-03-28,Delivered,2
ORD-03399,Mercy Kiptoo,mercy.kiptoo324@example.com,Male,38,United States,New York,Fashion,Cotton T-Shirt,1,18,0.1,16.2,Debit Card,2025-06-10,2025-06-15,Delivered,5
ORD-03400,Michael Akinyi,michael.akinyi633@example.com,Male,39,Ghana,Tamale,Home Appliances,Coffee Maker,2,85,0.1,153.0,PayPal,2025-06-24,2025-06-29,Shipped,2
ORD-03401,Peter Mwaangi,user#mail.com,Female,150,South Africa, Durban ,FASHION,Denim Jacket,1 units,KSh 62,0.15,105.4,Credit card,05-08-2025,05-12-2025,Shipped,6
ORD-03402,Esther Wanjiku,esther.wanjiku33@example.com,Female,62,South Africa,Johannesburg,Electronics,Gaming Mouse,4,38,0.2,121.6,Mobile Money,2026-03-04,2026-03-11,Cancelled,4
ORD-03403,Lucy Patel,lucy.patel625@example.com,Male,56,Rwanda,Kigali,Fashion,Running Shorts,2,28,0.15,47.6,Bank Transfer,2025-02-12,2025-02-17,Cancelled,4
ORD-03404,James Patel,james.patel272@example.com,Female,64,Rwanda,Butare,Home Appliances,Blender,10,58,0.1,522.0,Mobile Money,2026-02-21,2026-02-27,Delivered,4
ORD-03405,James Brown,james.brown596@example.com,Male,31,United States,New York,Home Appliances,Electric Kettle,1,35,0.15,29.75,Debit Card,2026-06-18,2026-06-26,Shipped,4
ORD-03406,Sarah Smith,sarah.smith297@example.com,Female,26,Ghana,Takoradi,Beauty,Lipstick,5,16,0.1,72.0,Bank Transfer,2025-11-09,2025-11-14,Processing,4
ORD-03407,John Otieno,john.otieno659@example.com,Female,24,Uganda,Jinja,Electronics,Smartphone X12,4,699,0,2796,PayPal,2025-08-28,2025-09-04,Returned,4
ORD-03408,Peter Brown,peter.brown251@example.com,Female,31,South Africa,Cape Town,Fashion,Denim Jacket,10,62,0.1,558.0,Debit Card,2026-02-01,2026-02-08,Shipped,5
ORD-03409,Jane Mwangi,jane.mwangi620@example.com,Male,58,United Kingdom,Birmingham,Beauty,Hair Dryer,3,48,0.25,108.0,Bank Transfer,2025-01-06,2025-01-10,Returned,4
ORD-03410,David Williams,david.williams627@example.com,Female,22,Nigeria,Abuja,Fashion,Running Shorts,2,28,0.15,47.6,Credit Card,2026-04-13,2026-04-21,Processing,1
ORD-03411,Samuel Patel,samuel.patel158@example.com,Male,31,Nigeria,Lagos,Home Appliances,Coffee Maker,3,85,0,255,PayPal,2025-12-29,2026-01-02,Shipped,5
ORD-03412,Mary Mensah,mary.mensah795@example.com,Female,22,Nigeria,Ibadan,Beauty,Makeup Kit,4,52,0.1,187.2,PayPal,2025-07-26,2025-08-03,Delivered,5
ORD-03413,Mary Smith,mary.smith962@example.com,Male,56,United States,Chicago,Electronics,Gaming Mouse,3,38,0,114,Cash on Delivery,2025-03-05,2025-03-06,Processing,5
ORD-03414,John Smith,john.smith385@example.com,Female,39,Kenya,Nairobi,Fashion,Handbag,2,55,0.05,104.5,Mobile Money,2026-08-03,2026-08-08,Cancelled,2
ORD-03415,Samuel Williams,samuel.williams456@example.com,Male,44,United Kingdom,London,Fashion,Handbag,3,55,0.05,156.75,Debit Card,2025-04-13,2025-04-15,Delivered,3
ORD-03416,David Mwangi,david.mwangi112@example.com,Male,35,United States,HOUSTON,fashion,Hoodie,2,$42.00,0.15,142.8,Cash on Delivery,2026.03.19,2026.03.24,shipped,2
ORD-03417,Peter Khan,peter.khan319@example.com,Female,21,Uganda,Jinja,Fashion,Running Shorts,2,28,0.2,44.8,Mobile Money,2026-06-30,2026-07-05,Processing,5
ORD-03418,Victor Njoroge,victor.njoroge821@example.com,Male,70,India,Bangalore,Beauty,Hair Dryer,1,48,0.2,38.4,Cash on Delivery,2025-11-09,2025-11-15,Cancelled,4
ORD-03419,Peter Akinyi,peter.akinyi709@example.com,Male,36,United Kingdom,Birmingham,Fashion,Denim Jacket,4,62,0.1,223.2,Credit Card,2025-10-14,2025-10-17,Delivered,1
ORD-03420,Michael Okafor,michael.okafor330@example.com,Female,69,India,Chennai,Electronics,Wireless Headphones,3,45,0.15,114.75,Bank Transfer,2026-01-16,2026-01-20,Delivered,5
ORD-03421,Mercy Otieno,mercy.otieno870@example.com,Male,68,United States,Los Angeles,Beauty,Perfume,5,KSh 70,0.15,386.75,Debit Card,2025.08.31,2025.09.06,Delivered,4
ORD-03422,Grace Otieno,grace.otieno837@example.com,Male,40,Rwanda,Kigali,Beauty,Lipstick,2,16,0.05,30.4,Bank Transfer,2025-11-15,2025-11-21,Cancelled,5
ORD-03423,Michael Akinyi,michael.akinyi125@example.com,Male,49,Nigeria,Abuja,Electronics,Laptop Pro 14,3,1150,0,3450,Debit Card,2025-07-31,2025-08-06,Cancelled,5
ORD-03424,Esther Mensah,esther.mensah317@example.com,Male,37,Uganda,Jinja,Fashion,Sneakers,1,75,0.1,67.5,Mobile Money,2026-07-21,2026-07-29,Delivered,5
ORD-03425,Jane Khan,jane.khan714@example.com,Male,60,Nigeria,Abuja,Home Appliances,Coffee Maker,4,85,0.05,323.0,PayPal,2025-02-27,2025-03-05,Returned,4
ORD-03426,Kevin Mensah,kevin.mensah435@example.com,Female,68,Ghana,Tamale,Beauty,Perfume,2,70,0.15,119.0,Credit Card,2025-07-23,2025-07-27,Cancelled,4
ORD-03427,Linda Okafor,linda.okafor301@example.com,Female,27,Ghana,Accra,Fashion,Hoodie,1,42,0.2,33.6,PayPal,2026-05-08,2026-05-14,Shipped,1
ORD-03428,Jane Ochieng,jane.ochieng847@example.com,Female,42,United States,Chicago,Electronics,Laptop Pro 14,2,1150,0.25,1725.0,Cash on Delivery,2025-04-17,2025-04-20,Processing,5
ORD-03429,Victor Wanjiku,victor.wanjiku211@example.com,Male,24,Rwanda,Butare,Home Appliances,Blender,1,58,0.1,52.2,Bank Transfer,2025-03-31,2025-04-06,Returned,4
ORD-03430,James Ochieng,james.ochieng403@example.com,Male,63,Kenya,Mombasa,Beauty,Makeup Kit,3,52,0,156,Debit Card,2025-09-09,2025-09-16,Shipped,2
ORD-03431,David Kiptoo,david.kiptoo839@example.com,Female,40,Nigeria,Kano,Home Appliances,Electric Kettle,1,35,0.25,26.25,Credit Card,2025-04-06,2025-04-10,Cancelled,5
ORD-03432,Lucy Smith,lucy.smith330@example.com,Female,35,South Africa,Pretoria,Electronics,Laptop Pro 14,2,1150,0.2,1840.0,Mobile Money,2025-07-23,2025-07-24,Processing,1
ORD-03433,Esther Patel,esther.patel862@example.com,Female,65,United States,Los Angeles,Beauty,Hair Dryer,1,48,0.1,43.2,Mobile Money,2025-04-13,2025-04-17,Shipped,1
ORD-03434,Mary Akinyi,mary.akinyi468@example.com,Female,65,Ghana,Tamale,Fashion,Denim Jacket,2,62,0.05,117.8,Credit Card,2026-04-20,2026-04-27,Cancelled,4
ORD-03435,Esther Kiptoo,esther.kiptoo46@example.com,Female,42,Ghana,Tamale,Electronics,USB-C Charger,2,22,0.15,37.4,Debit Card,2025-01-20,2025-01-26,Cancelled,5
ORD-03436,Kevin Otieno,kevin.otieno395@example.com,Female,66,Kenya,Nakuru,Beauty,Hair Dryer,1,48,0.25,36.0,Credit Card,2026-05-24,2026-05-29,Processing,4
ORD-03437,Lucy Okafor,lucy.okafor865@example.com,Female,31,Uganda,Kampala,Home Appliances,Electric Kettle,2,35,0.2,56.0,Credit Card,2026-08-21,2026-08-28,Delivered,1
ORD-03438,Grace Kiptoo,grace.kiptoo648@example.com,Male,31,United Kingdom,Birmingham,Fashion,Sneakers,4,75,0.15,255.0,Credit Card,2025-08-09,2025-08-12,Returned,4
ORD-03439,Brian Kamau,brian.kamau424@example.com,Male,39,India,Delhi,Electronics,Smart Watch,2,120,0.2,192.0,Bank Transfer,2025-04-10,2025-04-12,Processing,4
ORD-03440,Peter Brown,peter.brown129@example.com,Female,26,Kenya,Nairobi,Electronics,Smart Watch,1,120,0.15,102.0,Credit Card,2025-05-15,2025-05-20,Processing,5
ORD-03441,Esther Akinyi,esther.akinyi813@example.com,Male,65,United Kingdom,Birmingham,Fashion,Denim Jacket,2,62,0.15,105.4,Credit Card,2026-05-15,2026-05-23,Shipped,2
ORD-03442,Peter Otieno,peter.otieno731@example.com,Female,68,India,Chennai,Home Appliances,Vacuum Cleaner,1,145,0.05,137.75,PayPal,2026-03-13,2026-03-16,Processing,4
ORD-03443,Brian Akinyi,brian.akinyi448@example.com,Female,66,United States,Los Angeles,Home Appliances,Air Fryer,1,110,0.2,88.0,Debit Card,2025-12-12,2025-12-14,Returned,4
ORD-03444,Kevin Kiptoo,kevin.kiptoo177@example.com,MALE,52,Ghana,,Electronics,Gaming Mouse,1000,38,0.20,39.52,Pay Pal,07-19-2025,07-24-2025,Processing,1
ORD-03445,Linda Wanjiku,linda.wanjiku630@example.com,Male,53,Tanzania,Arusha,Home Appliances,Vacuum Cleaner,1,145,0.2,116.0,PayPal,2025-04-19,2025-04-22,Returned,3
ORD-03446,Mary Wanjiku,mary.wanjiku788@example.com,Female,22,United States,Los Angeles,Home Appliances,Air Fryer,4,110,0.1,396.0,Bank Transfer,2025-03-09,2025-03-13,Cancelled,3
ORD-03447,Victor Khan,victor.khan440@example.com,Male,62,United Kingdom,Birmingham,Beauty,Hair Dryer,2,48,0.2,76.8,PayPal,2026-07-13,2026-07-21,Processing,4
ORD-03448,Faith Smith,faith.smith821@example.com,Male,51,United States,New York,Fashion,Cotton T-Shirt,1,18,0.1,16.2,Mobile Money,2025-09-27,2025-09-29,Processing,1
ORD-03449,Mary Khan,mary.khan432@example.com,Female,70,Ghana,Takoradi,Beauty,Lipstick,1,16,0.05,15.2,Debit Card,2025-02-20,2025-02-24,Shipped,5
ORD-03450,Mary Patel,mary.patel754@example.com,Female,61,United States,Los Angeles,Beauty,Hair Dryer,1,48,0,48,Bank Transfer,2025-07-27,2025-08-04,Delivered,1
ORD-03451,Mary Mensah,mary.mensah754@example.com,Female,33,Kenya,Nairobi,Fashion,Running Shorts,4,28,0.1,100.8,Bank Transfer,2026-06-08,2026-06-11,Delivered,4
ORD-03452,John Kiptoo,john.kiptoo407@example.com,Female,43,United States,Chicago,Fashion,Sneakers,1,75,0.25,56.25,Cash on Delivery,2026-03-23,2026-03-29,Processing,1
ORD-03453,Jane Patel,jane.patel513@example.com,Female,58,United Kingdom,Manchester,Beauty,Body Lotion,2,19,0.1,34.2,Cash on Delivery,2025-12-31,2026-01-08,Cancelled,5
ORD-03454,Lucy Kiptoo,lucy.kiptoo69@example.com,Male,59,Uganda,Jinja,Electronics,USB-C Charger,4,22,0.2,70.4,Debit Card,2026-01-20,2026-01-23,Returned,4
ORD-03455,James Kiptoo,james.kiptoo402@example.com,Female,51,Nigeria,Lagos,Fashion,Denim Jacket,3,62,0.25,139.5,Credit Card,2026-07-10,2026-07-15,Delivered,2
ORD-03456,Peter Khan,peter.khan144@example.com,Male,34,Rwanda,Butare,Electronics,Laptop Pro 14,1,1150,0,1150,Debit Card,2025-04-09,2025-04-14,Delivered,4
ORD-03457,Aisha Patel,aisha.patel577@example.com,Female,36,Rwanda,Butare,Electronics,Gaming Mouse,1,38,0.1,34.2,Debit Card,2026-05-03,2026-05-10,Returned,1
ORD-03458,Victor Njoroge,victor.njoroge56@example.com,Female,37,Nigeria,Lagos,Home Appliances,Coffee Maker,2,85,0.05,161.5,Mobile Money,2025-07-30,2025-08-06,Cancelled,5
ORD-03459,Kevin Akinyi,kevin.akinyi308@example.com,Female,58,India,Chennai,Beauty,Lipstick,1,16,0,16,Bank Transfer,2026-02-18,2026-02-20,Shipped,3
ORD-03460,Kevin Smith,kevin.smith901@example.com,Female,37,Nigeria,Ibadan,Fashion,Running Shorts,4,28,0.25,84.0,Credit Card,2025-09-08,2025-09-10,Delivered,2
ORD-03461,Aisha Mwangi,aisha.mwangi107@example.com,Female,61,Tanzania,Mwanza,Electronics,Bluetooth Speaker,1,65,0,65,Bank Transfer,2025-02-02,2025-02-06,Processing,4
ORD-03462,Brian Mwangi,brian.mwangi65@example.com,Female,36,South Africa,Pretoria,Fashion,Denim Jacket,1,62,0.1,55.8,Mobile Money,2025-05-07,2025-05-15,Shipped,4
ORD-03463,Mercy Otieno,mercy.otieno101@example.com,Male,20,United States,Los Angeles,Home Appliances,Coffee Maker,1,85,0.25,63.75,PayPal,2026-05-22,2026-05-25,Returned,4
ORD-03464,Linda Smith,linda.smith582@example.com,Male,44,Nigeria,Ibadan,Electronics,USB-C Charger,3,22,0,66,PayPal,2025-03-24,2025-03-28,Delivered,2
ORD-03465,Peter Kamau,peter.kamau625@example.com,Female,43,Uganda,Jinja,Beauty,Face Cream,2,24,0.15,40.8,PayPal,2025-06-25,2025-07-03,Processing,1
ORD-03466,Michael Okafor,michael.okafor381@example.com,Female,62,Rwanda,Butare,Beauty,Body Lotion,1,19,0.05,18.05,Mobile Money,2026-04-19,2026-04-21,Delivered,5
ORD-03467,Linda Ochieng,linda.ochieng682@example.com,Female,66,India,Delhi,Electronics,USB-C Charger,1,22,0.25,16.5,Debit Card,2025-01-12,2025-01-13,Cancelled,2
ORD-03468,James Patel,james.patel298@example.com,Male,30,Rwanda,Kigali,Home Appliances,Blender,1,58,0.15,49.3,Cash on Delivery,2025-01-11,2025-01-15,Cancelled,5
ORD-03469,Victor Mwangi,victor.mwangi756@example.com,Male,56,Kenya,Nakuru,Home Appliances,Microwave Oven,4,180,0.1,648.0,Bank Transfer,2026-07-08,2026-07-15,Processing,5
ORD-03470,Aisha Ochieng,aisha.ochieng215@example.com,Male,64,United Kingdom,Manchester,Home Appliances,Vacuum Cleaner,2,145,0.25,217.5,Mobile Money,2025-06-20,2025-06-27,Returned,5
ORD-03471,Linda Okafor,linda.okafor377@example.com,Female,68,South Africa,Pretoria,Home Appliances,Blender,5,58,0.25,217.5,Bank Transfer,2025-12-02,2025-12-10,Cancelled,5
ORD-03472,Lucy Wanjiku,lucy.wanjiku19@example.com,Male,50,South Africa,Johannesburg,Fashion,Cotton T-Shirt,3,18,0.15,45.9,Debit Card,2025-08-16,2025-08-19,Processing,2
ORD-03473,Samuel Mwangi,samuel.mwangi771@example.com,Female,33,Tanzania,Dar es Salaam,Home Appliances,Air Fryer,1,110,0.15,93.5,PayPal,2025-01-04,2025-01-09,Processing,4
ORD-03474,Esther Kiptoo,esther.kiptoo182@example.com,Female,27,United States,Chicago,Electronics,Bluetooth Speaker,3,65,0.05,185.25,Credit Card,2026-05-19,2026-05-27,Shipped,4
ORD-03475,Daniel Akinyi,daniel.akinyi539@example.com,Female,67,Ghana,Accra,Beauty,Face Cream,1,24,0.05,22.8,Mobile Money,2025-10-07,2025-10-09,Returned,5
ORD-03476,Faith Williams,faith.williams815@example.com,Male,57,India,Chennai,Beauty,Body Lotion,1,19,0.25,14.25,Debit Card,2025-09-09,2025-09-13,Returned,5
ORD-03477,Brian Akinyi,brian.akinyi526@example.com,Female,25,Rwanda,Kigali,Beauty,Body Lotion,2,19,0.2,30.4,Credit Card,2025-08-04,2025-08-11,Cancelled,5
ORD-03478,Mercy Patel,mercy.patel728@example.com,Male,58,Ghana,Kumasi,Home Appliances,Air Fryer,2,110,0.25,165.0,Bank Transfer,2026-05-07,2026-05-15,Processing,2
ORD-03479,Samuel Ochieng,samuel.ochieng683@example.com,Male,30,India,Mumbai,Beauty,Body Lotion,1,19,0.2,15.2,Cash on Delivery,2025-10-24,2025-10-27,Processing,5
ORD-03480,Esther Otieno,esther.otieno548@example.com,Male,23,Rwanda,Butare,Fashion,Running Shorts,1,28,0.25,21.0,Mobile Money,2026-04-06,2026-04-13,Cancelled,4
ORD-03481,Mercy Njoroge,mercy.njoroge78@example.com,Male,52,United Kingdom,Manchester,Beauty,Makeup Kit,2,52,0.25,78.0,Cash on Delivery,2025-02-16,2025-02-22,Cancelled,5
ORD-03482,Linda Mwangi,linda.mwangi44@example.com,Female,60,Rwanda,Kigali,Fashion,Sneakers,1,75,0.25,56.25,Mobile Money,2025-06-11,2025-06-16,Delivered,2
ORD-03483,Linda Njoroge,linda.njoroge193@example.com,Female,42,South Africa,Cape Town,Fashion,Cotton T-Shirt,10,18,0.25,135.0,Cash on Delivery,2025-04-22,2025-04-27,Delivered,4
ORD-03484,John Kiptoo,john.kiptoo244@example.com,Female,41,Rwanda,Butare,Electronics,Smartphone X12,1,699,0.1,629.1,Mobile Money,2025-07-06,2025-07-11,Shipped,4
ORD-03485,Peter Ochieng,peter.ochieng12@example.com,Male,47,Tanzania,Arusha,Fashion,Handbag,2,55,0.2,88.0,Debit Card,2026-07-21,2026-07-26,Returned,4
ORD-03486,James Kiptoo,james.kiptoo445@example.com,Male,61,Tanzania,Mwanza,Electronics,Wireless Headphones,2,45,0.2,72.0,Credit Card,2025-10-02,2025-10-08,Processing,5
ORD-03487,Faith Akinyi,faith.akinyi739@example.com,Female,56,Uganda,Jinja,Electronics,Bluetooth Speaker,2,65,0.15,110.5,PayPal,2026-01-19,2026-01-24,Processing,2
ORD-03488,Linda Brown,linda.brown941@example.com,Female,54,Rwanda,Butare,Beauty,Face Cream,2,24,0.15,40.8,Debit Card,2026-04-13,2026-04-16,Shipped,2
ORD-03489,Faith Ochieng,faith.ochieng11@example.com,Female,27,Uganda,Entebbe,Electronics,Gaming Mouse,10,38,0.05,361.0,PayPal,2025-01-12,2025-01-15,Delivered,4
ORD-03490,Faith Patel,faith.patel551@example.com,Male,62,United States,Los Angeles,Beauty,Makeup Kit,1,52,0.2,41.6,PayPal,2025-11-23,2025-11-25,Shipped,3
ORD-03491,Brian Williams,brian.williams980@example.com,Female,20,Rwanda,Kigali,Electronics,USB-C Charger,2,22,0,44,Credit Card,2025-12-17,2025-12-18,Cancelled,1
ORD-03492,Victor Wanjiku,victor.wanjiku888@example.com,Male,55,India,Mumbai,Home Appliances,Blender,2,58,0.1,104.4,PayPal,2025-05-28,2025-06-02,Processing,3
ORD-03493,Sarah Mensah,sarah.mensah317@example.com,Male,35,Tanzania,Dar es Salaam,Fashion,Denim Jacket,1,62,0.1,55.8,Credit Card,2025-07-14,2025-07-20,Cancelled,5
ORD-03494,Peter Kiptoo,peter.kiptoo598@example.com,Male,38,India,Delhi,Fashion,Sneakers,1,75,0,75,Bank Transfer,2026-05-09,2026-05-10,Cancelled,3
ORD-03495,David Williams,david.williams144@example.com,Female,51,Nigeria,Lagos,Beauty,Perfume,1,70,0,70,Cash on Delivery,2025-10-26,2025-10-27,Delivered,5
ORD-03496,James Otieno,james.otieno71@example.com,Female,35,South Africa,Johannesburg,Beauty,Body Lotion,3,19,0.05,54.15,Cash on Delivery,2025-05-16,2025-05-24,Returned,4
ORD-03497,John Williams,john.williams658@example.com,Female,29,India,Chennai,Fashion,Hoodie,2,42,0.05,79.8,Credit Card,2025-02-27,2025-03-05,Returned,2
ORD-03498,Grace Mensah,grace.mensah99@example.com,Female,27,Tanzania,Arusha,Electronics,Smart Watch,4,120,0.25,360.0,Bank Transfer,2025-02-24,2025-03-01,Returned,5
ORD-03499,David Okafor,david.okafor997@example.com,Female,35,United Kingdom,Birmingham,Beauty,Hair Dryer,1,48,0.2,38.4,Mobile Money,2025-01-16,2025-01-20,Processing,5
ORD-03500,Jane Mwangi,jane.mwangi523@example.com,Female,47,United States,New York,Fashion,Handbag,2,55,0,110,PayPal,2026-06-27,2026-07-05,Cancelled,1
ORD-03501,Victor Smith,victor.smith317@example.com,Female,35,South Africa,Johannesburg,Electronics,Gaming Mouse,1,38,0,38,Credit Card,2025-04-21,2025-04-27,Shipped,1
ORD-03502,Samuel Kiptoo,samuel.kiptoo857@example.com,Female,21,South Africa,Durban,Electronics,USB-C Charger,1,22,0.1,19.8,Credit Card,2025-01-30,2025-02-05,Returned,5
ORD-03503,Victor Wanjiku,victor.wanjiku846@example.com,Female,69,Tanzania,Mwanza,Beauty,Lipstick,1,16,0.2,12.8,Credit Card,2026-08-10,2026-08-14,Returned,5
ORD-03504,Mary Brown,mary.brown196@example.com,Male,38,Uganda,Kampala,Beauty,Perfume,4,70,0.2,224.0,Credit Card,2025-03-26,2025-04-02,Returned,4
ORD-03505,Aisha Mwangi,aisha.mwangi692@example.com,Male,59,Ghana,Takoradi,Beauty,Hair Dryer,2,48,0.1,86.4,Credit Card,2025-06-22,2025-06-24,Returned,1
ORD-03506,Sarah Kamau,sarah.kamau802@example.com,Male,32,Rwanda,Butare,Fashion,Denim Jacket,2,62,0.05,117.8,PayPal,2025-01-08,2025-01-12,Processing,1
ORD-03507,Kevin Brown,kevin.brown904@example.com,Female,29,South Africa,Pretoria,Electronics,Smartphone X12,1,699,0.05,664.05,PayPal,2025-09-28,2025-10-01,Cancelled,4
ORD-03508,Peter Khan,peter.khan568@example.com,Male,20,United Kingdom,Manchester,Beauty,Body Lotion,1,19,0.25,14.25,Cash on Delivery,2025-02-20,2025-02-26,Processing,5
ORD-03509,David Patel,david.patel322@example.com,Male,35,South Africa,Johannesburg,Home Appliances,Microwave Oven,3,180,0,540,Cash on Delivery,2026-07-11,2026-07-17,Delivered,4
ORD-03510,Daniel Mensah,daniel.mensah949@example.com,Male,64,Kenya,Nakuru,Beauty,Body Lotion,5,19,0.25,71.25,Bank Transfer,2025-10-16,2025-10-18,Delivered,3
ORD-03511,Mercy Akinyi,mercy.akinyi259@example.com,Female,25,Uganda,Entebbe,Beauty,Face Cream,4,24,0.25,72.0,Mobile Money,2025-04-06,2025-04-07,Processing,1
ORD-03512,Lucy Patel,lucy.patel803@example.com,Female,38,Ghana,Takoradi,Beauty,Lipstick,2,16,0.1,28.8,Mobile Money,2025-08-29,2025-09-05,Cancelled,2
ORD-03513,Faith Mwangi,faith.mwangi289@example.com,Male,67,Tanzania,Mwanza,Home Appliances,Vacuum Cleaner,2,145,0.05,275.5,Mobile Money,2025-08-27,2025-08-29,Shipped,4
ORD-03514,Samuel Kamau,samuel.kamau320@example.com,Male,42,Rwanda,Butare,Home Appliances,Vacuum Cleaner,2,145,0.2,232.0,Debit Card,2026-07-16,2026-07-20,Processing,4
ORD-03515,David Smith,david.smith205@example.com,Male,22,Kenya,Kisumu,Fashion,Denim Jacket,1,62,0.1,55.8,Credit Card,2025-12-20,2025-12-27,Cancelled,1
ORD-03516,Michael Patel,michael.patel592@example.com,Male,68,Ghana,Takoradi,Home Appliances,Microwave Oven,1,180,0.1,162.0,Debit Card,2026-04-02,2026-04-05,Shipped,5
ORD-03517,Sarah Otieno,sarah.otieno903@example.com,Female,28,Nigeria,Port Harcourt,Beauty,Face Cream,2,24,0.15,40.8,Cash on Delivery,2026-06-19,2026-06-25,Processing,5
ORD-03518,Lucy Ochieng,lucy.ochieng541@example.com,Female,46,Nigeria,Abuja,Home Appliances,Coffee Maker,2,85,0.15,144.5,Mobile Money,2026-04-03,2026-04-08,Shipped,1
ORD-03519,Peter Njoroge,peter.njoroge497@example.com,Male,55,Ghana,Takoradi,Electronics,Laptop Pro 14,2,1150,0.15,1955.0,Debit Card,2026-01-30,2026-02-01,Processing,5
ORD-03520,Daniel Akinyi,daniel.akinyi321@example.com,Male,22,Tanzania,Dar es Salaam,Electronics,Smart Watch,1,120,0.1,108.0,Debit Card,2025-10-24,2025-10-26,Returned,3
ORD-03521,David Smith,david.smith463@example.com,Female,21,South Africa,Durban,Home Appliances,Air Fryer,1,110,0.15,93.5,PayPal,2025-09-15,2025-09-17,Processing,3
ORD-03522,Samuel Mensah,samuel.mensah98@example.com,Female,35,South Africa,Pretoria,Home Appliances,Electric Kettle,1,35,0.1,31.5,PayPal,2025-04-22,2025-04-29,Delivered,5
ORD-03523,Daniel Ochieng,daniel.ochieng742@example.com,Male,57,United States,Chicago,Fashion,Handbag,1,55,0.2,44.0,Bank Transfer,2025-07-26,2025-07-31,Cancelled,1
ORD-03524,Linda Smith,linda.smith105@example.com,Female,60,Kenya,Eldoret,Electronics,USB-C Charger,1,22,0.1,19.8,Cash on Delivery,2025-12-20,2025-12-22,Processing,3
ORD-03525,Linda Patel,linda.patel218@example.com,Male,42,India,Bangalore,Home Appliances,Vacuum Cleaner,3,145,0.2,348.0,Mobile Money,2026-04-24,2026-04-27,Cancelled,5
ORD-03526,David Kiptoo,david.kiptoo848@example.com,Female,52,United Kingdom,London,Home Appliances,Electric Kettle,4,35,0.2,112.0,Mobile Money,2026-06-27,2026-06-30,Shipped,4
ORD-03527,Samuel Mwangi,samuel.mwangi257@example.com,Male,39,Kenya,Eldoret,Electronics,USB-C Charger,4,22,0.1,79.2,Credit Card,2025-08-30,2025-08-31,Cancelled,5
ORD-03528,James Kamau,james.kamau859@example.com,Female,50,Uganda,Entebbe,Electronics,Laptop Pro 14,2,1150,0,2300,Credit Card,2025-08-25,2025-08-29,Shipped,1
ORD-03529,Linda Wanjiku,linda.wanjiku853@example.com,Female,45,Rwanda,Kigali,Fashion,Handbag,1,55,0.05,52.25,Debit Card,2025-03-02,2025-03-07,Shipped,4
ORD-03530,Faith Akinyi,faith.akinyi216@example.com,Male,38,Rwanda,Kigali,Home Appliances,Vacuum Cleaner,1,145,0.15,123.25,Bank Transfer,2025-06-18,2025-06-25,Processing,4
ORD-03531,Michael Khan,michael.khan195@example.com,Female,67,South Africa,Johannesburg,Home Appliances,Electric Kettle,5,35,0.2,140.0,Bank Transfer,2026-01-14,2026-01-16,Processing,2
ORD-03532,Samuel Patel,samuel.patel64@example.com,Male,63,India,Chennai,Home Appliances,Electric Kettle,1,35,0.25,26.25,Mobile Money,2026-07-30,2026-08-07,Processing,2
ORD-03533,Samuel Mwangi,samuel.mwangi94@example.com,Male,68,Tanzania,Dar es Salaam,Home Appliances,Coffee Maker,2,85,0,170,PayPal,2025-04-02,2025-04-06,Cancelled,4
ORD-03534,Esther Ochieng,esther.ochieng44@example.com,Male,44,Kenya,Mombasa,Home Appliances,Blender,4,58,0.05,220.4,Debit Card,2026-07-07,2026-07-10,Returned,2
ORD-03535,Victor Mwangi,victor.mwangi377@example.com,Male,53,Tanzania,Arusha,Fashion,Hoodie,2,42,0.1,75.6,Bank Transfer,2025-06-09,2025-06-15,Cancelled,1
ORD-03536,Michael Akinyi,michael.akinyi408@example.com,Female,41,United States,Houston,Fashion,Hoodie,1,42,0.15,35.7,Cash on Delivery,2025-04-15,2025-04-18,Returned,5
ORD-03537,Jane Williams,jane.williams465@example.com,Male,21,Rwanda,Kigali,Fashion,Handbag,2,55,0.15,93.5,Debit Card,2025-03-24,2025-03-25,Shipped,1
ORD-03538,Daniel Otieno,daniel.otieno76@example.com,Female,37,South Africa,Cape Town,Beauty,Hair Dryer,3,48,0.25,108.0,PayPal,2026-06-08,2026-06-12,Processing,4
ORD-03539,Faith Mensah,faith.mensah436@example.com,Male,51,Tanzania,Arusha,Home Appliances,Vacuum Cleaner,2,145,0.25,217.5,Debit Card,2026-07-30,2026-08-02,Processing,3
ORD-03540,Aisha Kamau,aisha.kamau361@example.com,Female,22,South Africa,Johannesburg,Fashion,Cotton T-Shirt,2,18,0.1,32.4,Mobile Money,2025-07-20,2025-07-25,Cancelled,4
ORD-03541,Jane Njoroge,jane.njoroge799@example.com,FEMALE,38,KENYA,nakuru,Fashion,Running Shorts,1,28,0,28,CREDIT CARD,2025-04-18,2025-04-19,Delivered,5
ORD-03542,Daniel Kamau,daniel.kamau269@example.com,Male,26,India,Delhi,Fashion,Denim Jacket,1,62,0.1,55.8,Debit Card,2026-02-24,2026-02-28,Cancelled,5
ORD-03543,Grace Akinyi,grace.akinyi662@example.com,Female,20,Ghana,Accra,Home Appliances,Blender,1,58,0.15,49.3,Cash on Delivery,2025-11-26,2025-11-28,Cancelled,4
ORD-03544,Grace Smith,grace.smith362@example.com,Male,66,United States,Los Angeles,Electronics,Gaming Mouse,3,38,0,114,Cash on Delivery,2025-08-02,2025-08-05,Processing,4
ORD-03545,Esther Mensah,esther.mensah697@example.com,Male,20,Ghana,Takoradi,Fashion,Cotton T-Shirt,1,18,0.1,16.2,Bank Transfer,2025-07-16,2025-07-23,Returned,4
ORD-03546,Faith Otieno,faith.otieno206@example.com,Male,63,Nigeria,Lagos,Home Appliances,Microwave Oven,1,180,0.15,153.0,PayPal,2025-12-29,2026-01-03,Shipped,3
ORD-03547,Samuel Ochieng,samuel.ochieng901@example.com,Male,29,United Kingdom,Birmingham,Beauty,Lipstick,2,16,0.05,30.4,Credit Card,2025-12-04,2025-12-11,Returned,3
ORD-03548,Linda Brown,linda.brown575@example.com,Female,45,India,Chennai,Electronics,Smart Watch,2,120,0,240,Cash on Delivery,2026-08-06,2026-08-13,Returned,5
ORD-03549,Michael Mwangi,michael.mwangi399@example.com,MALE,25,united kingdom,london,Electronics,Laptop Pro 14,2,1150,0.2,1840.0,Bank Transfer,2025-08-29,2025-08-31,Delivered,5
ORD-03550,Mary Otieno,mary.otieno517@example.com,Female,67,South Africa,Durban,Fashion,Denim Jacket,1,62,0.15,52.7,Mobile Money,2026-02-23,2026-03-02,Returned,5
ORD-03551,Aisha Khan,aisha.khan69@example.com,Female,21,United Kingdom,Birmingham,Home Appliances,Electric Kettle,1,35,0.15,29.75,Bank Transfer,2025-12-30,2026-01-01,Returned,3
ORD-03552,Kevin Kamau,kevin.kamau19@example.com,Female,39,United States,Chicago,Beauty,Makeup Kit,1,52,0.1,46.8,Bank Transfer,2026-03-26,2026-04-03,Delivered,1
ORD-03553,Sarah Khan,sarah.khan645@example.com,Female,52,Kenya,Mombasa,Beauty,Hair Dryer,2,48,0,96,Mobile Money,2026-07-16,2026-07-23,Returned,5
ORD-03554,Kevin Kamau,kevin.kamau269@example.com,Female,54,Tanzania,Mwanza,Home Appliances,Electric Kettle,1,35,0.05,33.25,Credit Card,2025-12-08,2025-12-11,Shipped,5
ORD-03555,Mercy Khan,mercy.khan525@example.com,Male,24,United Kingdom,Manchester,Electronics,USB-C Charger,1,22,0,22,Cash on Delivery,2025-10-07,2025-10-08,Returned,5
ORD-03556,Jane Williams,jane.williams62@example.com,Female,53,Tanzania,Dar es Salaam,Home Appliances,Coffee Maker,1,85,0,85,Debit Card,2025-01-15,2025-01-17,Processing,5
ORD-03557,Esther Mwangi,esther.mwangi74@example.com,Male,29,Uganda,Jinja,Fashion,Hoodie,2,42,0.05,79.8,Debit Card,2026-02-26,2026-03-03,Processing,4
ORD-03558,Samuel Ochieng,samuel.ochieng868@example.com,Male,36,South Africa,Cape Town,Home Appliances,Blender,1,58,0.25,43.5,Credit Card,2025-09-17,2025-09-18,Cancelled,5
ORD-03559,Samuel Okafor,samuel.okafor667@example.com,Male,39,Uganda,Kampala,Home Appliances,Coffee Maker,1,85,0.2,68.0,Debit Card,2026-04-09,2026-04-16,Delivered,5
ORD-03560,Samuel Kamau,samuel.kamau959@example.com,Male,34,United Kingdom,Birmingham,Electronics,Smartphone X12,1,699,0.15,594.15,Mobile Money,2026-07-04,2026-07-05,Delivered,5
ORD-03561,Jane Patel,jane.patel936@example.com,Female,24,India,Chennai,Electronics,Smart Watch,1,120,0.05,114.0,PayPal,2025-03-21,2025-03-23,Shipped,4
ORD-03562,Faith Njoroge,faith.njoroge613@example.com,Male,48,United States,New York,Fashion,Running Shorts,3,28,0.05,79.8,PayPal,2026-06-29,2026-07-06,Shipped,1
ORD-03563,Michaael Kamau,michael.kamau505@example.com,Male,26,united states,,Beauty,Perfume,3 units,KSh 70,5%,39.9,cash on delivery,28/04/2025,04/05/2025,Shipped,2
ORD-03564,Sarah Williams,sarah.williams809@example.com,Female,62,Nigeria,Kano,Beauty,Body Lotion,1,19,0.1,17.1,Bank Transfer,2025-06-11,2025-06-14,Cancelled,4
ORD-03565,John Wanjiku,john.wanjiku658@example.com,Female,59,Tanzania,Arusha,Fashion,Sneakers,2,75,0.2,120.0,Credit Card,2026-08-06,2026-08-08,Processing,2
ORD-03566,Samuel Mwangi,samuel.mwangi429@example.com,Male,63,Tanzania,Dar es Salaam,Beauty,Lipstick,2,16,0.05,30.4,PayPal,2025-12-03,2025-12-05,Processing,5
ORD-03567,Kevin Patel,kevin.patel317@example.com,Female,50,United Kingdom,Birmingham,Fashion,Denim Jacket,1,62,0.1,55.8,Cash on Delivery,2025-07-11,2025-07-19,Returned,4
ORD-03568,Peter Okafor,peter.okafor246@example.com,Male,59,Uganda,Jinja,Beauty,Hair Dryer,5,48,0.15,204.0,Bank Transfer,2025-12-21,2025-12-24,Returned,1
ORD-03569,Kevin Khan,kevin.khan709@example.com,Male,68,Rwanda,Butare,Electronics,USB-C Charger,1,22,0.05,20.9,Debit Card,2025-11-28,2025-12-03,Processing,1
ORD-03570,Grace Kiptoo,grace.kiptoo202@example.com,Female,27,United States,Chicago,Electronics,USB-C Charger,4,22,0,88,PayPal,2025-01-22,2025-01-26,Returned,5
ORD-03571,Samuel Wanjiku,samuel.wanjiku841@example.com,Female,44,Nigeria,Lagos,Home Appliances,Electric Kettle,1,35,0.2,28.0,Bank Transfer,2025-06-21,2025-06-29,Delivered,2
ORD-03572,Esther Okafor,esther.okafor664@example.com,Female,67,Rwanda,Butare,Home Appliances,Blender,1,58,0.15,49.3,PayPal,2026-03-20,2026-03-28,Cancelled,5
,@@None!!,john@@email.com,,150,,,,,-1,€52.00,0,104.0,creditcard,29/07/2026,01/08/2026,,6
ORD-03574,Brian Kiptoo,brian.kiptoo30@example.com,Female,70,Kenya,Mombasa,Home Appliances,Vacuum Cleaner,5,145,0.25,543.75,Debit Card,2026-06-12,2026-06-15,Returned,4
ORD-03575,John Mensah,john.mensah936@example.com,Female,42,Tanzania,Mwanza,Beauty,Face Cream,1,24,0,24,Debit Card,2025-03-13,2025-03-19,Returned,5
ORD-03576,James Akinyi,james.akinyi816@example.com,Female,20,Ghana,Tamale,Beauty,Body Lotion,2,19,0.2,30.4,Credit Card,2026-08-06,2026-08-07,Shipped,2
ORD-03577,Kevin Ochieng,kevin.ochieng852@example.com,Male,59,United States,New York,Electronics,Smartphone X12,1,699,0.15,594.15,Cash on Delivery,2025-08-28,2025-09-03,Processing,5
ORD-03578,Kevin Ochieng,kevin.ochieng809@example.com,Male,31,Nigeria,Abuja,Fashion,Sneakers,2,75,0.05,142.5,Debit Card,2026-01-16,2026-01-19,Returned,2
ORD-03579,Mercy Mensah,mercy.mensah510@example.com,Female,66,Tanzania,Dar es Salaam,Electronics,Laptop Pro 14,1,1150,0.05,1092.5,Debit Card,2025-09-07,2025-09-15,Cancelled,5
ORD-03580,Samuel Ochieng,samuel.ochieng651@example.com,Female,53,United States,Los Angeles,Beauty,Body Lotion,3,19,0.05,54.15,Mobile Money,2025-07-06,2025-07-09,Cancelled,5
ORD-03581,Daniel Wanjiku,daniel.wanjiku25@example.com,Male,43,Uganda,Entebbe,Home Appliances,Vacuum Cleaner,1,145,0.15,123.25,Credit Card,2025-01-24,2025-01-31,Processing,5
ORD-03582,Victor Okafor,victor.okafor720@example.com,Male,46,United Kingdom,Birmingham,Home Appliances,Vacuum Cleaner,2,145,0,290,Cash on Delivery,2025-02-21,2025-02-24,Returned,4
ORD-03583,Kevin Mensah,kevin.mensah123@example.com,Male,36,South Africa,Johannesburg,Electronics,Smart Watch,1,120,0.25,90.0,Credit Card,2026-08-17,2026-08-19,Cancelled,4
ORD-03584,Michael Williams,michael.williams975@example.com,Female,35,South Africa,Cape Town,Electronics,Laptop Pro 14,1,1150,0,1150,Debit Card,2025-02-24,2025-03-01,Shipped,3
ORD-03585,Daniel Williams,daniel.williams949@example.com,Female,25,India,Delhi,Electronics,Smartphone X12,2,699,0.1,1258.2,Debit Card,2025-03-30,2025-04-06,Cancelled,5
ORD-03586,Esther Wanjiku,esther.wanjiku136@example.com,Male,33,Uganda,Kampala,Home Appliances,Air Fryer,5,110,0.25,412.5,Bank Transfer,2025-07-20,2025-07-28,Processing,1
ORD-03587,Aisha Kiptoo,aisha.kiptoo874@example.com,Female,64,Uganda,Kampala,Electronics,Smartphone X12,2,699,0.05,1328.1,PayPal,2025-10-02,2025-10-04,Shipped,5
ORD-03588,Peter Njoroge,peter.njoroge530@example.com,Male,22,United Kingdom,London,Home Appliances,Air Fryer,3,110,0.05,313.5,PayPal,2026-02-26,2026-03-03,Cancelled,4
ORD-03589,Mercy Ochieng,mercy.ochieng812@example.com,Male,24,United Kingdom,Manchester,Beauty,Face Cream,3,24,0.05,68.4,Cash on Delivery,2025-07-02,2025-07-04,Processing,3
ORD-03590,Mary Kamau,mary.kamau293@example.com,Male,42,Nigeria,Kano,Home Appliances,Vacuum Cleaner,1,145,0,145,Bank Transfer,2025-05-15,2025-05-19,Processing,4
ORD-03591,John Kamau,john.kamau804@example.com,Male,35,Tanzania,Mwanza,Beauty,Body Lotion,1,19,0.2,15.2,Debit Card,2026-07-05,2026-07-07,Shipped,4
ORD-03592,Mary Otieno,mary.otieno464@example.com,Female,24,South Africa,Johannesburg,Beauty,Lipstick,3,16,0.15,40.8,Cash on Delivery,2026-07-29,2026-08-01,Returned,4
ORD-03593,Kevin Patel,kevin.patel978@example.com,Male,52,United States,Los Angeles,Electronics,Smart Watch,1,120,0.2,96.0,Mobile Money,2025-11-11,2025-11-19,Delivered,5
ORD-03594,Sarah Ochieng,sarah.ochieng190@example.com,Male,51,Nigeria,Lagos,Home Appliances,Microwave Oven,1,180,0,180,Bank Transfer,2025-04-07,2025-04-11,Delivered,1
ORD-03595,Lucy Brown,lucy.brown240@example.com,Female,19,United Kingdom,London,Home Appliances,Coffee Maker,4,85,0,340,Cash on Delivery,2025-10-30,2025-11-04,Cancelled,4
ORD-03596,Lucy Mensah,lucy.mensah955@example.com,Male,66,India,Bangalore,Fashion,Cotton T-Shirt,2,18,0.05,34.2,Mobile Money,2025-01-22,2025-01-24,Cancelled,5
ORD-03597,Daniel Kamau,daniel.kamau634@example.com,Male,41,India, DELHI ,Fashion,Cotton T-Shirt,1,€18.00,0,23.4,credit card,2025.03.30,2025.04.03,Shipped,5
ORD-03598,James Njoroge,james.njoroge130@example.com,Female,51,United Kingdom,Birmingham,Fashion,Running Shorts,5,28,0.2,112.0,Credit Card,2026-06-20,2026-06-22,Returned,5
ORD-03599,Mary Akinyi,mary.akinyi379@example.com,Male,46,Rwanda,Kigali,Fashion,Cotton T-Shirt,1,18,0.1,16.2,Mobile Money,2025-11-13,2025-11-21,Shipped,4
ORD-03600,John Brown,john.brown996@example.com,Male,55,South Africa,Pretoria,Fashion,Running Shorts,5,28,0.05,133.0,PayPal,2026-02-22,2026-02-23,Returned,5
ORD-03601,David Khan,david.khan640@example.com,Male,19,Uganda,Kampala,Beauty,Makeup Kit,2,52,0.05,98.8,Mobile Money,2026-03-26,2026-03-27,Cancelled,5
ORD-03602,Sarah Williams,sarah.williams372@example.com,Male,68,United Kingdom,Manchester,Fashion,Handbag,1,55,0.25,41.25,Bank Transfer,2025-12-21,2025-12-26,Delivered,5
ORD-03603,Michael Kamau,michael.kamau847@example.com,Male,69,Uganda,Entebbe,Electronics,Gaming Mouse,3,38,0.1,102.6,PayPal,2026-03-03,2026-03-09,Cancelled,4
ORD-03604,Michaael Kamau,user#mail.com,Male,0,UGANDA, Kampala ,Beauty,Hair Dryer,1000,KSh 48,0.15,53.04,M-Pesa,03-27-2025,03-29-2025,,0
ORD-03605,Faith Wanjiku,faith.wanjiku356@example.com,Female,70,United States,Los Angeles,Electronics,Bluetooth Speaker,1,65,0.25,48.75,Cash on Delivery,2026-07-03,2026-07-04,Cancelled,4
ORD-03606,Brian Otieno,brian.otieno607@example.com,Female,56,Rwanda,Kigali,Electronics,Gaming Mouse,1,38,0.1,34.2,Debit Card,2026-07-08,2026-07-14,Delivered,2
ORD-03607,Victor Patel,victor.patel223@example.com,Male,18,Kenya,Nairobi,Fashion,Denim Jacket,4,62,0.2,198.4,Debit Card,2025-10-15,2025-10-16,Cancelled,1
ORD-03608,Victor Smith,victor.smith853@example.com,Male,19,Rwanda,Butare,Home Appliances,Coffee Maker,4,85,0.25,255.0,Mobile Money,2025-11-08,2025-11-09,Processing,3
,@@None!!,mary.example.com,,999,,,,,-2,KSh 19,25%,57.0,Pay Pal,05-27-2025,06-04-2025,,5 stars
ORD-03610,David Njoroge,david.njoroge940@example.com,Female,63,Rwanda,Kigali,Beauty,Lipstick,2,16,0.15,27.2,Mobile Money,2025-11-22,2025-11-25,Returned,5
ORD-03611,Sarah Smith,sarah.smith629@example.com,Male,47,Ghana,Takoradi,Electronics,Bluetooth Speaker,3,65,0.25,146.25,Debit Card,2025-09-29,2025-10-01,Processing,5
ORD-03612,Linda Akinyi,linda.akinyi955@example.com,Male,39,Ghana,Takoradi,Beauty,Face Cream,1,24,0.2,19.2,PayPal,2025-11-26,2025-12-03,Processing,2
ORD-03613,Jane Patel,jane.patel26@example.com,Male,24,United Kingdom,London,Beauty,Lipstick,2,16,0.2,25.6,Debit Card,2026-08-11,2026-08-13,Returned,5
ORD-03614,Grace Wanjiku,grace.wanjiku284@example.com,Female,57,United States,Houston,Electronics,Bluetooth Speaker,4,65,0,260,Bank Transfer,2025-08-05,2025-08-08,Delivered,5
ORD-03615,Sarah Kiptoo,sarah.kiptoo704@example.com,Male,64,Uganda,Kampala,Home Appliances,Microwave Oven,1,180,0.15,153.0,Debit Card,2026-01-02,2026-01-10,Shipped,4
ORD-03616,Victor Ochieng,victor.ochieng248@example.com,Female,37,Ghana,Takoradi,Fashion,Denim Jacket,1,62,0.25,46.5,Bank Transfer,2025-10-31,2025-11-05,Returned,4
ORD-03617,Mercy Akinyi,mercy.akinyi304@example.com,Female,56,South Africa,Cape Town,Electronics,Laptop Pro 14,5,1150,0,5750,Mobile Money,2026-07-30,2026-08-06,Cancelled,1
ORD-03618,Mercy Kaamau,mercy.kamau712@example.com,female,-5,south africa, Johannesburg ,Beauty,Body Lotion,4000,$19.00,0.2,79.04,cash on delivery,11/02/2026,19/02/2026,CANCELLED,5 stars
ORD-03619,Esther Patel,esther.patel864@example.com,Female,67,Kenya,Nairobi,Home Appliances,Blender,1,58,0.1,52.2,Bank Transfer,2025-09-01,2025-09-02,Cancelled,3
ORD-03620,John Otieno,john.otieno117@example.com,Female,46,United States,Houston,Beauty,Perfume,3,70,0.05,199.5,Cash on Delivery,2026-07-08,2026-07-11,Shipped,4
ORD-03621,Faith Smith,faith.smith490@example.com,Female,63,Kenya,Kisumu,Fashion,Handbag,1,55,0.25,41.25,Credit Card,2025-01-30,2025-02-07,Shipped,2
ORD-03622,Linda Khan,linda.khan375@example.com,Female,44,Uganda,Jinja,Fashion,Denim Jacket,1,62,0.15,52.7,Mobile Money,2026-05-03,2026-05-08,Returned,4
ORD-03623,Brian Kiptoo,brian.kiptoo666@example.com,Male,53,Ghana,Tamale,Electronics,Gaming Mouse,1,38,0.1,34.2,Mobile Money,2026-05-14,2026-05-22,Processing,3
ORD-03624,Jane Kiptoo,jane.kiptoo842@example.com,Female,37,Tanzania,Mwanza,Home Appliances,Coffee Maker,3,85,0.2,204.0,Debit Card,2025-03-31,2025-04-03,Cancelled,3
ORD-03625,Jane Kamau,jane.kamau409@example.com,Male,40,Uganda,Entebbe,Fashion,Running Shorts,2,28,0.2,44.8,PayPal,2025-07-07,2025-07-15,Delivered,2
ORD-03626,David Mwangi,david.mwangi292@example.com,Female,53,United States,Los Angeles,Beauty,Perfume,1,70,0.25,52.5,Mobile Money,2026-05-12,2026-05-20,Cancelled,3
ORD-03627,Sarah Njoroge,sarah.njoroge874@example.com,Male,67,India,Chennai,Electronics,Wireless Headphones,1,45,0.2,36.0,Cash on Delivery,2026-05-25,2026-06-02,Cancelled,4
ORD-03628,Aisha Ochieng,aisha.ochieng339@example.com,Male,61,Rwanda,Butare,Beauty,Makeup Kit,2,52,0.1,93.6,PayPal,2025-11-29,2025-12-07,Cancelled,5
ORD-03629,David Okafor,david.okafor739@example.com,Female,43,Nigeria,Port Harcourt,Fashion,Cotton T-Shirt,3,18,0.1,48.6,Credit Card,2025-04-27,2025-05-03,Shipped,2
ORD-03630,Linda Mensah,linda.mensah49@example.com,Female,52,Nigeria,Abuja,Fashion,Running Shorts,2,28,0.25,42.0,Credit Card,2026-06-06,2026-06-13,Processing,3
ORD-03631,Jane Mensah,jane.mensah243@example.com,Female,57,Rwanda,Kigali,Electronics,USB-C Charger,1,22,0.25,16.5,Bank Transfer,2026-04-20,2026-04-21,Processing,1
ORD-03632,Daniel Kiptoo,daniel.kiptoo980@example.com,Female,41,Ghana,Kumasi,Beauty,Hair Dryer,1,48,0.05,45.6,Mobile Money,2025-06-07,2025-06-13,Returned,5
ORD-03633,John Patel,john.patel185@example.com,Female,28,South Africa,Durban,Electronics,USB-C Charger,2,22,0.05,41.8,Bank Transfer,2025-05-08,2025-05-10,Delivered,2
ORD-03634,Mary Ochieng,mary.ochieng738@example.com,Female,66,Kenya,Mombasa,Electronics,Laptop Pro 14,1,1150,0.2,920.0,PayPal,2026-03-30,2026-04-05,Processing,4
ORD-03635,Sarah Otieno,sarah.otieno235@example.com,Male,56,United States,Chicago,Home Appliances,Coffee Maker,2,85,0.05,161.5,Bank Transfer,2025-07-12,2025-07-15,Delivered,5
ORD-03636,Mercy Okafor,mercy.okafor255@example.com,Male,40,South Africa,Pretoria,Beauty,Body Lotion,3,19,0.1,51.3,Cash on Delivery,2026-06-21,2026-06-26,Returned,4
ORD-03637,Peter Okafor,peter.okafor280@example.com,Female,66,United States,Chicago,Fashion,Hoodie,10,42,0.15,357.0,Credit Card,2026-03-14,2026-03-17,Shipped,4
ORD-03638,Daniel Akinyi,daniel.akinyi578@example.com,Male,52,Ghana,Tamale,Home Appliances,Microwave Oven,3,180,0.2,432.0,Credit Card,2025-03-04,2025-03-11,Returned,4
ORD-03639,Lucy Kiptoo,lucy.kiptoo738@example.com,Female,39,United Kingdom,London,Electronics,Gaming Mouse,1,38,0.15,32.3,PayPal,2025-07-01,2025-07-06,Cancelled,3
ORD-03640,Brian Smith,brian.smith952@example.com,Male,20,South Africa,Johannesburg,Fashion,Running Shorts,2,28,0.1,50.4,Debit Card,2026-04-15,2026-04-20,Returned,5
ORD-03641,David Akinyi,david.akinyi672@example.com,Male,24,India,Mumbai,Electronics,Smartphone X12,1,699,0.05,664.05,Debit Card,2026-06-04,2026-06-10,Cancelled,1
ORD-03642,Peter Otieno,peter.otieno236@example.com,Male,49,Kenya,Kisumu,Home Appliances,Air Fryer,2,110,0.25,165.0,Mobile Money,2025-01-02,2025-01-10,Processing,4
ORD-03643,Esther Ochieng,esther.ochieng488@example.com,Female,33,Kenya,Nairobi,Fashion,Denim Jacket,1,62,0.25,46.5,Debit Card,2026-04-21,2026-04-26,Cancelled,2
ORD-03644,Faith Kamau,faith.kamau796@example.com,Male,21,Uganda,Jinja,Home Appliances,Microwave Oven,1,180,0.25,135.0,Cash on Delivery,2025-05-24,2025-05-28,Processing,2
ORD-03645,Jane Okafor,jane.okafor352@example.com,Male,52,South Africa,Pretoria,Beauty,Lipstick,1,16,0.25,12.0,PayPal,2025-03-21,2025-03-28,Processing,5
ORD-03646,Brian Smith,brian.smith682@example.com,Male,23,India,Chennai,Fashion,Denim Jacket,1,62,0,62,Cash on Delivery,2025-12-31,2026-01-06,Returned,5
ORD-03647,Daniel Kamau,daniel.kamau131@example.com,Female,67,India,Delhi,Fashion,Sneakers,2,75,0,150,Mobile Money,2026-04-24,2026-04-25,Cancelled,5
ORD-03648,Peter Mwangi,peter.mwangi754@example.com,Female,70,United States,Los Angeles,Fashion,Cotton T-Shirt,1,18,0.25,13.5,Credit Card,2025-11-30,2025-12-08,Shipped,1
ORD-03649,Grace Smith,grace.smith43@example.com,Female,26,Tanzania,Mwanza,Beauty,Body Lotion,3,19,0.05,54.15,PayPal,2025-06-11,2025-06-18,Processing,4
ORD-03650,James Wanjiku,james.wanjiku726@example.com,Male,24,Rwanda,Kigali,Home Appliances,Microwave Oven,2,180,0.1,324.0,PayPal,2026-08-10,2026-08-11,Returned,2
ORD-03651,Aisha Brown,aisha.brown823@example.com,Female,48,United Kingdom,Birmingham,Beauty,Perfume,1,70,0.25,52.5,Bank Transfer,2025-02-05,2025-02-08,Delivered,4
ORD-03652,Faith Okafor,faith.okafor800@example.com,Male,46,Rwanda,Butare,Fashion,Sneakers,3,75,0.05,213.75,Debit Card,2026-06-13,2026-06-14,Cancelled,4
ORD-03653,Peter Mensah,peter.mensah728@example.com,Male,57,Uganda,Jinja,Beauty,Face Cream,1,24,0.2,19.2,Bank Transfer,2025-04-30,2025-05-07,Processing,5
ORD-03654,John Otieno,john.otieno75@example.com,Male,22,South Africa,Durban,Beauty,Perfume,1,70,0.1,63.0,Bank Transfer,2026-06-05,2026-06-13,Delivered,1
ORD-03655,Jane Wanjiku,jane.wanjiku135@example.com,Male,65,Kenya,Eldoret,Fashion,Denim Jacket,1,62,0,62,Bank Transfer,2025-02-13,2025-02-17,Processing,5
ORD-03656,Michael Kamau,michael.kamau856@example.com,Male,18,Kenya,Eldoret,Electronics,Bluetooth Speaker,1,65,0,65,Cash on Delivery,2025-10-20,2025-10-28,Shipped,4
ORD-03657,Kevin Mensah,kevin.mensah46@example.com,Female,68,United States,Houston,Electronics,Gaming Mouse,1,38,0.15,32.3,Bank Transfer,2026-03-05,2026-03-11,Cancelled,1
ORD-03658,Aisha Njoroge,aisha.njoroge971@example.com,Male,30,United Kingdom,Manchester,Beauty,Makeup Kit,1,52,0,52,PayPal,2026-03-11,2026-03-12,Delivered,2
ORD-03659,Brian Brown,brian.brown475@example.com,Male,68,Uganda,Entebbe,Electronics,USB-C Charger,3,22,0.05,62.7,PayPal,2025-12-24,2025-12-27,Delivered,4
ORD-03660,Sarah Kiptoo,sarah.kiptoo388@example.com,Female,47,Rwanda,Butare,Home Appliances,Microwave Oven,4,180,0.15,612.0,Credit Card,2025-09-18,2025-09-25,Processing,5
ORD-03661,Grace Wanjiku,grace.wanjiku779@example.com,Female,46,United Kingdom,Manchester,Electronics,Wireless Headphones,1,45,0,45,PayPal,2025-07-15,2025-07-23,Cancelled,5
ORD-03662,Aisha Otieno,aisha.otieno333@example.com,Male,64,Kenya,Nakuru,Fashion,Hoodie,3,42,0.05,119.7,Debit Card,2025-08-17,2025-08-25,Shipped,4
ORD-03663,Daniel Kamau,daniel.kamau483@example.com,Female,49,South Africa,Cape Town,Home Appliances,Blender,1,58,0.1,52.2,Mobile Money,2026-01-13,2026-01-21,Cancelled,5
ORD-03664,James Khan,james.khan391@example.com,Female,28,Kenya,Nairobi,Electronics,Bluetooth Speaker,2,65,0,130,Debit Card,2026-05-27,2026-05-31,Shipped,5
ORD-03665,Victor Smith,victor.smith692@example.com,Male,42,United Kingdom,Birmingham,Electronics,Bluetooth Speaker,1,65,0.15,55.25,PayPal,2025-03-30,2025-04-05,Processing,5
ORD-03666,Michael Akinyi,michael.akinyi101@example.com,Male,62,Kenya,Nairobi,Beauty,Hair Dryer,2,48,0.1,86.4,Bank Transfer,2025-04-23,2025-04-27,Returned,5
ORD-03667,Daniel Mwangi,daniel.mwangi398@example.com,Female,52,South Africa,Pretoria,Electronics,Laptop Pro 14,3,1150,0.1,3105.0,Debit Card,2025-01-17,2025-01-19,Returned,5
ORD-03668,Aisha Mensah,aisha.mensah232@example.com,Female,28,United Kingdom,Manchester,Home Appliances,Air Fryer,2,110,0.1,198.0,Credit Card,2025-10-14,2025-10-20,Delivered,4
ORD-03669,Mary Kiptoo,mary.kiptoo371@example.com,Female,30,United States,Chicago,Fashion,Handbag,2,55,0,110,Bank Transfer,2025-02-15,2025-02-21,Returned,3
ORD-03670,Brian Khan,brian.khan398@example.com,Female,28,Ghana,Takoradi,Fashion,Sneakers,2,75,0.2,120.0,Bank Transfer,2026-04-25,2026-05-01,Returned,4
ORD-03671,James Kiptoo,james.kiptoo632@example.com,Female,70,India,Mumbai,Beauty,Makeup Kit,1,52,0,52,Mobile Money,2025-01-11,2025-01-17,Delivered,4
ORD-03672,Peter Okafor,peter.okafor442@example.com,Male,37,United Kingdom,London,Fashion,Sneakers,2,75,0.15,127.5,Cash on Delivery,2026-01-05,2026-01-09,Cancelled,1
ORD-03673,Brian Okafor,brian.okafor645@example.com,Female,55,South Africa,Pretoria,Fashion,Sneakers,5,75,0.2,300.0,Bank Transfer,2026-08-16,2026-08-18,Cancelled,5
ORD-03674,Peter Smith,peter.smith282@example.com,Female,69,United States,Houston,Beauty,Body Lotion,1,19,0.1,17.1,Credit Card,2025-10-14,2025-10-17,Cancelled,2
ORD-03675,Mary Ochieng,mary.ochieng203@example.com,Female,69,India,Delhi,Home Appliances,Blender,2,58,0.05,110.2,Bank Transfer,2026-07-02,2026-07-03,Returned,5
ORD-03676,Grace Brown,grace.brown878@example.com,Female,20,Tanzania,Arusha,Fashion,Cotton T-Shirt,3,18,0.2,43.2,Cash on Delivery,2025-08-27,2025-09-01,Shipped,5
ORD-03677,Michael Okafor,michael.okafor803@example.com,Female,31,India,Delhi,Beauty,Makeup Kit,10,52,0.15,442.0,Bank Transfer,2025-02-18,2025-02-26,Shipped,5
ORD-03678,Linda Njoroge,linda.njoroge682@example.com,Male,24,United Kingdom,London,Electronics,USB-C Charger,2,22,0,44,Credit Card,2025-01-07,2025-01-11,Shipped,3
ORD-03679,,invalid@,FEMALE,-5,United States, CHICAGO ,Beauty,Face Cream,2,$24.00,10%,21.6,M-Pesa,03-09-2025,03-14-2025,Delivered,5 stars
ORD-03680,Brian Mwangi,brian.mwangi296@example.com,Female,33,Tanzania,Mwanza,Electronics,Smart Watch,1,120,0.15,102.0,Mobile Money,2026-03-07,2026-03-12,Delivered,3
ORD-03681,Sarah Brown,sarah.brown849@example.com,Male,30,Uganda,Entebbe,Electronics,Bluetooth Speaker,4,65,0.25,195.0,Mobile Money,2026-02-11,2026-02-17,Processing,5
ORD-03682,Grace Mensah,grace.mensah190@example.com,Male,62,Kenya,Eldoret,Electronics,Bluetooth Speaker,2,65,0.25,97.5,Cash on Delivery,2026-06-08,2026-06-12,Shipped,2
ORD-03683,Victor Kiptoo,victor.kiptoo557@example.com,Male,22,Rwanda,Butare,Beauty,Face Cream,2,24,0.2,38.4,Bank Transfer,2026-01-22,2026-01-29,Returned,4
ORD-03684,James Williams,james.williams650@example.com,Female,45,Rwanda,Kigali,Beauty,Lipstick,2,16,0.25,24.0,PayPal,2025-12-30,2026-01-07,Returned,4
ORD-03685,Mercy Khaan,user#mail.com,female,150,Tanzania, mwanza ,BEAUTY,Lipstick,2 units,$16.00,0.1,57.6,Pay Pal,2026.03.21,2026.03.29,RETURNED,0
ORD-03686,Jane Mwangi,jane.mwangi861@example.com,Male,43,United States,New York,Beauty,Perfume,2,70,0.2,112.0,Mobile Money,2026-01-04,2026-01-07,Shipped,1
ORD-03687,Sarah Mensah,sarah.mensah172@example.com,Male,69,South Africa,Cape Town,Electronics,Laptop Pro 14,1,1150,0.15,977.5,Bank Transfer,2025-06-18,2025-06-21,Processing,5
ORD-03688,Kevin Njoroge,kevin.njoroge834@example.com,Male,61,United States,Los Angeles,Fashion,Sneakers,2,75,0.2,120.0,Bank Transfer,2026-03-26,2026-03-28,Returned,4
ORD-03689,David Akinyi,david.akinyi759@example.com,Male,36,Kenya,Nakuru,Fashion,Denim Jacket,2,62,0.25,93.0,Credit Card,2025-11-10,2025-11-15,Returned,5
ORD-03690,Sarah Brown,sarah.brown407@example.com,Male,49,Uganda,Entebbe,Electronics,Laptop Pro 14,2,1150,0.1,2070.0,Debit Card,2025-04-25,2025-05-03,Processing,4
ORD-03691,Jane Patel,jane.patel807@example.com,Male,64,Tanzania,Mwanza,Beauty,Perfume,1,70,0.15,59.5,Debit Card,2025-09-14,2025-09-16,Cancelled,4
ORD-03692,Sarah Smith,sarah.smith505@example.com,Male,21,Ghana,Tamale,Electronics,Smart Watch,2,120,0.05,228.0,Credit Card,2025-09-10,2025-09-13,Processing,4
ORD-03693,David Okafor,david.okafor477@example.com,Female,25,Rwanda,Butare,Beauty,Face Cream,1,24,0.2,19.2,PayPal,2025-04-24,2025-04-25,Returned,3
ORD-03694,Mercy Okafor,mercy.okafor957@example.com,Male,60,India,Delhi,Electronics,USB-C Charger,3,22,0.2,52.8,Debit Card,2025-06-03,2025-06-06,Delivered,1
ORD-03695,Samuel Kamau,samuel.kamau889@example.com,Male,58,India,Chennai,Electronics,Bluetooth Speaker,1,65,0.1,58.5,Credit Card,2026-05-01,2026-05-05,Cancelled,3
ORD-03696,Jane Mwangi,jane.mwangi336@example.com,Male,23,Uganda,Kampala,Home Appliances,Microwave Oven,3,180,0.1,486.0,PayPal,2025-09-11,2025-09-15,Returned,3
ORD-03697,Kevin Ochieng,kevin.ochieng707@example.com,Female,30,Uganda,Jinja,Electronics,Bluetooth Speaker,2,65,0.15,110.5,Mobile Money,2025-07-24,2025-07-28,Processing,5
ORD-03698,Kevin Akinyi,kevin.akinyi184@example.com,Female,69,Tanzania,Dar es Salaam,Electronics,USB-C Charger,4,22,0.1,79.2,Credit Card,2025-01-02,2025-01-04,Cancelled,5
ORD-03699,Esther Mensah,esther.mensah438@example.com,Female,69,Rwanda,Butare,Beauty,Face Cream,3,24,0.25,54.0,Debit Card,2026-05-13,2026-05-15,Processing,4
ORD-03700,Daniel Williams,daniel.williams598@example.com,Female,22,Tanzania,Dar es Salaam,Home Appliances,Blender,2,58,0.15,98.6,Cash on Delivery,2025-08-10,2025-08-16,Delivered,1
ORD-03701,Samuel Wanjiku,samuel.wanjiku613@example.com,Female,27,South Africa,Durban,Electronics,Gaming Mouse,2,38,0,76,Debit Card,2026-02-18,2026-02-24,Shipped,1
ORD-03702,Grace Patel,grace.patel178@example.com,Female,45,Nigeria,Lagos,Electronics,Bluetooth Speaker,2,65,0.2,104.0,Mobile Money,2025-08-30,2025-09-04,Delivered,4
ORD-03703,Mercy Kamau,mercy.kamau393@example.com,Male,31,United Kingdom,London,Fashion,Running Shorts,1,28,0,28,Debit Card,2026-08-04,2026-08-07,Cancelled,5
,@@None!!,mary.example.com,,150,,,,,-1,$42.00,0.15,7.14,Bank transfer,10-28-2025,10-30-2025,,6
ORD-03705,Grace Njoroge,grace.njoroge145@example.com,Male,57,Rwanda,Kigali,Beauty,Face Cream,2,24,0,48,PayPal,2025-08-31,2025-09-04,Returned,5
ORD-03706,Jane Kiptoo,jane.kiptoo172@example.com,Female,63,South Africa,Durban,Fashion,Sneakers,4,75,0.05,285.0,Bank Transfer,2025-05-21,2025-05-26,Delivered,3
ORD-03707,Linda Kamau,linda.kamau775@example.com,Male,45,Kenya,Eldoret,Home Appliances,Air Fryer,1,110,0.15,93.5,Cash on Delivery,2026-06-29,2026-07-02,Shipped,1
ORD-03708,Mercy Njoroge,mercy.njoroge5@example.com,Female,31,Rwanda,Kigali,Electronics,USB-C Charger,1,22,0.05,20.9,Debit Card,2025-10-19,2025-10-27,Shipped,2
ORD-03709,Michael Patel,michael.patel570@example.com,Male,64,Ghana,Kumasi,Home Appliances,Electric Kettle,3,35,0.05,99.75,PayPal,2026-02-07,2026-02-09,Processing,2
ORD-03710,Mercy Ochieng,mercy.ochieng285@example.com,Female,34,Tanzania,Dar es Salaam,Beauty,Body Lotion,1,19,0.1,17.1,Mobile Money,2025-10-17,2025-10-19,Processing,4
ORD-03711,Mary Kiptoo,mary.kiptoo708@example.com,Male,38,Uganda,Kampala,Electronics,Bluetooth Speaker,2,65,0.1,117.0,Cash on Delivery,2025-12-25,2025-12-29,Shipped,2
ORD-03712,Daniel Brown,daniel.brown384@example.com,Female,25,Uganda,Entebbe,Home Appliances,Coffee Maker,2,85,0.05,161.5,Cash on Delivery,2025-11-23,2025-11-24,Returned,4
ORD-03713,Peter Smith,peter.smith462@example.com,Female,19,Tanzania,Arusha,Beauty,Perfume,2,70,0,140,Bank Transfer,2026-03-10,2026-03-13,Delivered,3
ORD-03714,Michael Njoroge,michael.njoroge128@example.com,Female,34,Rwanda,Kigali,Fashion,Sneakers,1,75,0.25,56.25,PayPal,2026-07-16,2026-07-24,Returned,2
ORD-03715,Faith Ochieng,faith.ochieng331@example.com,Female,66,Ghana,Takoradi,Electronics,Bluetooth Speaker,1,65,0.2,52.0,Credit Card,2026-07-17,2026-07-20,Returned,5
ORD-03716,John Mensah,john.mensah514@example.com,Male,50,United Kingdom,London,Electronics,Laptop Pro 14,2,1150,0.2,1840.0,Debit Card,2025-06-25,2025-06-26,Processing,5
ORD-03717,Daniel Njoroge,daniel.njoroge579@example.com,Male,23,Nigeria,Lagos,Home Appliances,Electric Kettle,1,35,0.1,31.5,Cash on Delivery,2025-02-20,2025-02-23,Shipped,4
ORD-03718,Aisha Otieno,aisha.otieno491@example.com,Male,56,India,Mumbai,Fashion,Cotton T-Shirt,1,18,0,18,Cash on Delivery,2026-01-05,2026-01-13,Returned,5
ORD-03719,Faith Otieno,faith.otieno861@example.com,Female,28,South Africa,Durban,Home Appliances,Electric Kettle,1,35,0,35,Bank Transfer,2025-02-20,2025-02-21,Cancelled,4
ORD-03720,@@Lindaa Kamau!!,john@@email.com,Male,150,Kenya, Nairobi ,Fashion,Handbag,3 units,KSh 55,0.00,330.0,Pay Pal,24/01/2026,30/01/2026,,5 stars
ORD-03721,Grace Kamau,grace.kamau798@example.com,Male,46,Kenya,Eldoret,Beauty,Makeup Kit,1,52,0.1,46.8,Mobile Money,2026-01-18,2026-01-19,Processing,2
ORD-03722,Jane Mensah,jane.mensah690@example.com,Male,69,United Kingdom,Birmingham,Beauty,Perfume,2,70,0.25,105.0,Cash on Delivery,2025-04-19,2025-04-22,Returned,3
ORD-03723,Brian Mensah,brian.mensah954@example.com,Female,61,Uganda,Jinja,Fashion,Cotton T-Shirt,3,18,0.25,40.5,Mobile Money,2026-07-08,2026-07-15,Delivered,5
ORD-03724,Lucy Njoroge,lucy.njoroge688@example.com,Female,59,Ghana,Tamale,Home Appliances,Microwave Oven,1,180,0.2,144.0,Credit Card,2025-02-22,2025-02-23,Returned,4
ORD-03725,Jane Mensah,jane.mensah153@example.com,Female,25,Kenya,Mombasa,Home Appliances,Electric Kettle,1,35,0.05,33.25,Credit Card,2025-07-03,2025-07-07,Processing,3
ORD-03726,Esther Kiptoo,esther.kiptoo254@example.com,Male,70,Nigeria,Ibadan,Home Appliances,Vacuum Cleaner,5,145,0.2,580.0,Mobile Money,2025-10-06,2025-10-10,Delivered,5
ORD-03727,Grace Patel,grace.patel922@example.com,Female,62,Nigeria,Ibadan,Home Appliances,Electric Kettle,3,35,0,105,Debit Card,2025-09-20,2025-09-22,Cancelled,5
ORD-03728,Samuel Kiptoo,samuel.kiptoo313@example.com,Male,53,India,Bangalore,Electronics,USB-C Charger,1,22,0.15,18.7,Debit Card,2025-10-13,2025-10-17,Cancelled,1
ORD-03729,Grace Ochieng,grace.ochieng919@example.com,Male,44,Kenya,Nairobi,Electronics,Smart Watch,2,120,0,240,PayPal,2026-07-23,2026-07-26,Processing,2
ORD-03730,David Smith,david.smith527@example.com,Male,56,Rwanda,Butare,Home Appliances,Vacuum Cleaner,3,145,0.1,391.5,Bank Transfer,2026-08-17,2026-08-25,Processing,5
ORD-03731,Samuel Mensah,samuel.mensah572@example.com,Male,68,Nigeria,Port Harcourt,Electronics,Bluetooth Speaker,1,65,0.05,61.75,Cash on Delivery,2025-08-07,2025-08-12,Processing,3
ORD-03732,James Ochieng,james.ochieng623@example.com,Male,22,India,Delhi,Electronics,Bluetooth Speaker,2,65,0,130,PayPal,2025-01-06,2025-01-13,Cancelled,5
ORD-03733,David Kiptoo,david.kiptoo482@example.com,Male,55,Nigeria,Kano,Fashion,Denim Jacket,4,62,0.05,235.6,Credit Card,2026-02-03,2026-02-10,Shipped,3
ORD-03734,Victor Ochieng,victor.ochieng672@example.com,Female,45,United States,Houston,Electronics,Bluetooth Speaker,2,65,0.2,104.0,Mobile Money,2025-01-22,2025-01-24,Cancelled,1
ORD-03735,John Williams,john.williams824@example.com,Male,38,India,Mumbai,Beauty,Body Lotion,1,19,0,19,Debit Card,2025-01-27,2025-02-03,Cancelled,3
ORD-03736,Kevin Kamau,kevin.kamau538@example.com,Female,41,Uganda,Entebbe,Home Appliances,Coffee Maker,2,85,0.2,136.0,Cash on Delivery,2026-01-30,2026-02-05,Shipped,3
ORD-03737,Grace Ochieng,grace.ochieng481@example.com,Female,58,United States,New York,Fashion,Handbag,2,55,0.2,88.0,Credit Card,2025-09-02,2025-09-05,Returned,1
ORD-03738,Michael Brown,michael.brown434@example.com,Male,26,South Africa,Johannesburg,Beauty,Makeup Kit,3,52,0,156,Cash on Delivery,2025-06-26,2025-07-02,Returned,3
ORD-03739,Grace Khan,grace.khan372@example.com,Male,24,India,Mumbai,Fashion,Running Shorts,1,28,0.15,23.8,Debit Card,2026-04-06,2026-04-11,Processing,3
ORD-03740,Jane Mensah,jane.mensah455@example.com,Female,44,Rwanda,Kigali,Electronics,Bluetooth Speaker,3,65,0.05,185.25,PayPal,2026-05-24,2026-05-26,Processing,2
ORD-03741,David Mensah,david.mensah401@example.com,Female,22,Tanzania, mwanza ,home appliances,Microwave Oven,2,KSh 180,10%,648.0,Credit Card,08-11-2026,08-12-2026,Processing,4
ORD-03742,Mary Njoroge,mary.njoroge923@example.com,Female,43,Tanzania,Dar es Salaam,Beauty,Makeup Kit,1,52,0.2,41.6,Bank Transfer,2026-02-16,2026-02-24,Shipped,3
ORD-03743,Linda Mensah,linda.mensah608@example.com,Male,49,Uganda,Kampala,Electronics,Gaming Mouse,1,38,0.1,34.2,Cash on Delivery,2026-02-19,2026-02-25,Delivered,4
ORD-03744,Sarah Wanjiku,sarah.wanjiku447@example.com,Female,32,Ghana,Tamale,Home Appliances,Air Fryer,3,110,0.15,280.5,Cash on Delivery,2025-02-13,2025-02-20,Delivered,5
ORD-03745,Esther Otieno,esther.otieno212@example.com,Male,56,India,Delhi,Fashion,Handbag,1,55,0.15,46.75,Credit Card,2026-01-02,2026-01-05,Delivered,4
ORD-03746,Kevin Otieno,kevin.otieno812@example.com,Male,45,United States,Chicago,Beauty,Hair Dryer,1,48,0,48,PayPal,2025-07-14,2025-07-20,Shipped,5
ORD-03747,Mary Ochieng,mary.ochieng171@example.com,Male,38,Kenya,Nairobi,Fashion,Denim Jacket,1,62,0.05,58.9,Bank Transfer,2025-02-14,2025-02-19,Cancelled,4
ORD-03748,Jane Wanjiku,jane.wanjiku239@example.com,Male,25,Uganda,Kampala,Beauty,Face Cream,2,24,0.25,36.0,Bank Transfer,2025-12-15,2025-12-22,Returned,3
ORD-03749,James Mwangi,james.mwangi556@example.com,Male,33,Rwanda,Kigali,Beauty,Hair Dryer,1,48,0,48,Debit Card,2026-01-23,2026-01-28,Delivered,5
ORD-03750,David Kiptoo,david.kiptoo394@example.com,Male,30,India,Chennai,Home Appliances,Blender,5,58,0.15,246.5,Debit Card,2025-02-18,2025-02-22,Delivered,2
ORD-03751,Brian Patel,brian.patel86@example.com,Female,62,United Kingdom,Birmingham,Electronics,USB-C Charger,1,22,0.2,17.6,Bank Transfer,2025-12-11,2025-12-19,Delivered,3
ORD-03752,Kevin Mwangi,kevin.mwangi16@example.com,Male,59,Tanzania,Dar es Salaam,Fashion,Sneakers,2,75,0.05,142.5,PayPal,2026-04-26,2026-04-28,Processing,5
ORD-03753,Samuel Khan,samuel.khan596@example.com,Female,66,Tanzania,Mwanza,Home Appliances,Microwave Oven,4,180,0.25,540.0,Mobile Money,2025-06-04,2025-06-10,Cancelled,2
ORD-03754,Lucy Akinyi,lucy.akinyi707@example.com,Female,48,Nigeria,Port Harcourt,Electronics,Laptop Pro 14,1,1150,0.05,1092.5,Mobile Money,2025-05-06,2025-05-14,Processing,3
ORD-03755,Aisha Mwangi,aisha.mwangi183@example.com,Male,26,India,Delhi,Fashion,Sneakers,1,75,0.05,71.25,Mobile Money,2026-04-06,2026-04-08,Processing,4
ORD-03756,Mercy Njoroge,mercy.njoroge642@example.com,Male,65,South Africa,Cape Town,Home Appliances,Air Fryer,3,110,0.2,264.0,PayPal,2025-03-09,2025-03-11,Shipped,1
ORD-03757,Victor Wanjiku,victor.wanjiku743@example.com,Female,21,India,Delhi,Beauty,Face Cream,3,24,0.2,57.6,PayPal,2026-04-28,2026-05-05,Shipped,5
ORD-03758,David Ochieng,david.ochieng80@example.com,Male,20,Nigeria,Lagos,Beauty,Makeup Kit,3,52,0.05,148.2,Credit Card,2025-02-01,2025-02-06,Delivered,4
ORD-03759,Esther Okafor,esther.okafor831@example.com,Female,43,Ghana,Accra,Home Appliances,Vacuum Cleaner,1,145,0.15,123.25,Cash on Delivery,2025-04-02,2025-04-03,Returned,2
ORD-03760,Faith Patel,faith.patel588@example.com,Male,29,United States,Chicago,Fashion,Handbag,3,55,0.2,132.0,Debit Card,2025-06-20,2025-06-26,Shipped,4
ORD-03761,Mercy Patel,mercy.patel743@example.com,Female,63,United Kingdom,Birmingham,Electronics,USB-C Charger,3,22,0.15,56.1,Mobile Money,2026-01-01,2026-01-09,Processing,4
ORD-03762,Esther Wanjiku,esther.wanjiku781@example.com,Male,22,India,Bangalore,Fashion,Hoodie,2,42,0.1,75.6,Debit Card,2025-10-30,2025-11-05,Processing,5
ORD-03763,Daniel Smith,daniel.smith826@example.com,Male,47,India,Mumbai,Electronics,USB-C Charger,1,22,0.2,17.6,Debit Card,2026-07-26,2026-07-29,Shipped,2
ORD-03764,Daniel Njoroge,daniel.njoroge808@example.com,Female,69,Uganda,Jinja,Home Appliances,Coffee Maker,2,85,0.1,153.0,PayPal,2026-07-03,2026-07-08,Cancelled,5
ORD-03765,Grace Smith,grace.smith377@example.com,Male,47,Uganda,Entebbe,Home Appliances,Air Fryer,2,110,0.05,209.0,Debit Card,2026-08-24,2026-08-26,Cancelled,3
ORD-03766,Daniel Wanjiku,daniel.wanjiku926@example.com,Male,52,United States,New York,Fashion,Denim Jacket,3,62,0,186,PayPal,2026-03-28,2026-04-04,Cancelled,4
ORD-03767,Brian Khan,brian.khan344@example.com,Male,64,Ghana,Kumasi,Home Appliances,Blender,1,58,0.25,43.5,Credit Card,2025-08-01,2025-08-09,Cancelled,2
ORD-03768,Sarah Ochieng,sarah.ochieng247@example.com,Male,57,United States,Chicago,Electronics,Smart Watch,5,120,0.15,510.0,Mobile Money,2025-09-19,2025-09-26,Shipped,5
ORD-03769,David Williams,david.williams676@example.com,Male,68,United States,Houston,Fashion,Hoodie,1,42,0.2,33.6,Bank Transfer,2026-07-17,2026-07-20,Returned,5
ORD-03770,Faith Mensah,faith.mensah513@example.com,Female,37,United Kingdom,Birmingham,Fashion,Running Shorts,1,28,0.15,23.8,Credit Card,2025-12-14,2025-12-15,Cancelled,3
ORD-03771,James Akinyi,james.akinyi405@example.com,Female,67,Tanzania,Dar es Salaam,Electronics,Bluetooth Speaker,1,65,0.15,55.25,Bank Transfer,2025-06-14,2025-06-16,Cancelled,4
ORD-03772,Lucy Mwangi,lucy.mwangi893@example.com,Female,41,United States,Chicago,Home Appliances,Electric Kettle,3,35,0,105,PayPal,2025-12-26,2025-12-28,Returned,5
ORD-03773,Kevin Wanjiku,kevin.wanjiku558@example.com,Female,34,Tanzania,Dar es Salaam,Electronics,Wireless Headphones,1,45,0.15,38.25,Credit Card,2025-11-29,2025-12-04,Delivered,3
ORD-03774,James Mwangi,james.mwangi574@example.com,Male,24,Ghana,Kumasi,Electronics,Smart Watch,5,120,0.2,480.0,PayPal,2025-03-22,2025-03-25,Returned,1
ORD-03775,Brian Smith,brian.smith945@example.com,Male,29,United Kingdom,Birmingham,Fashion,Sneakers,25,75,0.25,1406.25,PayPal,2025-02-10,2025-02-13,Delivered,5
ORD-03776,Samuel Patel,samuel.patel544@example.com,Male,30,Rwanda,Butare,Beauty,Face Cream,3,24,0.25,54.0,Bank Transfer,2026-07-20,2026-07-23,Cancelled,4
ORD-03777,Linda Njoroge,linda.njoroge227@example.com,Female,38,Kenya,Nairobi,Electronics,Smart Watch,5,120,0.25,450.0,PayPal,2026-08-18,2026-08-25,Returned,2
ORD-03778,Kevin Ochieng,kevin.ochieng122@example.com,Female,28,Kenya,Nairobi,Fashion,Sneakers,1,75,0.1,67.5,Debit Card,2025-08-16,2025-08-21,Cancelled,5
ORD-03779,Peter Khan,peter.khan446@example.com,Female,37,Rwanda,Butare,Fashion,Handbag,1,55,0.15,46.75,Credit Card,2025-01-24,2025-01-28,Processing,5
ORD-03780,Linda Otieno,linda.otieno20@example.com,Female,40,Ghana,Accra,Electronics,Smart Watch,2,120,0.1,216.0,Credit Card,2025-11-24,2025-11-28,Cancelled,2
ORD-03781,Mercy Mwangi,mercy.mwangi818@example.com,Male,41,United Kingdom,Manchester,Home Appliances,Blender,1,58,0.15,49.3,Mobile Money,2025-12-28,2026-01-01,Delivered,5
ORD-03782,Sarah Smith,sarah.smith992@example.com,Female,53,Ghana,Tamale,Fashion,Hoodie,1,42,0.25,31.5,Credit Card,2026-02-02,2026-02-03,Cancelled,1
ORD-03783,Kevin Ochieng,kevin.ochieng322@example.com,Male,29,Tanzania,Mwanza,Fashion,Hoodie,1,42,0.1,37.8,Credit Card,2026-03-12,2026-03-14,Cancelled,3
ORD-03784,Daniel Brown,daniel.brown143@example.com,Male,19,South Africa,Pretoria,Electronics,USB-C Charger,2,22,0.15,37.4,Bank Transfer,2025-12-24,2025-12-25,Returned,2
ORD-03785,Sarah Okafor,sarah.okafor866@example.com,Male,23,Kenya,Nakuru,Fashion,Hoodie,4,42,0.15,142.8,Credit Card,2025-09-26,2025-10-02,Processing,5
ORD-03786,Sarah Williams,sarah.williams458@example.com,Female,51,Kenya,Kisumu,Home Appliances,Electric Kettle,4,35,0.1,126.0,PayPal,2025-02-15,2025-02-20,Cancelled,1
ORD-03787,David Akinyi,david.akinyi715@example.com,Male,43,Uganda,Kampala,Beauty,Lipstick,3,16,0.1,43.2,Debit Card,2025-05-18,2025-05-20,Cancelled,5
ORD-03788,John Mwangi,john.mwangi716@example.com,Female,48,India,Mumbai,Electronics,USB-C Charger,2,22,0.1,39.6,Cash on Delivery,2025-08-30,2025-09-03,Returned,1
ORD-03789,Victor Otieno,victor.otieno786@example.com,Female,50,India,Mumbai,Home Appliances,Air Fryer,4,110,0.25,330.0,Mobile Money,2025-05-22,2025-05-30,Cancelled,4
ORD-03790,Samuel Williams,samuel.williams986@example.com,Female,46,Rwanda,Butare,Fashion,Handbag,1,55,0.15,46.75,Mobile Money,2026-03-06,2026-03-10,Delivered,5
ORD-03791,Grace Kiptoo,grace.kiptoo825@example.com,Female,51,South Africa,Pretoria,Electronics,Laptop Pro 14,10,1150,0,11500,Credit Card,2026-01-16,2026-01-19,Cancelled,3
ORD-03792,Esther Smith,esther.smith254@example.com,Male,35,United Kingdom,Manchester,Home Appliances,Microwave Oven,2,180,0.1,324.0,Credit Card,2025-06-27,2025-07-03,Delivered,1
ORD-03793,Victor Smith,victor.smith792@example.com,Female,22,Kenya,Mombasa,Fashion,Running Shorts,1,28,0.1,25.2,Credit Card,2025-03-20,2025-03-21,Shipped,1
ORD-03794,David Akinyi,david.akinyi704@example.com,Female,48,Nigeria,Port Harcourt,Home Appliances,Microwave Oven,1,180,0.2,144.0,Debit Card,2025-04-09,2025-04-14,Returned,2
ORD-03795,Brian Mwangi,brian.mwangi877@example.com,Female,67,Nigeria,Abuja,Home Appliances,Blender,3,58,0.2,139.2,Mobile Money,2025-01-09,2025-01-10,Delivered,5
ORD-03796,Lucy Otieno,lucy.otieno338@example.com,Male,35,United States,Houston,Beauty,Hair Dryer,3,48,0.15,122.4,Debit Card,2025-11-14,2025-11-22,Cancelled,1
ORD-03797,Brian Khan,brian.khan883@example.com,Female,18,Nigeria,Ibadan,Home Appliances,Microwave Oven,1,180,0.2,144.0,Debit Card,2025-06-28,2025-07-06,Shipped,2
ORD-03798,Faith Wanjiku,faith.wanjiku848@example.com,Female,37,United Kingdom,Birmingham,Beauty,Face Cream,2,24,0.15,40.8,Mobile Money,2025-12-25,2025-12-29,Processing,5
ORD-03799,Kevin Okafor,kevin.okafor737@example.com,Female,38,Kenya,Eldoret,Fashion,Hoodie,4,42,0,168,Cash on Delivery,2026-05-29,2026-05-30,Processing,2
ORD-03800,Samuel Okafor,samuel.okafor993@example.com,Female,63,Ghana,Takoradi,Fashion,Handbag,2,55,0.25,82.5,Bank Transfer,2025-10-31,2025-11-02,Processing,5
ORD-03801,Jane Wanjiku,jane.wanjiku918@example.com,Male,49,United States,New York,Home Appliances,Blender,2,58,0,116,Mobile Money,2026-02-15,2026-02-16,Delivered,4
ORD-03802,John Smith,john.smith652@example.com,Female,29,Ghana,Kumasi,Fashion,Sneakers,5,75,0,375,Bank Transfer,2026-07-04,2026-07-05,Cancelled,4
ORD-03803,Kevin Ochieng,kevin.ochieng625@example.com,Male,27,United Kingdom,London,Home Appliances,Microwave Oven,1,180,0.1,162.0,Debit Card,2025-07-05,2025-07-08,Returned,1
ORD-03804,Aisha Brown,aisha.brown918@example.com,Male,27,Rwanda,Kigali,Fashion,Cotton T-Shirt,3,18,0.05,51.3,Debit Card,2025-06-20,2025-06-28,Processing,2
ORD-03805,James Khan,james.khan660@example.com,Male,60,Uganda,Kampala,Beauty,Face Cream,2,24,0.2,38.4,Bank Transfer,2025-09-18,2025-09-23,Shipped,5
ORD-03806,Lucy Kiptoo,lucy.kiptoo773@example.com,Male,43,Ghana,Kumasi,Fashion,Denim Jacket,1,62,0.25,46.5,Credit Card,2026-08-21,2026-08-29,Returned,1
ORD-03807,Faith Smith,faith.smith233@example.com,Female,46,United Kingdom,Manchester,Fashion,Denim Jacket,4,62,0,248,PayPal,2025-07-02,2025-07-04,Processing,4
ORD-03808,Mary Patel,mary.patel271@example.com,Female,51,Uganda,Entebbe,Beauty,Perfume,1,70,0,70,Debit Card,2025-09-27,2025-10-02,Processing,2
ORD-03809,Jane Smith,jane.smith54@example.com,Male,51,United States,Chicago,Electronics,Smartphone X12,2,699,0.2,1118.4,Debit Card,2026-03-25,2026-03-30,Shipped,4
ORD-03810,Faith Ochieng,faith.ochieng655@example.com,Female,47,Kenya,Nakuru,Electronics,Gaming Mouse,2,38,0.2,60.8,Bank Transfer,2025-09-07,2025-09-14,Cancelled,5
ORD-03811,David Brown,david.brown752@example.com,Female,65,Tanzania,Mwanza,Home Appliances,Vacuum Cleaner,2,145,0.15,246.5,Debit Card,2026-04-25,2026-04-29,Processing,2
ORD-03812,Faith Okafor,faith.okafor741@example.com,Female,65,United Kingdom,London,Beauty,Body Lotion,5,19,0.05,90.25,Cash on Delivery,2025-02-27,2025-03-05,Processing,4
ORD-03813,James Kamau,james.kamau158@example.com,Male,65,United States,LOS ANGELES,ELECTRONICS,Smart Watch,1,120,0.25,90.0,PayPal,2026-04-18,2026-04-25,Returned,2
ORD-03814,John Kamau,john.kamau116@example.com,Female,46,South Africa,Pretoria,Fashion,Sneakers,1,75,0.25,56.25,Mobile Money,2025-12-05,2025-12-11,Cancelled,5
ORD-03815,Michael Brown,michael.brown311@example.com,Female,37,Uganda,Entebbe,Fashion,Cotton T-Shirt,1,18,0.15,15.3,Bank Transfer,2026-06-05,2026-06-06,Cancelled,4
ORD-03816,James Ochieng,james.ochieng241@example.com,Male,19,Rwanda,Butare,Beauty,Body Lotion,4,19,0.25,57.0,Bank Transfer,2025-10-21,2025-10-24,Delivered,2
ORD-03817,Linda Williams,linda.williams997@example.com,Female,25,Kenya,Eldoret,Fashion,Denim Jacket,1,62,0.2,49.6,Debit Card,2025-11-17,2025-11-18,Returned,4
ORD-03818,Kevin Kamau,kevin.kamau847@example.com,Female,33,Kenya,Mombasa,Electronics,Smartphone X12,3,699,0.1,1887.3,Bank Transfer,2025-08-14,2025-08-16,Returned,2
ORD-03819,Jane Mensah,jane.mensah869@example.com,Female,54,Kenya,Kisumu,Electronics,Gaming Mouse,2,38,0.15,64.6,Debit Card,2025-08-22,2025-08-25,Returned,5
ORD-03820,Victor Patel,victor.patel553@example.com,Male,43,United States,New York,Fashion,Hoodie,1,42,0.25,31.5,Credit Card,2026-08-15,2026-08-17,Cancelled,5
ORD-03821,Mary Williams,mary.williams228@example.com,Male,52,Uganda,Entebbe,Beauty,Body Lotion,1,19,0.05,18.05,PayPal,2026-02-01,2026-02-03,Returned,5
ORD-03822,Esther Patel,esther.patel895@example.com,Female,70,Kenya,Nakuru,Beauty,Makeup Kit,2,52,0.2,83.2,Credit Card,2025-10-07,2025-10-12,Delivered,5
ORD-03823,Michael Williams,michael.williams996@example.com,Female,29,Nigeria,Lagos,Electronics,Bluetooth Speaker,1,65,0.05,61.75,Credit Card,2025-12-09,2025-12-17,Delivered,2
ORD-03824,Aisha Patel,aisha.patel230@example.com,Male,19,Kenya,Eldoret,Beauty,Perfume,1,70,0.1,63.0,Debit Card,2025-06-15,2025-06-23,Cancelled,4
ORD-03825,Linda Williams,linda.williams983@example.com,Male,64,Tanzania,Dar es Salaam,Electronics,Laptop Pro 14,1,1150,0.05,1092.5,Credit Card,2025-09-05,2025-09-07,Processing,4
ORD-03826,Michael Njoroge,michael.njoroge776@example.com,Female,41,Nigeria,Port Harcourt,Beauty,Perfume,2,70,0.15,119.0,Mobile Money,2025-05-16,2025-05-24,Delivered,4
ORD-03827,Lucy Kiptoo,lucy.kiptoo941@example.com,Female,64,United Kingdom,Birmingham,Home Appliances,Microwave Oven,1,180,0.05,171.0,Credit Card,2026-03-27,2026-04-01,Returned,4
ORD-03828,Mercy Okafor,mercy.okafor502@example.com,Female,24,United Kingdom,London,Home Appliances,Coffee Maker,2,85,0.15,144.5,Debit Card,2025-10-25,2025-11-01,Returned,4
ORD-03829,Peter Wanjiku,peter.wanjiku775@example.com,Male,70,Nigeria,port harcourt,Beauty,Perfume,1,70,0%,140.0,Credit Card,2026.07.11,2026.07.13,Delivered,1
ORD-03830,Aisha Otieno,aisha.otieno326@example.com,Male,21,Uganda,Kampala,Beauty,Makeup Kit,3,52,0.05,148.2,Bank Transfer,2025-07-23,2025-07-27,Shipped,5
ORD-03831,Jane Brown,jane.brown992@example.com,Female,36,Uganda,Jinja,Home Appliances,Blender,1,58,0.25,43.5,Cash on Delivery,2026-05-09,2026-05-12,Cancelled,4
ORD-03832,Michael Khan,michael.khan836@example.com,Female,22,Ghana,Tamale,Home Appliances,Microwave Oven,3,180,0.25,405.0,Mobile Money,2025-11-16,2025-11-17,Returned,4
ORD-03833,Grace Wanjiku,grace.wanjiku484@example.com,Male,45,India,Bangalore,Fashion,Sneakers,2,75,0.15,127.5,Credit Card,2025-07-15,2025-07-23,Returned,4
ORD-03834,Victor Ochieng,victor.ochieng615@example.com,Male,22,India,Delhi,Electronics,Smart Watch,2,120,0.15,204.0,Credit Card,2026-05-28,2026-05-30,Shipped,2
ORD-03835,Mary Otieno,mary.otieno984@example.com,Male,42,South Africa,Durban,Electronics,Bluetooth Speaker,1,65,0,65,Bank Transfer,2025-06-24,2025-06-30,Delivered,4
ORD-03836,Lucy Mwangi,lucy.mwangi236@example.com,Male,49,South Africa,Durban,Beauty,Perfume,3,70,0.2,168.0,PayPal,2026-07-09,2026-07-12,Delivered,5
ORD-03837,Daniel Wanjiku,daniel.wanjiku191@example.com,Male,20,Nigeria,Abuja,Home Appliances,Coffee Maker,1,85,0,85,Bank Transfer,2026-07-08,2026-07-11,Delivered,5
ORD-03838,Michael Okafor,michael.okafor212@example.com,Male,19,United States,Los Angeles,Beauty,Lipstick,4,16,0.25,48.0,Cash on Delivery,2025-04-10,2025-04-18,Processing,2
ORD-03839,Esther Khan,esther.khan912@example.com,Female,61,India,Delhi,Beauty,Hair Dryer,1,48,0.15,40.8,Bank Transfer,2026-06-28,2026-06-30,Delivered,3
ORD-03840,David Mensah,david.mensah158@example.com,Female,18,Rwanda,Butare,Electronics,Smart Watch,1,120,0.1,108.0,Cash on Delivery,2026-03-13,2026-03-19,Processing,2
ORD-03841,Lucy Williams,lucy.williams700@example.com,Male,40,India,Bangalore,Electronics,Bluetooth Speaker,4,65,0.2,208.0,Credit Card,2025-09-16,2025-09-17,Cancelled,1
ORD-03842,Linda Williams,linda.williams747@example.com,Female,60,Ghana,Takoradi,Beauty,Perfume,1,70,0.1,63.0,PayPal,2025-02-18,2025-02-21,Returned,2
ORD-03843,Lucy Smith,lucy.smith798@example.com,Female,54,Nigeria,Abuja,Fashion,Handbag,1,55,0.1,49.5,Bank Transfer,2025-11-19,2025-11-20,Delivered,2
ORD-03844,@@Lindaa Njoroge!!,john@@email.com,FEMALE,-5,TANZANIA, Mwanza ,Fashion,Cotton T-Shirt,-1,KSh 18,0.15,7.65,M-Pesa,03-29-2026,04-06-2026,Returned,-1
ORD-03845,Samuel Kamau,samuel.kamau293@example.com,Female,58,Nigeria,Port Harcourt,Beauty,Hair Dryer,2,48,0.05,91.2,Bank Transfer,2025-11-07,2025-11-12,Shipped,1
ORD-03846,James Mwangi,james.mwangi574@example.com,Male,37,India,Bangalore,Beauty,Hair Dryer,1,48,0.1,43.2,Debit Card,2025-10-05,2025-10-08,Returned,4
ORD-03847,Victor Wanjiku,victor.wanjiku999@example.com,Male,40,Tanzania,Mwanza,Beauty,Face Cream,2,24,0.05,45.6,PayPal,2025-03-25,2025-04-02,Returned,4
ORD-03848,Sarah Mwangi,sarah.mwangi402@example.com,Female,20,South Africa,Pretoria,Fashion,Hoodie,3,42,0.1,113.4,PayPal,2025-01-07,2025-01-12,Delivered,2
ORD-03849,Mary Okafor,mary.okafor690@example.com,Female,70,India,Delhi,Electronics,USB-C Charger,1,22,0,22,Bank Transfer,2025-12-01,2025-12-08,Delivered,2
ORD-03850,Peter Ochieng,peter.ochieng541@example.com,Female,52,Uganda,Entebbe,Beauty,Face Cream,3,24,0.15,61.2,PayPal,2026-01-04,2026-01-10,Shipped,5
ORD-03851,Mary Mensah,mary.mensah415@example.com,Male,39,India,Chennai,Electronics,USB-C Charger,2,22,0.2,35.2,Bank Transfer,2025-04-18,2025-04-26,Processing,3
ORD-03852,Peter Mwangi,peter.mwangi326@example.com,Female,47,South Africa,Cape Town,Electronics,USB-C Charger,2,22,0.2,35.2,Mobile Money,2026-05-04,2026-05-12,Delivered,1
ORD-03853,Kevin Mwangi,kevin.mwangi554@example.com,Female,68,Tanzania,Mwanza,Home Appliances,Vacuum Cleaner,2,145,0.25,217.5,Bank Transfer,2026-03-01,2026-03-06,Shipped,4
ORD-03854,Peter Kiptoo,peter.kiptoo373@example.com,Female,27,United States,Houston,Home Appliances,Air Fryer,5,110,0,550,Bank Transfer,2026-04-10,2026-04-11,Processing,1
ORD-03855,Victor Okafor,victor.okafor84@example.com,Male,52,RWANDA, kigali ,Beauty,Lipstick,4,16,0.20,102.4,Cash on Delivery,12/01/2026,15/01/2026,Shipped,4
ORD-03856,Peter Brown,peter.brown841@example.com,Male,52,Uganda,Jinja,Fashion,Denim Jacket,1,62,0.1,55.8,Debit Card,2026-06-12,2026-06-16,Shipped,5
ORD-03857,James Akinyi,james.akinyi954@example.com,Male,54,Uganda,Jinja,Fashion,Running Shorts,1,28,0.1,25.2,Credit Card,2026-05-29,2026-06-01,Cancelled,5
ORD-03858,David Ochieng,david.ochieng582@example.com,Male,19,Tanzania,Dar es Salaam,Home Appliances,Microwave Oven,2,180,0.25,270.0,Credit Card,2025-06-05,2025-06-07,Delivered,1
ORD-03859,Sarah Ochieng,sarah.ochieng521@example.com,Female,63,Ghana,Takoradi,Beauty,Lipstick,3,16,0.15,40.8,Cash on Delivery,2025-09-20,2025-09-25,Returned,5
ORD-03860,Jane Ochieng,jane.ochieng152@example.com,Female,64,Rwanda,Kigali,Beauty,Makeup Kit,2,52,0.15,88.4,Credit Card,2025-06-15,2025-06-21,Shipped,1
ORD-03861,Peter Mensah,peter.mensah914@example.com,Female,28,India,Mumbai,Home Appliances,Electric Kettle,1,35,0.15,29.75,Mobile Money,2025-03-16,2025-03-24,Cancelled,4
ORD-03862,Kevin Okafor,kevin.okafor26@example.com,Male,25,Rwanda,Kigali,Home Appliances,Electric Kettle,2,35,0.05,66.5,Mobile Money,2026-05-01,2026-05-02,Cancelled,1
ORD-03863,Sarah Khan,sarah.khan385@example.com,Male,34,Uganda,Entebbe,Beauty,Face Cream,2,24,0.1,43.2,Mobile Money,2026-05-15,2026-05-21,Returned,1
ORD-03864,Faith Mwangi,faith.mwangi613@example.com,Female,49,South Africa,Johannesburg,Fashion,Denim Jacket,1,62,0.1,55.8,Mobile Money,2025-06-27,2025-06-29,Processing,4
ORD-03865,Samuel Mwangi,samuel.mwangi575@example.com,Female,64,Kenya,Mombasa,Beauty,Hair Dryer,1,48,0,48,Cash on Delivery,2026-01-29,2026-02-01,Cancelled,2
ORD-03866,James Mwangi,james.mwangi713@example.com,Female,57,South Africa,Cape Town,Beauty,Body Lotion,1,19,0.05,18.05,PayPal,2025-08-09,2025-08-15,Delivered,3
ORD-03867,Victor Akinyi,victor.akinyi133@example.com,Male,38,Nigeria,Kano,Electronics,Bluetooth Speaker,4,65,0.2,208.0,Credit Card,2025-12-11,2025-12-17,Delivered,2
ORD-03868,Peter Williams,peter.williams987@example.com,Female,57,Rwanda,Butare,Home Appliances,Vacuum Cleaner,3,145,0,435,Bank Transfer,2025-09-20,2025-09-26,Returned,5
ORD-03869,Kevin Okaafor,kevin.okafor559@example.com,Female,60,uganda, entebbe ,FASHION,Sneakers,1,$75.00,0%,97.5,Pay Pal,02/01/2025,10/01/2025,Cancelled,1
ORD-03870,Esther Brown,esther.brown530@example.com,Male,42,Tanzania,Arusha,Fashion,Cotton T-Shirt,2,18,0.1,32.4,Credit Card,2025-07-07,2025-07-10,Processing,5
ORD-03871,Linda Wanjiku,linda.wanjiku615@example.com,Male,64,Uganda,Kampala,Beauty,Face Cream,1,24,0.15,20.4,Cash on Delivery,2025-08-10,2025-08-17,Delivered,4
ORD-03872,Brian Brown,brian.brown247@example.com,Male,39,Kenya,Nakuru,Home Appliances,Coffee Maker,2,85,0.15,144.5,Mobile Money,2026-07-30,2026-08-05,Processing,1
ORD-03873,James Wanjiku,james.wanjiku715@example.com,Female,18,Kenya,Kisumu,Beauty,Lipstick,1,16,0.1,14.4,Debit Card,2026-02-05,2026-02-08,Shipped,4
ORD-03874,Faith Otieno,faith.otieno714@example.com,Female,70,South Africa,Cape Town,Beauty,Makeup Kit,1,52,0.2,41.6,Credit Card,2025-06-15,2025-06-18,Cancelled,3
ORD-03875,Brian Khan,brian.khan974@example.com,Male,32,South Africa,Durban,Fashion,Handbag,1,55,0.25,41.25,PayPal,2025-03-15,2025-03-20,Cancelled,4
ORD-03876,Lucy Khan,lucy.khan918@example.com,Female,23,Kenya,Mombasa,Electronics,Gaming Mouse,2,38,0.1,68.4,Cash on Delivery,2025-06-19,2025-06-20,Cancelled,2
ORD-03877,Kevin Ochieng,kevin.ochieng373@example.com,Male,66,Kenya,Nairobi,Electronics,Bluetooth Speaker,3,65,0.05,185.25,Cash on Delivery,2026-08-21,2026-08-22,Returned,4
ORD-03878,John Ochieng,john.ochieng747@example.com,Female,51,South Africa,Durban,Electronics,Laptop Pro 14,2,1150,0.15,1955.0,Cash on Delivery,2026-02-18,2026-02-23,Cancelled,5
ORD-03879,Michael Njoroge,michael.njoroge400@example.com,Female,51,United Kingdom,Birmingham,Home Appliances,Electric Kettle,1,35,0.05,33.25,Bank Transfer,2026-04-24,2026-04-30,Cancelled,3
ORD-03880,Peter Ochieng,peter.ochieng89@example.com,Male,56,Uganda,Entebbe,Fashion,Hoodie,1,42,0.15,35.7,Bank Transfer,2025-05-30,2025-06-05,Cancelled,2
ORD-03881,David Kiptoo,david.kiptoo395@example.com,Female,21,Uganda,Jinja,Home Appliances,Electric Kettle,3,35,0.05,99.75,Credit Card,2025-06-28,2025-07-02,Processing,5
ORD-03882,Faith Smith,faith.smith326@example.com,Female,47,United States,New York,Home Appliances,Electric Kettle,3,35,0.25,78.75,Debit Card,2026-04-06,2026-04-10,Processing,1
ORD-03883,Brian Williams,brian.williams235@example.com,Female,22,India,Delhi,Beauty,Makeup Kit,5,52,0.15,221.0,Debit Card,2025-12-13,2025-12-19,Cancelled,2
ORD-03884,Esther Akinyi,esther.akinyi550@example.com,Male,40,Uganda,Entebbe,Beauty,Makeup Kit,1,52,0,52,PayPal,2026-04-10,2026-04-17,Cancelled,3
ORD-03885,Victor Njoroge,victor.njoroge225@example.com,Male,58,India,Mumbai,Home Appliances,Coffee Maker,2,85,0.2,136.0,Cash on Delivery,2025-09-08,2025-09-16,Processing,4
ORD-03886,Jaames Patel,james.patel728@example.com,FEMALE,30,nigeria, Ibadan ,Home Appliances,Coffee Maker,0,$85.00,0.20,408.0,Pay Pal,2026.06.29,2026.07.07,returned,4
ORD-03887,David Njoroge,david.njoroge74@example.com,Female,64,Nigeria,Lagos,Home Appliances,Vacuum Cleaner,2,145,0,290,Credit Card,2025-05-10,2025-05-18,Shipped,1
ORD-03888,Daniel Otieno,daniel.otieno62@example.com,Male,42,United Kingdom,London,Electronics,Bluetooth Speaker,3,65,0.05,185.25,Credit Card,2026-01-19,2026-01-21,Cancelled,4
ORD-03889,Brian Patel,brian.patel416@example.com,Male,53,United States,Los Angeles,Electronics,Bluetooth Speaker,1,65,0.1,58.5,Mobile Money,2025-03-10,2025-03-15,Delivered,5
ORD-03890,Mary Patel,mary.patel714@example.com,Male,48,Kenya,Mombasa,Fashion,Denim Jacket,2,62,0,124,PayPal,2025-05-10,2025-05-16,Returned,4
ORD-03891,Lucy Okafor,lucy.okafor628@example.com,Male,54,Nigeria,Abuja,Fashion,Sneakers,3,75,0.05,213.75,PayPal,2025-11-29,2025-12-06,Shipped,5
ORD-03892,Daniel Patel,daniel.patel405@example.com,Male,31,Nigeria,Port Harcourt,Fashion,Sneakers,3,75,0.25,168.75,Bank Transfer,2025-03-14,2025-03-21,Cancelled,4
ORD-03893,Jane Ochieng,jane.ochieng699@example.com,Female,38,Nigeria,Kano,Beauty,Body Lotion,4,19,0.05,72.2,Debit Card,2025-10-30,2025-11-05,Delivered,5
ORD-03894,John Khan,john.khan592@example.com,Female,55,South Africa,Johannesburg,Fashion,Cotton T-Shirt,1,18,0.15,15.3,Credit Card,2025-07-17,2025-07-22,Shipped,4
ORD-03895,Daniel Williams,daniel.williams907@example.com,Male,48,Kenya,Kisumu,Home Appliances,Coffee Maker,1,85,0.15,72.25,Debit Card,2026-07-24,2026-07-31,Returned,5
ORD-03896,Faith Williams,faith.williams631@example.com,Male,36,Rwanda,Kigali,Fashion,Sneakers,1,75,0.1,67.5,Credit Card,2026-04-25,2026-04-28,Cancelled,4
ORD-03897,Peter Okafor,peter.okafor309@example.com,Male,21,Uganda,Jinja,Home Appliances,Coffee Maker,10,85,0.1,765.0,Bank Transfer,2025-05-16,2025-05-19,Cancelled,4
ORD-03898,Esther Patel,esther.patel497@example.com,Female,26,Kenya,Mombasa,Electronics,Smart Watch,10,120,0.15,1020.0,Debit Card,2025-07-01,2025-07-09,Processing,5
ORD-03899,@@Saamuel Njoroge!!,invalid@,Male,150,uganda,,electronics,Laptop Pro 14,-3,"KSh 1,150",0%,4485.0,Mpesa,08/03/2025,09/03/2025,Shipped,0
ORD-03900,James Mensah,james.mensah990@example.com,Male,50,india, CHENNAI ,Fashion,Cotton T-Shirt,10,KSh 18,0.15,30.6,debit card,19/06/2025,22/06/2025,Processing,3
ORD-03901,@@Peter Otieno!!,mary.example.com,male,150,tanzania, MWANZA ,Beauty,Makeup Kit,2 units,$52.00,25%,101.4,Pay Pal,14/06/2025,15/06/2025,PROCESSING,N/A
ORD-03902,Kevin Kiptoo,kevin.kiptoo893@example.com,Female,39,United Kingdom,London,Beauty,Lipstick,1,16,0.1,14.4,Cash on Delivery,2025-11-08,2025-11-10,Cancelled,5
ORD-03903,Lucy Mwangi,lucy.mwangi821@example.com,Female,38,Tanzania,Mwanza,Electronics,Gaming Mouse,1,38,0.25,28.5,Mobile Money,2025-09-11,2025-09-14,Cancelled,5
ORD-03904,James Smith,james.smith557@example.com,Female,51,United States,Houston,Home Appliances,Electric Kettle,2,35,0,70,Mobile Money,2025-04-22,2025-04-29,Shipped,4
ORD-03905,Daniel Brown,daniel.brown116@example.com,Male,42,Uganda,Kampala,Electronics,Smart Watch,1,120,0.1,108.0,Credit Card,2025-10-30,2025-11-07,Processing,4
ORD-03906,Daniel Khan,daniel.khan33@example.com,Female,45,Uganda,Jinja,Electronics,Wireless Headphones,4,45,0.25,135.0,PayPal,2025-10-04,2025-10-12,Delivered,4
ORD-03907,Jane Williams,jane.williams232@example.com,Male,40,Rwanda,Butare,Home Appliances,Vacuum Cleaner,4,145,0.15,493.0,PayPal,2025-07-25,2025-07-29,Cancelled,3
ORD-03908,Esther Patel,esther.patel339@example.com,Female,24,India,Delhi,Fashion,Cotton T-Shirt,2,18,0.1,32.4,Bank Transfer,2026-06-29,2026-07-02,Shipped,2
ORD-03909,Esther Njoroge,esther.njoroge419@example.com,Female,65,India,Bangalore,Beauty,Lipstick,1,16,0.2,12.8,PayPal,2026-03-20,2026-03-22,Returned,2
ORD-03910,Linda Williams,linda.williams594@example.com,Male,42,South Africa,Cape Town,Home Appliances,Blender,1,58,0.15,49.3,Bank Transfer,2026-06-06,2026-06-09,Shipped,3
ORD-03911,Aisha Mensah,aisha.mensah49@example.com,Male,51,Nigeria,Ibadan,Fashion,Handbag,5,55,0.1,247.5,Mobile Money,2025-03-28,2025-03-30,Returned,5
ORD-03912,Michael Wanjiku,michael.wanjiku135@example.com,Female,18,Uganda,Entebbe,Beauty,Body Lotion,10,19,0.2,152.0,Mobile Money,2025-03-06,2025-03-08,Returned,1
ORD-03913,David Okafor,david.okafor733@example.com,Female,66,Nigeria,Kano,Fashion,Handbag,3,55,0.15,140.25,Debit Card,2025-02-28,2025-03-02,Returned,3
ORD-03914,Victor Kamau,victor.kamau597@example.com,Female,69,United States,Houston,Electronics,Bluetooth Speaker,3,65,0,195,Credit Card,2026-07-02,2026-07-08,Delivered,5
ORD-03915,Michael Mwangi,michael.mwangi30@example.com,Female,36,Uganda,Kampala,Beauty,Face Cream,1,24,0.05,22.8,Debit Card,2025-03-25,2025-03-28,Returned,4
ORD-03916,Grace Ochieng,grace.ochieng762@example.com,Female,33,United Kingdom,Birmingham,Fashion,Running Shorts,2,28,0.2,44.8,Credit Card,2026-04-09,2026-04-14,Returned,2
ORD-03917,Aisha Mwangi,aisha.mwangi412@example.com,Male,20,Nigeria,Lagos,Electronics,Bluetooth Speaker,2,65,0.2,104.0,Bank Transfer,2025-06-04,2025-06-10,Returned,3
ORD-03918,Mary Okafor,mary.okafor74@example.com,Female,18,United States,Chicago,Beauty,Perfume,1,70,0.1,63.0,Credit Card,2026-03-24,2026-04-01,Processing,4
ORD-03919,Peter Mwangi,peter.mwangi687@example.com,Female,20,Ghana,Tamale,Beauty,Body Lotion,1,19,0.05,18.05,Bank Transfer,2025-10-05,2025-10-08,Returned,5
ORD-03920,Samuel Mensah,samuel.mensah679@example.com,Female,23,Tanzania,Mwanza,Home Appliances,Vacuum Cleaner,2,145,0.15,246.5,Debit Card,2025-10-17,2025-10-22,Delivered,1
ORD-03921,Kevin Williams,kevin.williams512@example.com,Female,20,Uganda,Jinja,Beauty,Face Cream,1,24,0.25,18.0,Debit Card,2025-05-30,2025-06-07,Processing,2
ORD-03922,James Williams,james.williams906@example.com,Female,52,Uganda,Jinja,Fashion,Handbag,1,55,0.05,52.25,Credit Card,2025-03-01,2025-03-07,Cancelled,4
ORD-03923,James Njoroge,james.njoroge988@example.com,Male,20,India,Bangalore,Beauty,Makeup Kit,1,52,0.1,46.8,Mobile Money,2026-08-06,2026-08-13,Delivered,3
ORD-03924,Jane Kiptoo,jane.kiptoo740@example.com,Male,20,India,Bangalore,Fashion,Hoodie,4,42,0.25,126.0,PayPal,2026-03-22,2026-03-29,Returned,5
ORD-03925,Brian Mwangi,brian.mwangi633@example.com,Female,46,Rwanda,Butare,Beauty,Body Lotion,2,19,0.05,36.1,Debit Card,2025-08-09,2025-08-13,Cancelled,1
ORD-03926,Sarah Khan,sarah.khan951@example.com,Female,62,India,Delhi,Fashion,Handbag,3,55,0.05,156.75,Mobile Money,2025-04-25,2025-05-01,Processing,5
ORD-03927,Kevin Njoroge,kevin.njoroge82@example.com,Male,47,South Africa, Pretoria ,fashion,Handbag,3 units,55,0,82.5,creditcard,2026.07.18,2026.07.25,RETURNED,3
ORD-03928,Lucy Williams,lucy.williams188@example.com,Male,24,South Africa,Cape Town,Fashion,Denim Jacket,1,62,0,62,Bank Transfer,2025-08-25,2025-09-02,Returned,5
ORD-03929,Kevin Njoroge,kevin.njoroge741@example.com,Male,20,Ghana,Accra,Home Appliances,Coffee Maker,2,85,0.2,136.0,PayPal,2025-06-28,2025-07-02,Cancelled,2
ORD-03930,Jane Mensah,jane.mensah8@example.com,Male,23,India,Delhi,Beauty,Makeup Kit,2,52,0.25,78.0,Debit Card,2025-05-13,2025-05-16,Delivered,5
ORD-03931,Daniel Brown,daniel.brown8@example.com,Female,60,South Africa,Pretoria,Electronics,Laptop Pro 14,1,1150,0.15,977.5,PayPal,2025-02-20,2025-02-28,Returned,5
ORD-03932,Victor Kiptoo,victor.kiptoo767@example.com,Male,37,Nigeria,Abuja,Fashion,Hoodie,1,42,0.15,35.7,Mobile Money,2026-07-14,2026-07-17,Returned,4
ORD-03933,Sarah Wanjiku,sarah.wanjiku851@example.com,Female,33,South Africa,Johannesburg,Electronics,Laptop Pro 14,2,1150,0.05,2185.0,Mobile Money,2026-04-12,2026-04-16,Delivered,5
ORD-03934,@@Lucy Khaan!!,invalid@,Male,0,kenya, Kisumu ,beauty,Makeup Kit,1,KSh 52,20%,8.32,creditcard,2025.11.24,2025.11.26,Delivered,5 stars
ORD-03935,Linda Mwangi,linda.mwangi759@example.com,Male,46,United States,Chicago,Fashion,Denim Jacket,2,62,0.05,117.8,PayPal,2025-02-05,2025-02-07,Processing,5
ORD-03936,Daniel Otieno,daniel.otieno348@example.com,Female,33,United Kingdom,Birmingham,Fashion,Cotton T-Shirt,3,18,0.1,48.6,Cash on Delivery,2025-10-26,2025-10-29,Processing,3
ORD-03937,Brian Wanjiku,brian.wanjiku598@example.com,Male,26,United States,Houston,Home Appliances,Microwave Oven,3,180,0,540,Credit Card,2025-03-25,2025-03-26,Processing,5
ORD-03938,Victor Njoroge,victor.njoroge788@example.com,Male,54,Nigeria,Kano,Electronics,Wireless Headphones,1,45,0.05,42.75,Credit Card,2025-09-03,2025-09-08,Shipped,1
ORD-03939,Samuel Wanjiku,samuel.wanjiku109@example.com,Female,21,Uganda,Kampala,Home Appliances,Air Fryer,1,110,0.25,82.5,Cash on Delivery,2025-06-11,2025-06-18,Processing,4
ORD-03940,Sarah Mensah,sarah.mensah425@example.com,Female,23,Nigeria,Kano,Beauty,Lipstick,3,16,0.25,36.0,Debit Card,2026-03-14,2026-03-22,Returned,5
ORD-03941,Jane Williams,jane.williams727@example.com,Male,52,Ghana,Accra,Home Appliances,Electric Kettle,3,35,0.15,89.25,PayPal,2025-03-01,2025-03-03,Delivered,5
ORD-03942,Aisha Wanjiku,aisha.wanjiku49@example.com,Female,42,Kenya,Eldoret,Fashion,Cotton T-Shirt,4,18,0.25,54.0,Mobile Money,2025-04-10,2025-04-12,Returned,4
ORD-03943,,james.ochieng44@example.com,Female,37,Tanzania, Dar es Salaam ,home appliances,Electric Kettle,4,KSh 35,0.2,224.0,Mpesa,01-26-2025,02-01-2025,Returned,3
ORD-03944,Peter Khan,peter.khan130@example.com,Male,42,Kenya,Eldoret,Beauty,Body Lotion,2,19,0.15,32.3,Bank Transfer,2025-06-14,2025-06-17,Returned,4
ORD-03945,Saarah Smith,john@@email.com,MALE,150,Uganda, kampala ,Fashion,Denim Jacket,0,$62.00,0.10,55.8,M-Pesa,03-03-2025,03-07-2025,Cancelled,-1
ORD-03946,Faith Akinyi,faith.akinyi860@example.com,Male,35,Rwanda,Kigali,Home Appliances,Air Fryer,1,110,0.1,99.0,Bank Transfer,2025-11-08,2025-11-10,Returned,5
ORD-03947,Esther Smith,esther.smith303@example.com,Male,64,Uganda,Entebbe,Home Appliances,Microwave Oven,2,180,0.25,270.0,PayPal,2025-07-20,2025-07-24,Delivered,1
ORD-03948,James Akinyi,james.akinyi242@example.com,Male,39,Kenya,Kisumu,Electronics,Smart Watch,1,120,0.25,90.0,Debit Card,2026-03-17,2026-03-20,Processing,5
ORD-03949,Daniel Mensah,daniel.mensah65@example.com,Female,54,United Kingdom,Birmingham,Electronics,Laptop Pro 14,3,1150,0.2,2760.0,Debit Card,2025-09-03,2025-09-11,Shipped,2
ORD-03950,Peter Kiptoo,peter.kiptoo795@example.com,Female,-5,INDIA,,Beauty,Makeup Kit,3000,KSh 52,0.1,182.52,creditcard,02/03/2025,05/03/2025,returned,-1
ORD-03951,Aisha Ochieng,aisha.ochieng118@example.com,Female,64,South Africa,Durban,Electronics,Bluetooth Speaker,1,65,0.25,48.75,Cash on Delivery,2025-02-11,2025-02-19,Shipped,5
ORD-03952,Esther Smith,esther.smith62@example.com,Male,24,Kenya,Nakuru,Beauty,Face Cream,3,24,0.25,54.0,Credit Card,2026-07-30,2026-08-03,Cancelled,4
ORD-03953,Jane Wanjiku,jane.wanjiku667@example.com,Male,66,Uganda,Jinja,Beauty,Perfume,1,70,0.1,63.0,Credit Card,2026-04-21,2026-04-27,Cancelled,2
ORD-03954,Aisha Mwangi,aisha.mwangi24@example.com,Male,59,Ghana,Takoradi,Electronics,Gaming Mouse,1,38,0.25,28.5,Cash on Delivery,2025-02-03,2025-02-06,Shipped,3
ORD-03955,Mary Otieno,mary.otieno149@example.com,Female,53,Tanzania,Mwanza,Electronics,Smart Watch,1,120,0,120,Cash on Delivery,2025-10-01,2025-10-02,Returned,5
ORD-03956,Sarah Khan,sarah.khan690@example.com,Male,20,United States,Houston,Fashion,Denim Jacket,1,62,0.25,46.5,Credit Card,2026-03-21,2026-03-26,Processing,2
ORD-03957,Daniel Khan,daniel.khan293@example.com,Female,49,United Kingdom,Birmingham,Home Appliances,Air Fryer,1,110,0.05,104.5,Cash on Delivery,2025-07-11,2025-07-19,Cancelled,5
ORD-03958,Jane Brown,jane.brown666@example.com,Male,47,South Africa,Cape Town,Electronics,Bluetooth Speaker,1,65,0,65,Bank Transfer,2025-09-15,2025-09-21,Shipped,4
ORD-03959,Sarah Kamau,sarah.kamau371@example.com,Male,54,South Africa,Johannesburg,Home Appliances,Electric Kettle,1,35,0.1,31.5,PayPal,2026-02-03,2026-02-11,Shipped,3
ORD-03960,Brian Mensah,brian.mensah22@example.com,Male,32,United States,Chicago,Electronics,Bluetooth Speaker,2,65,0,130,Bank Transfer,2025-02-21,2025-02-23,Delivered,4
ORD-03961,Jane Akinyi,jane.akinyi998@example.com,Female,54,Nigeria,Lagos,Electronics,Laptop Pro 14,1,1150,0.15,977.5,Credit Card,2026-07-05,2026-07-12,Cancelled,2
ORD-03962,Faith Ochieng,faith.ochieng342@example.com,Female,31,Uganda,Jinja,Home Appliances,Coffee Maker,3,85,0.1,229.5,PayPal,2025-09-25,2025-10-03,Delivered,3
ORD-03963,Grace Khan,grace.khan404@example.com,Male,23,Ghana,Kumasi,Fashion,Hoodie,2,42,0.2,67.2,PayPal,2026-04-14,2026-04-16,Returned,5
ORD-03964,Lucy Kiptoo,lucy.kiptoo229@example.com,Female,40,Kenya,Nakuru,Fashion,Denim Jacket,4,62,0,248,PayPal,2025-10-29,2025-11-01,Cancelled,5
ORD-03965,Kevin Okafor,kevin.okafor229@example.com,Male,66,Rwanda,Kigali,Beauty,Perfume,1,70,0.05,66.5,PayPal,2025-05-10,2025-05-18,Returned,1
ORD-03966,Peter Okafor,peter.okafor332@example.com,Male,57,Ghana,Takoradi,Home Appliances,Air Fryer,1,110,0.1,99.0,Credit Card,2025-09-26,2025-10-02,Shipped,5
ORD-03967,Daniel Brown,daniel.brown550@example.com,Male,64,South Africa,Johannesburg,Electronics,Smart Watch,1,120,0.1,108.0,Debit Card,2025-11-30,2025-12-02,Returned,3
ORD-03968,Victor Ochieng,victor.ochieng601@example.com,Female,54,Ghana,Takoradi,Fashion,Handbag,2,55,0.1,99.0,Cash on Delivery,2025-10-14,2025-10-22,Delivered,1
ORD-03969,Lucy Kiptoo,lucy.kiptoo98@example.com,Male,32,Ghana,Tamale,Electronics,USB-C Charger,1,22,0,22,Debit Card,2025-12-26,2025-12-31,Shipped,4
ORD-03970,Samuel Wanjiku,samuel.wanjiku298@example.com,Male,58,Ghana,Tamale,Home Appliances,Blender,3,58,0.25,130.5,Bank Transfer,2025-09-29,2025-10-01,Processing,4
ORD-03971,Victor Otieno,victor.otieno148@example.com,Male,66,United States,New York,Electronics,Laptop Pro 14,2,1150,0.1,2070.0,Debit Card,2026-03-16,2026-03-23,Returned,3
ORD-03972,Michael Mwangi,michael.mwangi325@example.com,Female,60,Nigeria,Ibadan,Electronics,Smart Watch,1,120,0.05,114.0,PayPal,2025-10-09,2025-10-15,Returned,4
ORD-03973,Faith Njoroge,faith.njoroge852@example.com,Male,62,India,Delhi,Home Appliances,Air Fryer,2,110,0.05,209.0,Debit Card,2026-03-02,2026-03-07,Processing,4
ORD-03974,Faith Ochieng,faith.ochieng512@example.com,Male,21,South Africa,Pretoria,Electronics,Smartphone X12,1,699,0.15,594.15,Credit Card,2025-12-03,2025-12-07,Processing,4
ORD-03975,Aisha Kiptoo,aisha.kiptoo368@example.com,Female,62,United Kingdom,Manchester,Fashion,Denim Jacket,1,62,0,62,PayPal,2026-05-25,2026-05-30,Processing,4
ORD-03976,Grace Kiptoo,grace.kiptoo17@example.com,Male,51,Rwanda,Butare,Beauty,Perfume,1,70,0.05,66.5,Cash on Delivery,2025-11-02,2025-11-03,Returned,2
ORD-03977,Mercy Brown,mercy.brown897@example.com,Female,62,Uganda,Kampala,Fashion,Running Shorts,2,28,0.1,50.4,Cash on Delivery,2025-10-14,2025-10-22,Shipped,4
ORD-03978,Peter Mwangi,peter.mwangi154@example.com,Female,63,India,Bangalore,Beauty,Perfume,3,70,0.25,157.5,Credit Card,2025-05-17,2025-05-24,Returned,4
ORD-03979,David Mensah,david.mensah95@example.com,Female,44,Ghana,Takoradi,Beauty,Face Cream,1,24,0.15,20.4,Debit Card,2026-03-26,2026-03-30,Delivered,2
ORD-03980,Lucy Mwangi,lucy.mwangi499@example.com,Male,48,United States,Los Angeles,Home Appliances,Vacuum Cleaner,1,145,0,145,Debit Card,2025-01-25,2025-01-30,Shipped,3
ORD-03981,Brian Njoroge,brian.njoroge409@example.com,Female,27,United States,Los Angeles,Beauty,Body Lotion,1,19,0.15,16.15,Credit Card,2025-09-08,2025-09-15,Cancelled,5
ORD-03982,Sarah Mensah,sarah.mensah897@example.com,Female,22,Kenya,Nakuru,Fashion,Denim Jacket,2,62,0.25,93.0,Debit Card,2026-05-28,2026-06-05,Processing,4
ORD-03983,Sarah Khan,sarah.khan772@example.com,Female,24,South Africa,Cape Town,Electronics,Wireless Headphones,2,45,0.15,76.5,Cash on Delivery,2025-05-26,2025-06-02,Returned,5
ORD-03984,Mercy Njoroge,mercy.njoroge218@example.com,Female,37,South Africa,Durban,Electronics,Wireless Headphones,1,45,0.25,33.75,Credit Card,2026-02-26,2026-03-04,Delivered,4
ORD-03985,Aisha Mensah,aisha.mensah240@example.com,Female,59,United States,Houston,Beauty,Makeup Kit,3,52,0.2,124.8,Mobile Money,2025-04-12,2025-04-19,Shipped,4
ORD-03986,Victor Kiptoo,victor.kiptoo553@example.com,Male,42,India,Mumbai,Beauty,Body Lotion,4,19,0.05,72.2,Mobile Money,2026-03-14,2026-03-22,Shipped,4
ORD-03987,John Ochieng,john.ochieng810@example.com,Female,69,Rwanda,Kigali,Home Appliances,Electric Kettle,2,35,0.15,59.5,PayPal,2026-01-05,2026-01-11,Delivered,1
,@@None!!,user#mail.com,,-5,,,,,1000,KSh 42,0.2,6.72,Pay Pal,2025.11.21,2025.11.24,,6
ORD-03989,Sarah Ochieng,sarah.ochieng149@example.com,Male,28,Uganda,Kampala,Fashion,Hoodie,2,42,0.05,79.8,Mobile Money,2025-11-05,2025-11-10,Cancelled,4
ORD-03990,Sarah Kiptoo,sarah.kiptoo408@example.com,Male,44,Rwanda,Butare,Electronics,USB-C Charger,2,22,0.1,39.6,Credit Card,2026-02-18,2026-02-24,Processing,4
ORD-03991,Kevin Smith,kevin.smith748@example.com,Female,51,United Kingdom,Birmingham,Fashion,Denim Jacket,3,62,0.05,176.7,Mobile Money,2025-01-26,2025-01-28,Returned,2
ORD-03992,Aisha Njoroge,aisha.njoroge215@example.com,Female,38,Rwanda,Butare,Home Appliances,Microwave Oven,1,180,0.1,162.0,Bank Transfer,2025-02-26,2025-03-06,Processing,1
ORD-03993,Peter Williams,peter.williams146@example.com,Female,55,Ghana,Accra,Fashion,Handbag,1,55,0.15,46.75,Credit Card,2026-04-16,2026-04-21,Returned,4
ORD-03994,Grace Brown,grace.brown968@example.com,Male,20,Nigeria,Port Harcourt,Beauty,Body Lotion,1,19,0.05,18.05,Mobile Money,2025-03-23,2025-03-31,Cancelled,5
ORD-03995,Faith Brown,faith.brown718@example.com,Female,45,Kenya,Nairobi,Fashion,Denim Jacket,1,62,0.25,46.5,Debit Card,2025-05-14,2025-05-18,Shipped,5
ORD-03996,Aisha Mwangi,aisha.mwangi996@example.com,Female,39,Tanzania,Dar es Salaam,Fashion,Sneakers,2,75,0,150,Bank Transfer,2025-07-10,2025-07-12,Delivered,2
ORD-03997,Kevin Mensah,kevin.mensah806@example.com,Female,43,Uganda,Jinja,Electronics,Smart Watch,1,120,0,120,PayPal,2025-09-25,2025-10-01,Processing,2
ORD-03998,Esther Mwangi,esther.mwangi869@example.com,Female,56,Rwanda,Butare,Beauty,Makeup Kit,2,52,0.05,98.8,Debit Card,2025-01-27,2025-01-30,Returned,4
ORD-03999,Kevin Brown,kevin.brown921@example.com,Female,24,United States,Houston,Beauty,Perfume,1,70,0.25,52.5,Credit Card,2025-07-21,2025-07-22,Processing,4
ORD-04000,Victor Patel,victor.patel22@example.com,Male,44,Ghana,Tamale,Home Appliances,Microwave Oven,1,180,0.25,135.0,Mobile Money,2026-07-20,2026-07-23,Delivered,2
ORD-04001,Faith Smith,faith.smith433@example.com,Female,34,Uganda,Jinja,Electronics,USB-C Charger,1,22,0,22,Bank Transfer,2026-07-08,2026-07-09,Returned,4
ORD-04002,Michael Williams,michael.williams868@example.com,Male,48,United States,Houston,Electronics,Smartphone X12,2,699,0.05,1328.1,Cash on Delivery,2025-12-11,2025-12-15,Cancelled,5
ORD-04003,Aisha Patel,aisha.patel592@example.com,Male,46,United Kingdom,Birmingham,Home Appliances,Electric Kettle,3,35,0.1,94.5,Mobile Money,2025-08-24,2025-09-01,Shipped,5
ORD-04004,Kevin Otieno,kevin.otieno669@example.com,Female,67,United Kingdom,London,Electronics,Bluetooth Speaker,4,65,0.1,234.0,Credit Card,2025-11-16,2025-11-21,Processing,1
ORD-04005,Sarah Kiptoo,sarah.kiptoo374@example.com,Female,52,South Africa,Cape Town,Electronics,Wireless Headphones,4,45,0.25,135.0,PayPal,2025-06-28,2025-07-02,Returned,2
ORD-04006,David Khan,david.khan292@example.com,Female,46,Nigeria,Kano,Fashion,Cotton T-Shirt,3,18,0,54,Mobile Money,2026-02-11,2026-02-19,Shipped,3
ORD-04007,David Njoroge,david.njoroge952@example.com,Male,30,Tanzania,Dar es Salaam,Home Appliances,Air Fryer,1,110,0.15,93.5,Debit Card,2025-07-01,2025-07-06,Delivered,2
ORD-04008,Samuel Kamau,samuel.kamau474@example.com,Male,35,United States,Chicago,Home Appliances,Microwave Oven,3,180,0.25,405.0,Bank Transfer,2025-08-22,2025-08-28,Shipped,5
ORD-04009,Michael Otieno,michael.otieno502@example.com,Female,31,Kenya,Kisumu,Beauty,Body Lotion,10,19,0,190,Mobile Money,2025-02-27,2025-03-06,Processing,5
ORD-04010,Grace Williams,grace.williams809@example.com,Male,38,South Africa,Cape Town,Beauty,Perfume,2,70,0,140,Cash on Delivery,2026-07-19,2026-07-22,Returned,2
ORD-04011,Michael Ochieng,michael.ochieng260@example.com,Female,60,India,Delhi,Fashion,Sneakers,3,75,0.05,213.75,Cash on Delivery,2025-02-12,2025-02-16,Cancelled,5
ORD-04012,James Njoroge,james.njoroge193@example.com,Female,67,United States,Chicago,Home Appliances,Electric Kettle,1,35,0.05,33.25,Cash on Delivery,2025-12-10,2025-12-12,Processing,2
ORD-04013,Sarah Kiptoo,sarah.kiptoo512@example.com,Male,57,India,Chennai,Fashion,Hoodie,3,42,0.1,113.4,Credit Card,2025-05-03,2025-05-10,Shipped,4
ORD-04014,Jane Brown,jane.brown402@example.com,Male,65,Rwanda,Kigali,Home Appliances,Vacuum Cleaner,4,145,0.15,493.0,Cash on Delivery,2025-05-17,2025-05-18,Processing,4
ORD-04015,Peter Wanjiku,peter.wanjiku81@example.com,Male,43,Ghana,Accra,Electronics,Wireless Headphones,2,45,0.2,72.0,Mobile Money,2025-12-09,2025-12-16,Cancelled,4
ORD-04016,Grace Patel,grace.patel134@example.com,Male,56,Tanzania,Mwanza,Beauty,Face Cream,1,24,0,24,PayPal,2026-07-04,2026-07-06,Shipped,1
ORD-04017,Mercy Kiptoo,mercy.kiptoo328@example.com,Female,62,United Kingdom,Birmingham,Home Appliances,Coffee Maker,1,85,0.15,72.25,Cash on Delivery,2025-10-24,2025-10-30,Processing,1
ORD-04018,Mary Kiptoo,mary.kiptoo588@example.com,Female,21,United Kingdom,Birmingham,Home Appliances,Vacuum Cleaner,2,145,0.25,217.5,Cash on Delivery,2025-09-04,2025-09-12,Returned,5
ORD-04019,Mary Otieno,mary.otieno808@example.com,Male,42,India,Bangalore,Home Appliances,Blender,3,58,0.15,147.9,PayPal,2026-08-08,2026-08-14,Delivered,5
ORD-04020,Michael Njoroge,michael.njoroge199@example.com,Male,21,Ghana,Accra,Electronics,Smartphone X12,4,699,0.15,2376.6,Debit Card,2025-12-04,2025-12-08,Returned,1
ORD-04021,Victor Njoroge,victor.njoroge593@example.com,Female,26,South Africa,Pretoria,Beauty,Lipstick,1,16,0.05,15.2,Bank Transfer,2025-08-28,2025-09-02,Shipped,1
ORD-04022,Brian Brown,brian.brown367@example.com,Female,51,United States,New York,Fashion,Denim Jacket,1,62,0.05,58.9,Credit Card,2025-01-18,2025-01-23,Cancelled,4
ORD-04023,David Brown,david.brown861@example.com,Female,66,Uganda,Kampala,Fashion,Sneakers,1,75,0,75,Bank Transfer,2025-11-05,2025-11-10,Returned,3
ORD-04024,David Kiptoo,david.kiptoo852@example.com,Male,52,Kenya,Mombasa,Home Appliances,Microwave Oven,2,180,0,360,Debit Card,2025-01-04,2025-01-12,Cancelled,1
ORD-04025,Peter Kamau,peter.kamau723@example.com,Female,37,India,Chennai,Fashion,Sneakers,5,75,0.25,281.25,Mobile Money,2025-01-11,2025-01-19,Shipped,2
ORD-04026,Lucy Mwangi,lucy.mwangi947@example.com,Male,19,Kenya,Mombasa,Fashion,Running Shorts,3,28,0,84,Cash on Delivery,2025-06-12,2025-06-14,Processing,4
ORD-04027,Jane Patel,jane.patel34@example.com,Male,23,South Africa,Durban,Fashion,Handbag,1,55,0.1,49.5,Credit Card,2025-01-17,2025-01-22,Shipped,2
ORD-04028,Lucy Kiptoo,lucy.kiptoo917@example.com,Male,57,Rwanda,Butare,Beauty,Lipstick,1,16,0.15,13.6,Debit Card,2026-01-27,2026-01-31,Delivered,2
ORD-04029,Kevin Kamau,kevin.kamau906@example.com,Male,55,United Kingdom,Birmingham,Electronics,USB-C Charger,2,22,0.1,39.6,Credit Card,2026-06-22,2026-06-30,Delivered,4
ORD-04030,Aisha Njoroge,aisha.njoroge715@example.com,Male,70,Rwanda,Kigali,Beauty,Face Cream,3,24,0.25,54.0,Mobile Money,2025-05-13,2025-05-18,Cancelled,4
ORD-04031,Aisha Akinyi,aisha.akinyi791@example.com,Male,19,South Africa,Johannesburg,Home Appliances,Coffee Maker,3,85,0.1,229.5,PayPal,2025-09-01,2025-09-04,Shipped,4
ORD-04032,Linda Wanjiku,linda.wanjiku972@example.com,Male,27,India,Chennai,Home Appliances,Coffee Maker,2,85,0.25,127.5,Cash on Delivery,2026-05-19,2026-05-22,Shipped,3
ORD-04033,Samuel Kamau,samuel.kamau530@example.com,Female,43,Nigeria,Abuja,Fashion,Denim Jacket,1,62,0,62,Mobile Money,2026-02-18,2026-02-19,Returned,3
ORD-04034,Esther Mensah,esther.mensah368@example.com,Male,60,Ghana,Takoradi,Home Appliances,Blender,1,58,0.1,52.2,Mobile Money,2026-01-27,2026-01-29,Returned,4
ORD-04035,Mary Otieno,mary.otieno328@example.com,Male,43,Uganda,Kampala,Electronics,Smartphone X12,3,699,0.2,1677.6,Mobile Money,2025-03-27,2025-04-04,Cancelled,3
ORD-04036,Brian Brown,brian.brown694@example.com,Female,44,Uganda,Kampala,Home Appliances,Electric Kettle,1,35,0.1,31.5,Credit Card,2026-01-20,2026-01-23,Cancelled,4
ORD-04037,Michael Otieno,michael.otieno313@example.com,Female,47,Rwanda,Butare,Fashion,Sneakers,4,75,0,300,Bank Transfer,2026-02-01,2026-02-02,Shipped,3
ORD-04038,Samuel Williams,samuel.williams740@example.com,Male,56,South Africa,Pretoria,Fashion,Handbag,1,55,0.15,46.75,Mobile Money,2026-05-20,2026-05-28,Shipped,5
ORD-04039,David Otieno,david.otieno867@example.com,Female,52,Ghana,Tamale,Fashion,Handbag,2,55,0.25,82.5,Bank Transfer,2026-02-27,2026-03-01,Returned,2
ORD-04040,Michael Njoroge,michael.njoroge624@example.com,Female,54,Nigeria,Abuja,Home Appliances,Coffee Maker,2,85,0.2,136.0,PayPal,2026-06-02,2026-06-04,Delivered,5
ORD-04041,John Mwangi,john.mwangi935@example.com,Female,20,United Kingdom,London,Fashion,Handbag,1,55,0,55,PayPal,2026-04-29,2026-05-03,Returned,2
ORD-04042,Daniel Njoroge,daniel.njoroge77@example.com,Female,42,United Kingdom,Manchester,Electronics,Wireless Headphones,1,45,0.05,42.75,Bank Transfer,2026-02-06,2026-02-10,Returned,5
ORD-04043,Jane Williams,jane.williams132@example.com,Male,50,Tanzania,Dar es Salaam,Fashion,Sneakers,1,75,0,75,PayPal,2026-05-11,2026-05-18,Cancelled,4
ORD-04044,John Khan,john.khan763@example.com,Male,27,Kenya,Nairobi,Beauty,Body Lotion,1,19,0.05,18.05,Mobile Money,2025-07-17,2025-07-24,Delivered,2
ORD-04045,Samuel Brown,samuel.brown141@example.com,Female,30,South Africa,Johannesburg,Fashion,Handbag,2,55,0.1,99.0,Bank Transfer,2025-10-29,2025-11-02,Delivered,3
ORD-04046,Faith Brown,faith.brown565@example.com,Female,40,Kenya,Kisumu,Home Appliances,Vacuum Cleaner,3,145,0.15,369.75,Credit Card,2025-05-22,2025-05-27,Processing,4
ORD-04047,Samuel Smith,samuel.smith391@example.com,Female,66,Kenya,Kisumu,Home Appliances,Air Fryer,3,110,0,330,Cash on Delivery,2025-01-13,2025-01-19,Delivered,5
ORD-04048,James Kamau,james.kamau345@example.com,Male,51,India,Delhi,Home Appliances,Electric Kettle,2,35,0.25,52.5,Mobile Money,2025-06-16,2025-06-19,Delivered,3
ORD-04049,Aisha Patel,aisha.patel552@example.com,Male,56,Nigeria,Port Harcourt,Beauty,Lipstick,5,16,0,80,Cash on Delivery,2026-06-22,2026-06-24,Returned,3
ORD-04050,Grace Williams,grace.williams958@example.com,Female,41,Tanzania,Arusha,Electronics,Gaming Mouse,2,38,0.2,60.8,Credit Card,2026-07-20,2026-07-24,Delivered,4
ORD-04051,Lucy Mwangi,lucy.mwangi605@example.com,Female,30,United Kingdom,London,Fashion,Handbag,1,55,0.25,41.25,Credit Card,2026-04-23,2026-04-28,Shipped,2
ORD-04052,Peter Williams,peter.williams406@example.com,Male,45,Ghana,Takoradi,Beauty,Body Lotion,3,19,0.1,51.3,Mobile Money,2025-04-22,2025-04-28,Returned,3
ORD-04053,Michael Okafor,michael.okafor506@example.com,Female,45,Rwanda,Kigali,Beauty,Hair Dryer,2,48,0.1,86.4,Cash on Delivery,2025-01-29,2025-01-31,Shipped,4
ORD-04054,Linda Wanjiku,linda.wanjiku18@example.com,Female,46,India,Chennai,Electronics,Gaming Mouse,3,38,0.25,85.5,Mobile Money,2026-07-09,2026-07-10,Returned,2
ORD-04055,Mercy Kiptoo,mercy.kiptoo640@example.com,Female,68,Ghana,Takoradi,Fashion,Sneakers,1,75,0.2,60.0,Debit Card,2026-02-09,2026-02-15,Delivered,4
ORD-04056,Sarah Okafor,sarah.okafor273@example.com,Female,30,Tanzania,Mwanza,Beauty,Hair Dryer,2,48,0.25,72.0,PayPal,2026-07-30,2026-08-04,Shipped,4
ORD-04057,Michael Khan,michael.khan590@example.com,Female,40,Kenya,Nakuru,Home Appliances,Air Fryer,3,110,0.1,297.0,Credit Card,2026-04-11,2026-04-15,Processing,5
ORD-04058,David Wanjiku,david.wanjiku665@example.com,Male,19,United States,Los Angeles,Fashion,Hoodie,1,42,0.15,35.7,Mobile Money,2025-08-21,2025-08-24,Cancelled,4
ORD-04059,Michael Kiptoo,michael.kiptoo536@example.com,Female,47,Nigeria,Port Harcourt,Home Appliances,Vacuum Cleaner,2,145,0.2,232.0,Mobile Money,2026-01-11,2026-01-18,Delivered,3
ORD-04060,Esther Kamau,esther.kamau649@example.com,Female,54,Nigeria,Port Harcourt,Home Appliances,Electric Kettle,1,35,0.2,28.0,Mobile Money,2025-12-19,2025-12-21,Processing,1
ORD-04061,Grace Ochieng,grace.ochieng603@example.com,Female,24,South Africa,Durban,Home Appliances,Air Fryer,1,110,0.05,104.5,Mobile Money,2025-07-06,2025-07-13,Returned,5
ORD-04062,Kevin Otieno,kevin.otieno830@example.com,Male,69,United States,Chicago,Beauty,Body Lotion,2,19,0.05,36.1,Debit Card,2026-01-24,2026-01-28,Delivered,4
ORD-04063,David Williams,david.williams130@example.com,Male,20,United Kingdom,London,Home Appliances,Electric Kettle,1,35,0.2,28.0,Bank Transfer,2026-03-17,2026-03-25,Returned,5
ORD-04064,David Smith,david.smith309@example.com,Female,64,Rwanda,Butare,Electronics,Bluetooth Speaker,5,65,0.2,260.0,Cash on Delivery,2025-01-16,2025-01-18,Returned,2
ORD-04065,Daniel Kiptoo,daniel.kiptoo28@example.com,Male,49,India,Bangalore,Home Appliances,Blender,1,58,0.15,49.3,Mobile Money,2025-12-26,2025-12-27,Cancelled,1
ORD-04066,Jane Njoroge,jane.njoroge712@example.com,Female,59,Ghana,Tamale,Fashion,Sneakers,1,75,0.1,67.5,Debit Card,2026-07-01,2026-07-07,Shipped,5
ORD-04067,Mercy Khan,mercy.khan490@example.com,Female,59,Ghana,Accra,Electronics,Gaming Mouse,1,38,0.1,34.2,PayPal,2025-11-10,2025-11-12,Shipped,3
ORD-04068,John Brown,john.brown388@example.com,Female,64,Nigeria,Kano,Electronics,Smartphone X12,4,699,0.05,2656.2,Credit Card,2025-06-27,2025-06-29,Processing,4
ORD-04069,Sarah Kamau,sarah.kamau819@example.com,Female,49,Rwanda,Butare,Beauty,Makeup Kit,3,52,0.25,117.0,Mobile Money,2025-05-26,2025-05-28,Cancelled,1
ORD-04070,Faith Khan,faith.khan407@example.com,Female,69,South Africa,Johannesburg,Home Appliances,Microwave Oven,2,180,0.2,288.0,Bank Transfer,2026-07-07,2026-07-08,Delivered,5
ORD-04071,Aisha Otieno,aisha.otieno780@example.com,Male,27,Rwanda,Butare,Electronics,Gaming Mouse,1,38,0.15,32.3,Credit Card,2026-07-11,2026-07-18,Delivered,4
ORD-04072,Faith Mensah,faith.mensah588@example.com,Female,34,South Africa,Johannesburg,Home Appliances,Air Fryer,4,110,0.15,374.0,Cash on Delivery,2026-07-18,2026-07-22,Returned,3
ORD-04073,Brian Mwangi,brian.mwangi713@example.com,Female,46,Uganda,Entebbe,Electronics,Gaming Mouse,2,38,0.2,60.8,Bank Transfer,2025-01-16,2025-01-24,Processing,5
ORD-04074,Jane Kiptoo,jane.kiptoo440@example.com,Male,42,Uganda,Entebbe,Home Appliances,Air Fryer,2,110,0.15,187.0,Debit Card,2026-02-12,2026-02-15,Shipped,1
ORD-04075,Victor Njoroge,victor.njoroge830@example.com,Male,42,South Africa,Cape Town,Home Appliances,Air Fryer,1,110,0.25,82.5,Credit Card,2025-02-10,2025-02-14,Cancelled,2
ORD-04076,Linda Smith,linda.smith35@example.com,Female,62,United Kingdom,Birmingham,Electronics,Smart Watch,2,120,0.15,204.0,Debit Card,2025-03-19,2025-03-21,Returned,5
ORD-04077,David Kiptoo,david.kiptoo682@example.com,Male,48,Kenya,Eldoret,Electronics,Bluetooth Speaker,1,65,0.2,52.0,PayPal,2025-03-26,2025-03-30,Shipped,1
ORD-04078,Aisha Njoroge,aisha.njoroge233@example.com,Male,25,Kenya,Nairobi,Home Appliances,Vacuum Cleaner,1,145,0.1,130.5,PayPal,2026-07-18,2026-07-26,Cancelled,4
ORD-04079,Peter Brown,peter.brown25@example.com,Male,62,Ghana,Kumasi,Home Appliances,Air Fryer,1,110,0.15,93.5,Credit Card,2026-06-13,2026-06-18,Delivered,1
ORD-04080,Aisha Brown,aisha.brown897@example.com,Female,35,India,Bangalore,Fashion,Denim Jacket,1,62,0.2,49.6,Bank Transfer,2025-09-27,2025-09-28,Cancelled,5
ORD-04081,Victor Njoroge,victor.njoroge847@example.com,Female,42,Nigeria,Ibadan,Fashion,Running Shorts,1,28,0,28,Cash on Delivery,2026-07-08,2026-07-15,Shipped,1
ORD-04082,Lucy Wanjiku,lucy.wanjiku181@example.com,Male,69,United Kingdom,London,Home Appliances,Blender,2,58,0,116,PayPal,2025-04-28,2025-05-06,Processing,2
ORD-04083,Mary Okafor,mary.okafor424@example.com,Female,25,Kenya,Kisumu,Electronics,Smart Watch,1,120,0.2,96.0,Mobile Money,2026-06-10,2026-06-11,Delivered,5
ORD-04084,Brian Khan,brian.khan61@example.com,Female,62,South Africa,Durban,Beauty,Perfume,1,70,0.1,63.0,Debit Card,2026-04-21,2026-04-22,Cancelled,5
ORD-04085,Aisha Williams,aisha.williams907@example.com,Male,48,Tanzania,Mwanza,Fashion,Cotton T-Shirt,2,18,0.15,30.6,Mobile Money,2025-01-02,2025-01-07,Returned,5
ORD-04086,Faith Njoroge,faith.njoroge53@example.com,Female,29,India,Mumbai,Electronics,Laptop Pro 14,1,1150,0,1150,Credit Card,2025-03-15,2025-03-22,Cancelled,4
ORD-04087,Lucy Kamau,lucy.kamau39@example.com,Male,68,United States,Chicago,Beauty,Face Cream,1,24,0.25,18.0,Credit Card,2026-03-04,2026-03-07,Returned,1
ORD-04088,David Mwangi,david.mwangi727@example.com,Male,32,United Kingdom,London,Fashion,Sneakers,3,75,0.2,180.0,PayPal,2026-08-15,2026-08-19,Delivered,5
ORD-04089,Aisha Wanjiku,aisha.wanjiku55@example.com,Male,48,South Africa,Johannesburg,Electronics,Laptop Pro 14,4,1150,0.2,3680.0,Mobile Money,2025-03-23,2025-03-27,Shipped,5
ORD-04090,David Wanjiku,david.wanjiku937@example.com,Male,65,United Kingdom,Manchester,Fashion,Hoodie,2,42,0.15,71.4,Debit Card,2025-11-06,2025-11-09,Returned,4
ORD-04091,Michael Mensah,michael.mensah438@example.com,Male,36,Rwanda,Kigali,Electronics,Wireless Headphones,3,45,0.15,114.75,Credit Card,2026-04-17,2026-04-25,Returned,5
ORD-04092,Mercy Kamau,mercy.kamau193@example.com,Female,51,United Kingdom,Manchester,Fashion,Cotton T-Shirt,1,18,0.2,14.4,Credit Card,2025-11-12,2025-11-14,Cancelled,2
ORD-04093,Jane Mwangi,jane.mwangi288@example.com,Male,28,Uganda,Entebbe,Home Appliances,Coffee Maker,1,85,0.2,68.0,Credit Card,2025-07-30,2025-08-04,Shipped,3
ORD-04094,James Okafor,james.okafor621@example.com,Male,27,United Kingdom,Birmingham,Home Appliances,Blender,4,58,0,232,Cash on Delivery,2026-03-31,2026-04-02,Cancelled,1
ORD-04095,Mercy Kiptoo,mercy.kiptoo295@example.com,Female,61,Tanzania,Dar es Salaam,Electronics,Bluetooth Speaker,2,65,0.25,97.5,Debit Card,2025-01-12,2025-01-20,Processing,5
ORD-04096,Grace Brown,grace.brown461@example.com,Female,68,United States,Los Angeles,Home Appliances,Electric Kettle,5,35,0.2,140.0,Debit Card,2026-07-04,2026-07-08,Shipped,3
ORD-04097,Grace Williams,grace.williams438@example.com,Male,27,United Kingdom,London,Electronics,Wireless Headphones,3,45,0.25,101.25,PayPal,2026-06-17,2026-06-25,Cancelled,3
ORD-04098,Jane Smith,jane.smith692@example.com,Female,22,South Africa,Johannesburg,Beauty,Body Lotion,2,19,0.25,28.5,Cash on Delivery,2025-10-22,2025-10-24,Delivered,5
ORD-04099,Lucy Patel,lucy.patel590@example.com,Male,29,Uganda,Entebbe,Home Appliances,Air Fryer,2,110,0.15,187.0,Mobile Money,2025-01-26,2025-02-02,Delivered,5
ORD-04100,Lucy Otieno,lucy.otieno994@example.com,Male,38,India,Mumbai,Electronics,USB-C Charger,2,22,0.2,35.2,Mobile Money,2025-10-03,2025-10-10,Delivered,4
ORD-04101,Victor Ochieng,victor.ochieng789@example.com,Female,51,Kenya,Nakuru,Home Appliances,Microwave Oven,4,180,0.25,540.0,Cash on Delivery,2025-12-28,2026-01-01,Returned,3
ORD-04102,Jane Khan,jane.khan959@example.com,Male,25,Ghana,Tamale,Fashion,Cotton T-Shirt,2,18,0.25,27.0,Bank Transfer,2025-07-15,2025-07-19,Cancelled,1
ORD-04103,Esther Mensah,esther.mensah225@example.com,Female,40,Tanzania,Arusha,Fashion,Denim Jacket,1,62,0.1,55.8,Mobile Money,2025-05-07,2025-05-14,Returned,5
ORD-04104,Lucy Wanjiku,lucy.wanjiku947@example.com,Female,54,South Africa,Pretoria,Beauty,Lipstick,3,16,0,48,Mobile Money,2025-05-04,2025-05-09,Delivered,2
ORD-04105,Jane Brown,jane.brown224@example.com,Male,68,India,Chennai,Home Appliances,Microwave Oven,1,180,0.1,162.0,Debit Card,2026-06-18,2026-06-23,Processing,1
ORD-04106,Lucy Ochieng,lucy.ochieng428@example.com,Female,43,India,Chennai,Home Appliances,Coffee Maker,1,85,0.1,76.5,Debit Card,2025-06-03,2025-06-09,Returned,2
ORD-04107,John Kamau,john.kamau101@example.com,Female,59,India,Delhi,Electronics,Gaming Mouse,2,38,0.2,60.8,Debit Card,2025-06-29,2025-07-01,Returned,5
ORD-04108,Esther Smith,esther.smith663@example.com,Female,39,South Africa,Johannesburg,Fashion,Sneakers,2,75,0.1,135.0,Mobile Money,2025-06-18,2025-06-22,Delivered,5
ORD-04109,Esther Smith,esther.smith278@example.com,Female,21,Kenya,Nairobi,Beauty,Face Cream,2,24,0.05,45.6,PayPal,2025-12-07,2025-12-08,Delivered,4
ORD-04110,Faith Akinyi,faith.akinyi37@example.com,Male,33,Uganda,Kampala,Home Appliances,Coffee Maker,2,85,0.15,144.5,Mobile Money,2026-06-09,2026-06-14,Processing,5
ORD-04111,Faith Patel,faith.patel980@example.com,Female,32,South Africa,Cape Town,Fashion,Hoodie,1,42,0.15,35.7,Debit Card,2026-02-22,2026-02-23,Shipped,4
ORD-04112,Aisha Okafor,aisha.okafor588@example.com,Male,22,Nigeria,Port Harcourt,Fashion,Sneakers,1,75,0.2,60.0,Credit Card,2025-01-29,2025-02-04,Shipped,1
ORD-04113,Michael Patel,michael.patel641@example.com,Female,54,India,Mumbai,Home Appliances,Coffee Maker,2,85,0.1,153.0,Debit Card,2025-02-22,2025-02-28,Shipped,4
ORD-04114,Michael Kiptoo,michael.kiptoo972@example.com,Female,50,South Africa,Johannesburg,Home Appliances,Microwave Oven,2,180,0.25,270.0,Bank Transfer,2025-09-30,2025-10-04,Cancelled,3
ORD-04115,Kevin Patel,kevin.patel869@example.com,Male,48,Uganda,Entebbe,Fashion,Hoodie,1,42,0.15,35.7,Credit Card,2025-09-12,2025-09-16,Shipped,1
ORD-04116,Faith Mwangi,faith.mwangi668@example.com,Female,29,Uganda,Entebbe,Electronics,USB-C Charger,2,22,0.05,41.8,Debit Card,2025-09-11,2025-09-12,Returned,1
ORD-04117,David Otieno,david.otieno602@example.com,Male,40,Nigeria,Kano,Home Appliances,Air Fryer,3,110,0,330,Bank Transfer,2025-02-22,2025-03-02,Returned,5
ORD-04118,Esther Smith,esther.smith243@example.com,Male,46,United States,Houston,Electronics,Bluetooth Speaker,1,65,0.15,55.25,PayPal,2026-05-21,2026-05-22,Shipped,5
ORD-04119,Faith Akinyi,faith.akinyi984@example.com,Female,33,United States,Chicago,Beauty,Makeup Kit,1,52,0.1,46.8,Bank Transfer,2025-12-26,2025-12-31,Shipped,4
ORD-04120,Samuel Ochieng,samuel.ochieng58@example.com,Female,57,United Kingdom,Birmingham,Home Appliances,Microwave Oven,3,180,0.15,459.0,Credit Card,2025-11-11,2025-11-12,Shipped,5
ORD-04121,Lucy Kamau,lucy.kamau558@example.com,Female,68,India,Delhi,Home Appliances,Vacuum Cleaner,1,145,0,145,PayPal,2025-11-01,2025-11-02,Returned,1
ORD-04122,Victor Akinyi,victor.akinyi278@example.com,Female,60,Rwanda,Butare,Beauty,Face Cream,2,24,0.15,40.8,Bank Transfer,2025-11-18,2025-11-25,Returned,5
ORD-04123,Aisha Wanjiku,aisha.wanjiku299@example.com,male,19,United States, Houston ,home appliances,Microwave Oven,4,KSh 180,0%,936.0,DEBIT CARD,25/03/2025,31/03/2025,RETURNED,2
ORD-04124,Lucy Patel,lucy.patel87@example.com,Female,61,South Africa,Durban,Fashion,Denim Jacket,1,62,0.05,58.9,Cash on Delivery,2026-04-20,2026-04-28,Cancelled,5
ORD-04125,Michael Wanjiku,michael.wanjiku323@example.com,Male,49,Nigeria,Abuja,Beauty,Perfume,1,70,0.25,52.5,Credit Card,2025-08-06,2025-08-13,Returned,5
ORD-04126,Jane Wanjiku,jane.wanjiku762@example.com,Female,61,Uganda,Jinja,Beauty,Body Lotion,4,19,0.2,60.8,PayPal,2025-06-16,2025-06-22,Shipped,5
,@@None!!,invalid@,,150,,,,,1000,KSh 110,0.00,22.0,Pay Pal,2025.09.03,2025.09.11,,-1
ORD-04128,Mary Kamau,mary.kamau335@example.com,Male,40,South Africa,Cape Town,Beauty,Hair Dryer,2,48,0.2,76.8,Mobile Money,2026-06-26,2026-06-27,Shipped,4
ORD-04129,Peter Khan,peter.khan724@example.com,Male,60,United Kingdom,Manchester,Home Appliances,Blender,1,58,0.25,43.5,Mobile Money,2026-02-03,2026-02-09,Delivered,2
ORD-04130,Mercy Okafor,mercy.okafor363@example.com,Male,43,Uganda,Entebbe,Beauty,Makeup Kit,2,52,0,104,Credit Card,2025-11-17,2025-11-18,Returned,3
ORD-04131,Linda Smith,linda.smith55@example.com,Female,25,Uganda,Kampala,Fashion,Handbag,1,55,0.1,49.5,Debit Card,2025-07-01,2025-07-07,Shipped,1
ORD-04132,Grace Ochieng,grace.ochieng276@example.com,Female,40,South Africa,Pretoria,Fashion,Cotton T-Shirt,1,18,0,18,Bank Transfer,2026-08-08,2026-08-09,Processing,5
ORD-04133,John Mensah,john.mensah434@example.com,Female,44,Rwanda,Butare,Fashion,Cotton T-Shirt,2,18,0.05,34.2,Credit Card,2025-07-22,2025-07-27,Cancelled,5
ORD-04134,Victor Ochieng,victor.ochieng268@example.com,Female,40,Kenya,Kisumu,Home Appliances,Microwave Oven,1,180,0.05,171.0,Debit Card,2025-10-30,2025-11-03,Shipped,4
ORD-04135,Mary Okafor,mary.okafor128@example.com,MALE,25,India, Delhi ,Electronics,Laptop Pro 14,1,1150,0%,2300.0,Debit Card,08-11-2025,08-19-2025,returned,4
ORD-04136,Esther Akinyi,esther.akinyi34@example.com,Male,56,Rwanda,Butare,Home Appliances,Electric Kettle,3,35,0,105,Debit Card,2025-08-19,2025-08-21,Cancelled,5
ORD-04137,Mary Akinyi,mary.akinyi313@example.com,Male,30,Uganda,Jinja,Electronics,Wireless Headphones,3,45,0.1,121.5,Cash on Delivery,2025-10-14,2025-10-21,Returned,5
ORD-04138,Linda Otieno,linda.otieno377@example.com,Male,64,United States,Chicago,Home Appliances,Electric Kettle,2,35,0.05,66.5,Debit Card,2025-04-03,2025-04-09,Processing,4
ORD-04139,Faith Ochieng,faith.ochieng167@example.com,Male,18,India,Chennai,Fashion,Sneakers,1,75,0.05,71.25,Cash on Delivery,2025-05-19,2025-05-26,Cancelled,5
ORD-04140,Jane Akinyi,jane.akinyi363@example.com,Female,21,Nigeria,Port Harcourt,Fashion,Hoodie,1,42,0.25,31.5,Bank Transfer,2025-04-08,2025-04-10,Cancelled,4
ORD-04141,Brian Mwangi,brian.mwangi314@example.com,Female,32,Rwanda,Kigali,Home Appliances,Electric Kettle,1,35,0.15,29.75,Bank Transfer,2026-05-22,2026-05-30,Delivered,4
ORD-04142,Aisha Smith,aisha.smith888@example.com,Female,43,Nigeria,Lagos,Electronics,Smart Watch,1,120,0.25,90.0,Bank Transfer,2025-04-16,2025-04-20,Returned,3
,@@None!!,invalid@,,0,,,,,0,$180.00,10%,32.4,Credit card,04-03-2025,04-11-2025,,5 stars
ORD-04144,Brian Njoroge,brian.njoroge474@example.com,Male,42,Ghana,Tamale,Fashion,Sneakers,4,75,0,300,PayPal,2026-02-03,2026-02-10,Returned,2
ORD-04145,James Mwangi,james.mwangi514@example.com,Male,36,United States,Los Angeles,Home Appliances,Blender,1,58,0.05,55.1,Debit Card,2025-04-06,2025-04-14,Cancelled,5
ORD-04146,Linda Okafor,linda.okafor742@example.com,Male,54,Ghana,Accra,Home Appliances,Air Fryer,2,110,0.1,198.0,Credit Card,2025-07-27,2025-08-03,Cancelled,4
,@@None!!,mary.example.com,,0,,,,,1 units,"€1,150.00",0.05,1420.25,M-Pesa,2025.11.12,2025.11.14,,6
ORD-04148,Lucy Khan,lucy.khan314@example.com,Female,70,Kenya,Kisumu,Beauty,Makeup Kit,2,52,0.1,93.6,PayPal,2025-08-03,2025-08-08,Cancelled,4
ORD-04149,David Williams,david.williams382@example.com,Male,26,Rwanda,Butare,Electronics,Smartphone X12,1,699,0,699,Cash on Delivery,2025-03-17,2025-03-19,Processing,3
ORD-04150,Sarah Okafor,sarah.okafor422@example.com,Male,42,United Kingdom,London,Fashion,Denim Jacket,1,62,0.25,46.5,Debit Card,2026-06-05,2026-06-08,Shipped,2
ORD-04151,Aisha Otieno,aisha.otieno331@example.com,Female,64,Nigeria,Lagos,Fashion,Running Shorts,2,28,0.25,42.0,Mobile Money,2026-08-13,2026-08-18,Delivered,3
ORD-04152,Kevin Patel,kevin.patel163@example.com,Female,35,United States,Los Angeles,Electronics,Wireless Headphones,3,45,0,135,Credit Card,2025-02-25,2025-03-05,Returned,2
,@@None!!,invalid@,,-5,,,,,1000,62,0.15,10.54,Bank transfer,01-19-2026,01-21-2026,,N/A
ORD-04154,Esther Ochieng,esther.ochieng913@example.com,Female,25,United Kingdom,Manchester,Home Appliances,Electric Kettle,1,35,0.05,33.25,Debit Card,2025-04-06,2025-04-11,Shipped,4
ORD-04155,Samuel Brown,samuel.brown826@example.com,Male,38,Ghana,Tamale,Home Appliances,Electric Kettle,5,35,0.2,140.0,PayPal,2026-01-29,2026-02-03,Delivered,4
ORD-04156,Faith Okafor,faith.okafor754@example.com,Male,69,Kenya,Kisumu,Home Appliances,Air Fryer,1,110,0.1,99.0,Mobile Money,2025-10-07,2025-10-10,Returned,1
ORD-04157,Victor Okafor,victor.okafor813@example.com,Female,55,Nigeria,Kano,Electronics,Gaming Mouse,2,38,0.15,64.6,Credit Card,2025-12-04,2025-12-06,Delivered,2
ORD-04158,Michael Khan,michael.khan268@example.com,Male,62,United States,New York,Beauty,Body Lotion,3,19,0.1,51.3,Mobile Money,2026-03-09,2026-03-17,Processing,1
ORD-04159,Sarah Akinyi,sarah.akinyi122@example.com,Female,64,Kenya,Eldoret,Beauty,Lipstick,2,16,0.2,25.6,Debit Card,2026-07-18,2026-07-21,Returned,1
ORD-04160,David Patel,david.patel882@example.com,Female,39,Tanzania,Dar es Salaam,Home Appliances,Microwave Oven,2,180,0,360,Mobile Money,2025-03-27,2025-04-02,Returned,1
ORD-04161,David Kamau,david.kamau390@example.com,Female,61,United Kingdom,Manchester,Electronics,Wireless Headphones,2,45,0.25,67.5,PayPal,2026-07-02,2026-07-10,Returned,2
ORD-04162,Esther Njoroge,esther.njoroge384@example.com,Male,47,United Kingdom,Manchester,Electronics,Laptop Pro 14,1,1150,0.15,977.5,Credit Card,2026-01-25,2026-01-31,Shipped,3
ORD-04163,Mercy Smith,mercy.smith798@example.com,Female,60,South Africa,Durban,Fashion,Running Shorts,1,28,0.05,26.6,Debit Card,2025-12-19,2025-12-27,Returned,1
ORD-04164,Jane Kamau,jane.kamau641@example.com,Male,27,United States,New York,Electronics,Wireless Headphones,1,45,0.1,40.5,Debit Card,2025-10-05,2025-10-06,Returned,2
ORD-04165,Lucy Brown,lucy.brown477@example.com,Male,43,United Kingdom,Birmingham,Fashion,Sneakers,1,75,0,75,Mobile Money,2025-10-09,2025-10-10,Shipped,5
ORD-04166,Jane Wanjiku,jane.wanjiku453@example.com,Male,45,Rwanda,Kigali,Fashion,Denim Jacket,1,62,0.2,49.6,Cash on Delivery,2025-05-02,2025-05-03,Returned,5
ORD-04167,Mary Kiptoo,mary.kiptoo407@example.com,Female,47,South Africa,Cape Town,Beauty,Perfume,1,70,0.05,66.5,Cash on Delivery,2025-10-08,2025-10-09,Cancelled,3
ORD-04168,Daniel Akinyi,daniel.akinyi808@example.com,Male,70,Kenya,Mombasa,Beauty,Hair Dryer,2,48,0.15,81.6,Bank Transfer,2026-06-03,2026-06-07,Cancelled,1
ORD-04169,Daniel Mensah,daniel.mensah706@example.com,Female,44,Ghana,Tamale,Electronics,Gaming Mouse,1,38,0,38,Mobile Money,2025-06-02,2025-06-07,Returned,2
ORD-04170,James Williams,james.williams962@example.com,Male,19,India,Mumbai,Beauty,Perfume,2,70,0.2,112.0,Credit Card,2025-10-03,2025-10-11,Shipped,2
ORD-04171,Linda Ochieng,linda.ochieng786@example.com,Female,53,United Kingdom,Birmingham,Fashion,Denim Jacket,2,62,0.2,99.2,Credit Card,2026-05-03,2026-05-04,Processing,4
ORD-04172,Mary Khan,mary.khan978@example.com,Male,26,Uganda,Jinja,Fashion,Cotton T-Shirt,1,18,0,18,Debit Card,2025-05-27,2025-05-29,Cancelled,1
ORD-04173,Peter Patel,peter.patel795@example.com,Female,60,Uganda,Kampala,Electronics,Smart Watch,1,120,0.25,90.0,Cash on Delivery,2025-05-31,2025-06-08,Returned,1
ORD-04174,John Khan,john.khan468@example.com,Female,24,United Kingdom,London,Electronics,Smartphone X12,3,699,0.05,1992.15,PayPal,2026-07-09,2026-07-13,Processing,1
ORD-04175,Sarah Williams,sarah.williams727@example.com,Female,43,United Kingdom,London,Beauty,Makeup Kit,1,52,0.2,41.6,Mobile Money,2026-07-22,2026-07-24,Processing,5
ORD-04176,Aisha Wanjiku,aisha.wanjiku176@example.com,Female,68,Uganda,Entebbe,Beauty,Hair Dryer,2,48,0.05,91.2,PayPal,2025-09-18,2025-09-21,Delivered,4
ORD-04177,Linda Mwangi,linda.mwangi143@example.com,Female,42,Uganda,Entebbe,Electronics,Laptop Pro 14,25,1150,0.25,21562.5,Mobile Money,2026-07-12,2026-07-17,Cancelled,1
ORD-04178,Mary Williams,mary.williams103@example.com,Female,28,Ghana,Tamale,Home Appliances,Air Fryer,1,110,0.15,93.5,Bank Transfer,2025-04-28,2025-04-30,Cancelled,1
ORD-04179,Mercy Smith,mercy.smith935@example.com,Male,64,Rwanda,Kigali,Electronics,Wireless Headphones,2,45,0.15,76.5,Mobile Money,2026-02-23,2026-02-26,Returned,1
ORD-04180,Lucy Kamau,lucy.kamau825@example.com,Male,20,Ghana,Accra,Fashion,Sneakers,1,75,0,75,Debit Card,2025-10-15,2025-10-20,Returned,2
ORD-04181,Samuel Mwangi,samuel.mwangi152@example.com,Female,54,Uganda,Kampala,Home Appliances,Microwave Oven,3,180,0.25,405.0,PayPal,2025-05-07,2025-05-15,Cancelled,2
ORD-04182,Victor Njoroge,victor.njoroge38@example.com,Male,45,Ghana,Takoradi,Fashion,Sneakers,2,75,0.2,120.0,Debit Card,2025-11-13,2025-11-18,Delivered,4
ORD-04183,David Smith,david.smith447@example.com,Female,61,Uganda,Entebbe,Home Appliances,Microwave Oven,1,180,0.2,144.0,Debit Card,2025-07-24,2025-07-29,Delivered,5
ORD-04184,David Patel,david.patel237@example.com,Female,45,Nigeria,Lagos,Home Appliances,Air Fryer,2,110,0.2,176.0,Cash on Delivery,2025-11-16,2025-11-19,Delivered,4
ORD-04185,Faith Brown,faith.brown272@example.com,Female,27,South Africa,Cape Town,Home Appliances,Electric Kettle,2,35,0.25,52.5,Bank Transfer,2026-05-17,2026-05-18,Processing,4
ORD-04186,Grace Kiptoo,grace.kiptoo742@example.com,Male,36,India,Delhi,Fashion,Denim Jacket,1,62,0.15,52.7,Cash on Delivery,2025-01-29,2025-02-03,Returned,4
ORD-04187,Jane Kiptoo,jane.kiptoo316@example.com,Female,44,Ghana,Tamale,Electronics,Bluetooth Speaker,1,65,0.1,58.5,Cash on Delivery,2025-08-12,2025-08-20,Delivered,1
ORD-04188,Jane Smith,jane.smith593@example.com,Female,57,Ghana,Accra,Beauty,Perfume,1,70,0.15,59.5,Mobile Money,2025-10-07,2025-10-15,Cancelled,3
ORD-04189,Daniel Mensah,daniel.mensah732@example.com,Male,23,Uganda,Entebbe,Beauty,Lipstick,1,16,0.15,13.6,Cash on Delivery,2025-11-06,2025-11-08,Processing,4
ORD-04190,Daniel Brown,daniel.brown362@example.com,Male,30,South Africa,Cape Town,Home Appliances,Electric Kettle,1,35,0.15,29.75,Bank Transfer,2025-10-18,2025-10-23,Shipped,5
ORD-04191,Kevin Akinyi,kevin.akinyi968@example.com,Male,57,Rwanda,Kigali,Electronics,Wireless Headphones,1,45,0.2,36.0,Cash on Delivery,2025-02-24,2025-03-02,Delivered,4
ORD-04192,Samuel Mensah,samuel.mensah59@example.com,Male,38,United Kingdom,London,Beauty,Hair Dryer,1,48,0.1,43.2,Mobile Money,2026-07-04,2026-07-08,Processing,4
ORD-04193,Kevin Williams,kevin.williams262@example.com,Male,23,United States,New York,Electronics,Bluetooth Speaker,2,65,0.2,104.0,PayPal,2026-07-10,2026-07-11,Delivered,4
ORD-04194,Peter Mwangi,peter.mwangi925@example.com,Male,41,India,Bangalore,Electronics,Laptop Pro 14,4,1150,0.05,4370.0,Credit Card,2025-08-03,2025-08-10,Shipped,3
ORD-04195,Sarah Akinyi,sarah.akinyi600@example.com,Male,38,India,Bangalore,Fashion,Running Shorts,1,28,0,28,Bank Transfer,2025-07-15,2025-07-17,Delivered,2
ORD-04196,David Mensah,david.mensah712@example.com,Male,46,India,Bangalore,Home Appliances,Vacuum Cleaner,3,145,0.1,391.5,PayPal,2026-03-20,2026-03-27,Shipped,3
ORD-04197,Kevin Otieno,kevin.otieno562@example.com,Male,20,Kenya,Nairobi,Electronics,Wireless Headphones,2,45,0,90,Cash on Delivery,2025-06-04,2025-06-10,Shipped,2
ORD-04198,Esther Akinyi,esther.akinyi76@example.com,Male,37,Uganda,Entebbe,Electronics,USB-C Charger,2,22,0,44,PayPal,2025-03-06,2025-03-08,Cancelled,4
ORD-04199,John Otieno,john.otieno126@example.com,Male,41,Ghana,Takoradi,Electronics,Wireless Headphones,2,45,0.15,76.5,Credit Card,2026-07-13,2026-07-18,Shipped,3
ORD-04200,Grace Otieno,grace.otieno121@example.com,Male,30,India,Chennai,Beauty,Perfume,1,70,0.25,52.5,PayPal,2025-07-09,2025-07-14,Cancelled,2
ORD-04201,Aisha Kamau,aisha.kamau343@example.com,Female,32,Rwanda,Kigali,Electronics,Smartphone X12,4,699,0.15,2376.6,Mobile Money,2025-09-22,2025-09-23,Delivered,4
ORD-04202,Sarah Mwangi,sarah.mwangi611@example.com,Female,53,Uganda,Entebbe,Electronics,Laptop Pro 14,1,1150,0.1,1035.0,Debit Card,2025-09-21,2025-09-29,Returned,3
ORD-04203,Kevin Akinyi,kevin.akinyi242@example.com,Male,31,Kenya,Nairobi,Beauty,Hair Dryer,2,48,0.05,91.2,Mobile Money,2026-03-15,2026-03-20,Processing,1
ORD-04204,Sarah Otieno,sarah.otieno345@example.com,Female,38,Kenya,Nairobi,Beauty,Makeup Kit,1,52,0.1,46.8,Mobile Money,2026-06-07,2026-06-11,Returned,5
ORD-04205,Peter Williams,peter.williams534@example.com,Male,49,Rwanda,Kigali,Fashion,Denim Jacket,4,62,0.25,186.0,Debit Card,2025-12-13,2025-12-14,Delivered,4
ORD-04206,James Akinyi,james.akinyi396@example.com,Male,68,India,Mumbai,Beauty,Perfume,2,70,0.25,105.0,Mobile Money,2026-02-01,2026-02-08,Shipped,4
ORD-04207,Kevin Okafor,kevin.okafor592@example.com,Female,47,South Africa,Pretoria,Fashion,Running Shorts,2,28,0.05,53.2,Credit Card,2025-11-12,2025-11-20,Delivered,1
ORD-04208,Kevin Khan,kevin.khan633@example.com,Female,32,Uganda,Kampala,Home Appliances,Vacuum Cleaner,3,145,0.25,326.25,Cash on Delivery,2025-06-15,2025-06-23,Shipped,2
ORD-04209,Jane Brown,jane.brown640@example.com,Female,66,United Kingdom,Birmingham,Electronics,Gaming Mouse,1,38,0.15,32.3,Debit Card,2025-01-15,2025-01-20,Returned,1
ORD-04210,Daniel Okafor,daniel.okafor81@example.com,Male,31,Uganda,Entebbe,Beauty,Lipstick,4,16,0.15,54.4,Debit Card,2025-12-12,2025-12-20,Returned,5
ORD-04211,Mary Kiptoo,mary.kiptoo560@example.com,Female,51,Ghana,Tamale,Home Appliances,Electric Kettle,1,35,0.1,31.5,Debit Card,2025-08-09,2025-08-13,Returned,5
ORD-04212,Faith Mensah,faith.mensah113@example.com,Male,56,Rwanda,Kigali,Beauty,Perfume,2,70,0.05,133.0,Bank Transfer,2026-08-23,2026-08-28,Returned,4
ORD-04213,John Patel,john.patel197@example.com,Male,60,United States,Houston,Home Appliances,Blender,3,58,0.15,147.9,Mobile Money,2026-07-10,2026-07-17,Processing,5
ORD-04214,Esther Mwangi,esther.mwangi330@example.com,Male,36,United States,Houston,Electronics,Gaming Mouse,2,38,0.2,60.8,Cash on Delivery,2026-04-17,2026-04-25,Processing,1
ORD-04215,Samuel Mwangi,samuel.mwangi318@example.com,Female,61,Nigeria,Kano,Home Appliances,Air Fryer,3,110,0.05,313.5,Credit Card,2026-04-28,2026-05-01,Delivered,5
ORD-04216,Michael Williams,michael.williams714@example.com,Male,18,Uganda,Entebbe,Electronics,Laptop Pro 14,3,1150,0.1,3105.0,Cash on Delivery,2025-07-23,2025-07-25,Cancelled,5
ORD-04217,Daniel Khan,daniel.khan751@example.com,Female,28,Ghana,Tamale,Fashion,Running Shorts,2,28,0.1,50.4,PayPal,2025-05-01,2025-05-02,Processing,3
ORD-04218,Linda Khan,linda.khan314@example.com,Female,66,Nigeria,Abuja,Home Appliances,Air Fryer,1,110,0.25,82.5,Bank Transfer,2026-03-31,2026-04-06,Shipped,4
ORD-04219,Mary Brown,mary.brown168@example.com,Female,30,Nigeria,Kano,Fashion,Handbag,1,55,0.15,46.75,Credit Card,2025-05-07,2025-05-10,Cancelled,3
ORD-04220,Jane Okafor,jane.okafor123@example.com,Male,67,Ghana,Accra,Fashion,Sneakers,4,75,0.05,285.0,Cash on Delivery,2026-04-01,2026-04-07,Cancelled,1
ORD-04221,James Mensah,james.mensah478@example.com,Male,29,Uganda,Entebbe,Fashion,Cotton T-Shirt,1,18,0.1,16.2,Cash on Delivery,2026-01-07,2026-01-09,Returned,4
ORD-04222,Brian Mensah,brian.mensah450@example.com,Male,48,United Kingdom,Manchester,Home Appliances,Electric Kettle,3,35,0.2,84.0,Cash on Delivery,2025-07-06,2025-07-12,Returned,5
ORD-04223,Peter Mwangi,peter.mwangi747@example.com,Female,50,United Kingdom,Manchester,Home Appliances,Blender,1,58,0,58,Cash on Delivery,2025-07-02,2025-07-04,Returned,2
ORD-04224,Faith Njoroge,faith.njoroge30@example.com,Female,58,India,Chennai,Beauty,Perfume,1,70,0.1,63.0,Credit Card,2025-08-09,2025-08-12,Delivered,2
ORD-04225,Esther Wanjiku,esther.wanjiku136@example.com,Female,56,United States,New York,Home Appliances,Blender,4,58,0.15,197.2,Mobile Money,2025-05-03,2025-05-10,Shipped,4
ORD-04226,Daniel Williams,daniel.williams571@example.com,Female,65,Tanzania,Mwanza,Beauty,Makeup Kit,3,52,0.15,132.6,Mobile Money,2025-07-30,2025-08-07,Delivered,3
ORD-04227,Esther Smith,esther.smith723@example.com,Male,21,Kenya,Mombasa,Beauty,Lipstick,1,16,0.2,12.8,Credit Card,2026-01-31,2026-02-08,Cancelled,4
ORD-04228,Sarah Smith,sarah.smith565@example.com,Female,44,United Kingdom,Manchester,Electronics,Bluetooth Speaker,1,65,0,65,Debit Card,2026-07-14,2026-07-20,Returned,2
ORD-04229,Esther Ochieng,esther.ochieng11@example.com,Female,33,United States,Los Angeles,Electronics,USB-C Charger,1,22,0.1,19.8,PayPal,2025-04-03,2025-04-04,Returned,4
ORD-04230,David Njoroge,david.njoroge89@example.com,Female,55,United Kingdom,London,Beauty,Face Cream,3,24,0.1,64.8,PayPal,2026-08-03,2026-08-11,Delivered,3
ORD-04231,Daniel Ochieng,daniel.ochieng822@example.com,Female,62,Kenya,Eldoret,Beauty,Face Cream,1,24,0.25,18.0,PayPal,2025-03-15,2025-03-18,Shipped,5
ORD-04232,Peter Otieno,peter.otieno855@example.com,Male,34,Rwanda,Kigali,Electronics,Bluetooth Speaker,3,65,0.1,175.5,Bank Transfer,2025-05-21,2025-05-29,Shipped,5
ORD-04233,James Smith,james.smith916@example.com,Female,32,Tanzania,Mwanza,Electronics,Wireless Headphones,1,45,0,45,Mobile Money,2025-07-15,2025-07-17,Returned,1
ORD-04234,Daniel Akinyi,daniel.akinyi812@example.com,Male,67,Nigeria,Ibadan,Fashion,Denim Jacket,4,62,0.05,235.6,Bank Transfer,2026-07-18,2026-07-25,Cancelled,1
ORD-04235,Sarah Khan,sarah.khan64@example.com,Male,42,South Africa,Pretoria,Beauty,Lipstick,3,16,0,48,Bank Transfer,2026-03-15,2026-03-16,Delivered,3
ORD-04236,Aisha Okafor,aisha.okafor748@example.com,Male,35,Uganda,Kampala,Home Appliances,Air Fryer,1,110,0.05,104.5,PayPal,2025-04-10,2025-04-15,Delivered,5
ORD-04237,Peter Wanjiku,peter.wanjiku104@example.com,Male,47,Kenya,Kisumu,Fashion,Hoodie,10,42,0.05,399.0,Credit Card,2025-05-30,2025-06-04,Processing,4
ORD-04238,David Wanjiku,david.wanjiku954@example.com,Male,34,Tanzania,Dar es Salaam,Fashion,Cotton T-Shirt,2,18,0,36,Mobile Money,2025-10-28,2025-10-30,Returned,2
ORD-04239,Linda Wanjiku,linda.wanjiku550@example.com,Female,31,Rwanda,Butare,Fashion,Cotton T-Shirt,5,18,0.05,85.5,Credit Card,2026-05-28,2026-06-03,Cancelled,4
ORD-04240,Michael Ochieng,michael.ochieng984@example.com,Male,56,India,Bangalore,Home Appliances,Microwave Oven,2,180,0.1,324.0,Cash on Delivery,2025-03-24,2025-03-30,Returned,4
ORD-04241,Daniel Patel,daniel.patel263@example.com,Female,70,India,Mumbai,Fashion,Running Shorts,1,28,0.25,21.0,Bank Transfer,2025-08-11,2025-08-12,Returned,4
ORD-04242,Aisha Williams,aisha.williams769@example.com,Male,32,United States,Houston,Home Appliances,Vacuum Cleaner,2,145,0,290,PayPal,2026-05-07,2026-05-15,Cancelled,1
ORD-04243,James Wanjiku,james.wanjiku456@example.com,Male,44,Kenya,Mombasa,Beauty,Face Cream,3,24,0,72,Cash on Delivery,2025-02-02,2025-02-04,Returned,4
ORD-04244,Michael Ochieng,michael.ochieng521@example.com,Female,59,South Africa,Pretoria,Electronics,Wireless Headphones,1,45,0.1,40.5,PayPal,2025-10-11,2025-10-16,Shipped,3
ORD-04245,David Mensah,david.mensah697@example.com,Female,68,Ghana,Tamale,Beauty,Lipstick,1,16,0.25,12.0,Cash on Delivery,2025-03-19,2025-03-21,Processing,1
ORD-04246,David Kiptoo,david.kiptoo350@example.com,Male,40,Ghana,Takoradi,Home Appliances,Vacuum Cleaner,2,145,0.05,275.5,Bank Transfer,2025-11-04,2025-11-11,Delivered,2
ORD-04247,Grace Mwangi,grace.mwangi246@example.com,Female,47,Kenya,Eldoret,Beauty,Makeup Kit,1,52,0.25,39.0,Cash on Delivery,2025-06-19,2025-06-22,Processing,2
ORD-04248,Faith Akinyi,faith.akinyi295@example.com,Male,52,Rwanda,Kigali,Electronics,Gaming Mouse,3,38,0.2,91.2,Debit Card,2025-02-15,2025-02-23,Cancelled,2
ORD-04249,Michael Wanjiku,michael.wanjiku91@example.com,Male,24,Nigeria,Kano,Electronics,Smartphone X12,1,699,0.15,594.15,Debit Card,2025-06-24,2025-06-30,Cancelled,5
ORD-04250,Peter Kamau,peter.kamau712@example.com,Male,40,Tanzania,Mwanza,Fashion,Denim Jacket,1,62,0.2,49.6,Bank Transfer,2025-10-30,2025-11-04,Delivered,1
ORD-04251,James Okafor,james.okafor997@example.com,Male,23,Rwanda,Butare,Fashion,Denim Jacket,2,62,0.2,99.2,Bank Transfer,2026-06-22,2026-06-25,Delivered,1
ORD-04252,Michael Williams,michael.williams47@example.com,Male,34,Kenya,Kisumu,Home Appliances,Blender,2,58,0.25,87.0,Mobile Money,2026-01-13,2026-01-17,Cancelled,5
ORD-04253,Victor Kiptoo,victor.kiptoo392@example.com,Female,19,Rwanda,Butare,Fashion,Denim Jacket,3,62,0.1,167.4,Bank Transfer,2025-01-08,2025-01-11,Cancelled,5
ORD-04254,Grace Otieno,grace.otieno119@example.com,Female,43,United States,Chicago,Fashion,Hoodie,1,42,0.15,35.7,Mobile Money,2025-07-04,2025-07-11,Returned,5
ORD-04255,Mary Smith,mary.smith828@example.com,Male,34,Ghana,Takoradi,Fashion,Cotton T-Shirt,1,18,0.2,14.4,Bank Transfer,2026-02-11,2026-02-17,Processing,5
ORD-04256,Faith Otieno,faith.otieno73@example.com,Male,57,Kenya,Nakuru,Home Appliances,Vacuum Cleaner,5,145,0.2,580.0,Credit Card,2025-08-23,2025-08-27,Processing,5
ORD-04257,Sarah Williams,sarah.williams355@example.com,Female,44,Nigeria,Port Harcourt,Home Appliances,Electric Kettle,1,35,0.25,26.25,PayPal,2025-12-25,2025-12-26,Cancelled,3
ORD-04258,David Kiptoo,david.kiptoo743@example.com,Female,60,Kenya,Kisumu,Home Appliances,Air Fryer,1,110,0.05,104.5,Credit Card,2025-10-22,2025-10-24,Delivered,4
ORD-04259,Daaniel Williams,daniel.williams129@example.com,male,25,South Africa, Pretoria ,Electronics,Bluetooth Speaker,-5,$65.00,15%,55.25,Bank transfer,2025.02.10,2025.02.17,,4
ORD-04260,John Williams,john.williams575@example.com,Female,62,Ghana,Tamale,Fashion,Sneakers,2,75,0.05,142.5,Mobile Money,2026-04-19,2026-04-22,Returned,2
ORD-04261,Esther Ochieng,esther.ochieng92@example.com,Female,65,Rwanda,Butare,Fashion,Cotton T-Shirt,2,18,0.2,28.8,PayPal,2025-02-06,2025-02-07,Returned,5
ORD-04262,Jane Kamau,jane.kamau448@example.com,Male,49,Uganda,Jinja,Electronics,Laptop Pro 14,1,1150,0.15,977.5,Credit Card,2025-04-24,2025-04-27,Returned,4
ORD-04263,Esther Njoroge,esther.njoroge62@example.com,Female,60,Tanzania,Dar es Salaam,Beauty,Face Cream,2,24,0.2,38.4,Bank Transfer,2026-06-02,2026-06-06,Cancelled,4
ORD-04264,Daniel Njoroge,daniel.njoroge81@example.com,Male,33,Kenya,Nairobi,Beauty,Hair Dryer,2,48,0.1,86.4,Credit Card,2025-05-18,2025-05-24,Returned,5
ORD-04265,Lucy Smith,lucy.smith992@example.com,Female,33,South Africa,Durban,Electronics,Smartphone X12,1,699,0,699,Mobile Money,2025-05-28,2025-06-03,Returned,5
ORD-04266,Sarah Njoroge,sarah.njoroge710@example.com,Male,42,Tanzania,Dar es Salaam,Fashion,Sneakers,1,75,0,75,Mobile Money,2025-10-16,2025-10-17,Cancelled,3
ORD-04267,David Mensah,david.mensah356@example.com,Male,65,Nigeria,Lagos,Beauty,Makeup Kit,4,52,0.25,156.0,Cash on Delivery,2026-01-20,2026-01-22,Shipped,5
ORD-04268,Grace Mwangi,grace.mwangi366@example.com,Male,19,India,Chennai,Home Appliances,Electric Kettle,25,35,0.15,743.75,Mobile Money,2026-07-21,2026-07-23,Returned,5
ORD-04269,Samuel Smith,samuel.smith77@example.com,Female,29,Kenya,Mombasa,Beauty,Hair Dryer,3,48,0.05,136.8,Bank Transfer,2025-03-09,2025-03-14,Cancelled,2
ORD-04270,Aisha Kamau,aisha.kamau160@example.com,Male,23,United Kingdom,Birmingham,Electronics,Smartphone X12,1,699,0.1,629.1,Credit Card,2025-08-06,2025-08-14,Delivered,2
ORD-04271,Jane Njoroge,jane.njoroge233@example.com,Female,47,Kenya,Mombasa,Fashion,Hoodie,2,42,0.2,67.2,Bank Transfer,2026-01-12,2026-01-19,Processing,5
ORD-04272,Brian Williams,brian.williams346@example.com,Female,56,Kenya,Eldoret,Home Appliances,Blender,1,58,0.15,49.3,Mobile Money,2025-01-07,2025-01-11,Processing,4
ORD-04273,Daniel Brown,daniel.brown328@example.com,Male,41,Nigeria,Abuja,Fashion,Sneakers,4,75,0.2,240.0,PayPal,2025-05-19,2025-05-25,Returned,3
ORD-04274,Samuel Brown,samuel.brown208@example.com,Female,27,Ghana,Kumasi,Home Appliances,Air Fryer,1,110,0.05,104.5,Credit Card,2025-11-19,2025-11-26,Shipped,4
ORD-04275,Faith Kamau,faith.kamau80@example.com,Male,25,South Africa,Cape Town,Electronics,Bluetooth Speaker,1,65,0.25,48.75,Bank Transfer,2026-05-20,2026-05-23,Cancelled,2
ORD-04276,Jane Brown,jane.brown648@example.com,Male,29,India,Mumbai,Fashion,Running Shorts,5,28,0.05,133.0,Credit Card,2025-03-20,2025-03-22,Returned,1
ORD-04277,Kevin Khan,kevin.khan225@example.com,Male,31,India,Delhi,Electronics,Smart Watch,2,120,0.2,192.0,Bank Transfer,2025-03-06,2025-03-10,Returned,5
ORD-04278,Brian Okafor,brian.okafor578@example.com,Male,44,India,Chennai,Electronics,Smartphone X12,1,699,0.2,559.2,Debit Card,2026-07-13,2026-07-15,Shipped,3
ORD-04279,James Brown,james.brown575@example.com,Female,18,United Kingdom,Manchester,Fashion,Hoodie,1,42,0.1,37.8,Bank Transfer,2026-07-10,2026-07-18,Returned,4
ORD-04280,Aisha Mwangi,aisha.mwangi291@example.com,Female,44,Kenya,Nakuru,Beauty,Body Lotion,2,19,0,38,Bank Transfer,2025-10-07,2025-10-10,Processing,2
ORD-04281,Victor Otieno,victor.otieno703@example.com,Female,67,United Kingdom,Birmingham,Beauty,Hair Dryer,2,48,0,96,Credit Card,2025-01-30,2025-02-02,Cancelled,5
ORD-04282,Sarah Ochieng,sarah.ochieng93@example.com,Female,37,Uganda,Kampala,Fashion,Running Shorts,1,28,0.2,22.4,Mobile Money,2026-02-01,2026-02-05,Shipped,4
ORD-04283,Samuel Kiptoo,samuel.kiptoo694@example.com,Male,51,India,Mumbai,Home Appliances,Vacuum Cleaner,1,145,0.2,116.0,Debit Card,2025-10-07,2025-10-08,Processing,4
ORD-04284,Victor Patel,victor.patel905@example.com,Male,30,Uganda,Entebbe,Home Appliances,Blender,1,58,0.15,49.3,PayPal,2026-03-03,2026-03-07,Processing,2
ORD-04285,Victor Kiptoo,victor.kiptoo418@example.com,Male,69,Kenya,Eldoret,Electronics,Wireless Headphones,4,45,0.1,162.0,Mobile Money,2025-10-26,2025-10-31,Cancelled,5
ORD-04286,Jane Njoroge,jane.njoroge126@example.com,Female,21,Uganda,Jinja,Electronics,Smart Watch,2,120,0.25,180.0,Credit Card,2025-02-14,2025-02-21,Processing,1
ORD-04287,Esther Ochieng,esther.ochieng387@example.com,FEMALE,40,Ghana, kumasi ,Fashion,Running Shorts,1,28,0.20,4.48,Bank transfer,2025.12.27,2025.12.30,Processing,2
ORD-04288,James Otieno,james.otieno443@example.com,Male,59,Uganda,Entebbe,Beauty,Makeup Kit,1,52,0.15,44.2,Credit Card,2026-03-21,2026-03-22,Returned,5
ORD-04289,Mary Njoroge,mary.njoroge480@example.com,Female,35,United States,Chicago,Electronics,Smartphone X12,1,699,0.2,559.2,Debit Card,2026-03-25,2026-03-30,Processing,2
ORD-04290,Grace Brown,grace.brown998@example.com,Male,61,India,Chennai,Electronics,Bluetooth Speaker,1,65,0,65,PayPal,2025-07-31,2025-08-04,Shipped,4
ORD-04291,Faith Kamau,faith.kamau514@example.com,Female,50,United States,Chicago,Beauty,Makeup Kit,1,52,0.15,44.2,Debit Card,2025-08-29,2025-09-03,Cancelled,1
ORD-04292,Brian Kiptoo,brian.kiptoo213@example.com,Male,28,Kenya,Nairobi,Home Appliances,Coffee Maker,2,85,0.1,153.0,Bank Transfer,2025-03-27,2025-03-28,Returned,4
ORD-04293,Esther Otieno,esther.otieno990@example.com,Female,20,Tanzania,Arusha,Beauty,Body Lotion,2,19,0.1,34.2,Bank Transfer,2025-10-25,2025-10-28,Delivered,1
ORD-04294,Lucy Ochieng,lucy.ochieng82@example.com,Male,67,Rwanda,Butare,Fashion,Handbag,1,55,0.05,52.25,Bank Transfer,2025-10-17,2025-10-25,Cancelled,4
ORD-04295,Michael Kamau,michael.kamau663@example.com,Male,40,Nigeria,Kano,Electronics,Gaming Mouse,2,38,0.05,72.2,PayPal,2025-07-18,2025-07-20,Returned,5
ORD-04296,Daniel Wanjiku,daniel.wanjiku815@example.com,Female,56,United Kingdom,Birmingham,Fashion,Handbag,1,55,0.05,52.25,Mobile Money,2026-03-19,2026-03-23,Delivered,3
ORD-04297,Faith Patel,faith.patel478@example.com,Female,36,United Kingdom,Manchester,Fashion,Cotton T-Shirt,10,18,0.15,153.0,Bank Transfer,2026-04-17,2026-04-19,Cancelled,3
ORD-04298,Mercy Okafor,mercy.okafor27@example.com,Male,46,Uganda,Jinja,Beauty,Body Lotion,4,19,0,76,Mobile Money,2025-05-12,2025-05-16,Cancelled,2
ORD-04299,Faith Njoroge,faith.njoroge252@example.com,Female,55,Ghana,Accra,Home Appliances,Blender,1,58,0.05,55.1,Bank Transfer,2026-04-08,2026-04-09,Delivered,3
ORD-04300,Kevin Otieno,kevin.otieno250@example.com,Male,41,Tanzania,Mwanza,Beauty,Face Cream,1,24,0.1,21.6,Cash on Delivery,2026-02-13,2026-02-17,Cancelled,2
ORD-04301,Brian Kamau,brian.kamau825@example.com,Female,18,Tanzania,Arusha,Home Appliances,Air Fryer,3,110,0.1,297.0,Mobile Money,2026-06-17,2026-06-23,Delivered,4
ORD-04302,Michael Mensah,michael.mensah210@example.com,Male,70,India,Chennai,Beauty,Makeup Kit,5,52,0.25,195.0,Bank Transfer,2026-05-21,2026-05-25,Delivered,4
ORD-04303,Mercy Smith,mercy.smith188@example.com,Male,70,United States,New York,Beauty,Makeup Kit,2,52,0.2,83.2,Debit Card,2026-05-27,2026-05-31,Returned,5
ORD-04304,John Okafor,john.okafor762@example.com,Male,30,Kenya,Nairobi,Fashion,Handbag,4,55,0.1,198.0,Bank Transfer,2025-12-09,2025-12-12,Cancelled,5
ORD-04305,Kevin Brown,kevin.brown742@example.com,Male,29,Rwanda,Butare,Home Appliances,Blender,4,58,0.15,197.2,PayPal,2025-12-03,2025-12-04,Cancelled,3
ORD-04306,Jane Mensah,jane.mensah340@example.com,Female,34,United Kingdom,Birmingham,Home Appliances,Vacuum Cleaner,4,145,0,580,Credit Card,2025-10-21,2025-10-24,Shipped,1
ORD-04307,Michael Patel,michael.patel999@example.com,Female,24,India,Delhi,Fashion,Cotton T-Shirt,3,18,0.05,51.3,Bank Transfer,2025-06-29,2025-07-04,Returned,2
ORD-04308,Daniel Mensah,daniel.mensah161@example.com,Female,52,Kenya,Nairobi,Fashion,Running Shorts,2,28,0.05,53.2,Mobile Money,2025-02-02,2025-02-09,Processing,5
ORD-04309,Grace Otieno,grace.otieno958@example.com,Male,27,United Kingdom,Birmingham,Home Appliances,Electric Kettle,2,35,0.1,63.0,PayPal,2026-05-12,2026-05-15,Returned,1
ORD-04310,Brian Mwangi,brian.mwangi508@example.com,Male,59,Kenya,Kisumu,Beauty,Face Cream,1,24,0.05,22.8,Bank Transfer,2025-08-25,2025-08-28,Delivered,5
ORD-04311,John Mensah,john.mensah704@example.com,Female,44,South Africa,Pretoria,Electronics,Wireless Headphones,1,45,0.1,40.5,PayPal,2025-06-01,2025-06-05,Processing,5
ORD-04312,James Otieno,james.otieno674@example.com,Female,26,United States,Chicago,Fashion,Sneakers,1,75,0.25,56.25,Credit Card,2025-10-01,2025-10-03,Cancelled,2
ORD-04313,Mary Mwangi,mary.mwangi125@example.com,Male,55,Kenya,Eldoret,Home Appliances,Blender,2,58,0.15,98.6,Mobile Money,2026-02-22,2026-02-27,Processing,1
ORD-04314,Lucy Kamau,lucy.kamau230@example.com,Male,60,Tanzania,Dar es Salaam,Electronics,Smart Watch,1,120,0.05,114.0,Credit Card,2026-08-14,2026-08-20,Delivered,1
ORD-04315,Kevin Mensah,kevin.mensah592@example.com,Male,58,Ghana,Kumasi,Fashion,Running Shorts,5,28,0,140,Cash on Delivery,2026-07-08,2026-07-14,Delivered,4
ORD-04316,Grace Brown,grace.brown276@example.com,Male,68,Ghana,Takoradi,Fashion,Cotton T-Shirt,1,18,0.05,17.1,Bank Transfer,2026-02-06,2026-02-08,Delivered,1
ORD-04317,John Akinyi,john.akinyi626@example.com,Female,48,India,Bangalore,Fashion,Running Shorts,1,28,0,28,PayPal,2025-07-03,2025-07-05,Shipped,4
ORD-04318,Victor Njoroge,victor.njoroge967@example.com,Male,56,Nigeria,Kano,Home Appliances,Coffee Maker,2,85,0.2,136.0,Credit Card,2026-05-13,2026-05-20,Delivered,2
ORD-04319,Grace Patel,grace.patel446@example.com,Female,62,Nigeria,Lagos,Home Appliances,Blender,3,58,0.05,165.3,PayPal,2025-02-23,2025-02-25,Delivered,5
ORD-04320,Jane Kiptoo,jane.kiptoo976@example.com,Male,27,Kenya,Kisumu,Fashion,Sneakers,1,75,0.25,56.25,Debit Card,2025-01-27,2025-01-31,Cancelled,5
ORD-04321,Brian Ochieng,brian.ochieng762@example.com,Female,58,Tanzania,Dar es Salaam,Fashion,Hoodie,2,42,0.1,75.6,Bank Transfer,2026-01-23,2026-01-29,Cancelled,4
ORD-04322,Michael Patel,michael.patel828@example.com,Female,57,Nigeria,Port Harcourt,Beauty,Face Cream,4,24,0.05,91.2,Debit Card,2025-10-05,2025-10-06,Delivered,1
ORD-04323,Aisha Mwangi,aisha.mwangi791@example.com,Female,58,India,Chennai,Fashion,Cotton T-Shirt,3,18,0.05,51.3,Debit Card,2025-02-14,2025-02-22,Delivered,5
ORD-04324,Brian Patel,brian.patel712@example.com,Female,27,Rwanda,Butare,Beauty,Face Cream,2,24,0,48,Credit Card,2025-10-23,2025-10-24,Shipped,3
ORD-04325,Mary Kamau,mary.kamau327@example.com,Female,68,Nigeria,Port Harcourt,Beauty,Body Lotion,2,19,0.1,34.2,Cash on Delivery,2025-05-14,2025-05-17,Processing,3
ORD-04326,Mercy Okafor,mercy.okafor191@example.com,Female,63,India,Mumbai,Beauty,Face Cream,1,24,0.25,18.0,Mobile Money,2026-07-17,2026-07-19,Delivered,3
ORD-04327,Brian Mensah,brian.mensah127@example.com,Female,28,Rwanda,Butare,Beauty,Makeup Kit,1,52,0.15,44.2,Debit Card,2026-07-31,2026-08-02,Shipped,3
ORD-04328,John Mensah,john.mensah653@example.com,Female,26,Tanzania,Dar es Salaam,Fashion,Hoodie,1,42,0.05,39.9,Credit Card,2026-04-10,2026-04-14,Delivered,2
ORD-04329,Jane Kiptoo,jane.kiptoo265@example.com,Male,39,Ghana,Accra,Home Appliances,Coffee Maker,1,85,0.25,63.75,Credit Card,2025-07-13,2025-07-18,Processing,3
ORD-04330,David Mensah,david.mensah835@example.com,Female,48,Tanzania,Arusha,Home Appliances,Coffee Maker,2,85,0.1,153.0,PayPal,2025-09-07,2025-09-13,Processing,1
ORD-04331,Daniel Akinyi,daniel.akinyi375@example.com,Male,35,Uganda,Jinja,Fashion,Running Shorts,1,28,0.1,25.2,Credit Card,2025-07-06,2025-07-10,Cancelled,1
ORD-04332,James Wanjiku,james.wanjiku145@example.com,Female,57,India,Bangalore,Home Appliances,Blender,4,58,0.05,220.4,PayPal,2026-05-28,2026-06-05,Shipped,4
ORD-04333,Peter Patel,peter.patel663@example.com,Male,39,India,Chennai,Fashion,Sneakers,3,75,0.2,180.0,Cash on Delivery,2026-08-05,2026-08-10,Cancelled,4
ORD-04334,James Smith,james.smith941@example.com,Male,22,Nigeria,Port Harcourt,Fashion,Hoodie,2,42,0.05,79.8,Credit Card,2025-12-11,2025-12-14,Shipped,3
ORD-04335,David Kiptoo,david.kiptoo915@example.com,Female,42,United Kingdom,Birmingham,Home Appliances,Microwave Oven,1,180,0,180,Bank Transfer,2026-01-13,2026-01-20,Cancelled,2
ORD-04336,Peter Mensah,peter.mensah874@example.com,Male,20,Kenya,Nairobi,Home Appliances,Coffee Maker,3,85,0.05,242.25,PayPal,2025-12-23,2025-12-30,Delivered,4
ORD-04337,Daniel Khan,daniel.khan400@example.com,Female,64,Tanzania,Arusha,Beauty,Body Lotion,1,19,0,19,Debit Card,2025-08-04,2025-08-10,Returned,5
ORD-04338,Daniel Brown,daniel.brown104@example.com,Female,60,India,Chennai,Fashion,Cotton T-Shirt,3,18,0.15,45.9,PayPal,2025-05-06,2025-05-13,Cancelled,4
ORD-04339,Faith Kiptoo,faith.kiptoo367@example.com,Female,39,Tanzania,Arusha,Beauty,Hair Dryer,1,48,0.05,45.6,Credit Card,2025-04-28,2025-05-06,Delivered,1
ORD-04340,Daniel Khan,daniel.khan599@example.com,Female,59,Rwanda,Butare,Beauty,Body Lotion,1,19,0.05,18.05,PayPal,2025-06-08,2025-06-12,Shipped,3
ORD-04341,James Wanjiku,james.wanjiku509@example.com,Female,56,Ghana,Tamale,Electronics,Bluetooth Speaker,1,65,0.25,48.75,PayPal,2026-03-31,2026-04-08,Delivered,5
ORD-04342,Grace Ochieng,grace.ochieng979@example.com,Female,48,South Africa,Cape Town,Fashion,Handbag,3,55,0,165,Bank Transfer,2026-05-05,2026-05-12,Delivered,4
ORD-04343,Grace Kiptoo,grace.kiptoo689@example.com,Female,65,Uganda,Jinja,Home Appliances,Air Fryer,1,110,0.2,88.0,Bank Transfer,2025-11-13,2025-11-14,Cancelled,5
ORD-04344,Samuel Ochieng,samuel.ochieng989@example.com,Female,51,Uganda,Entebbe,Home Appliances,Vacuum Cleaner,3,145,0.15,369.75,Mobile Money,2026-04-08,2026-04-15,Delivered,3
ORD-04345,Samuel Otieno,samuel.otieno148@example.com,Male,49,Rwanda,Kigali,Fashion,Cotton T-Shirt,1,18,0.15,15.3,Debit Card,2025-05-26,2025-05-28,Cancelled,4
ORD-04346,Mary Kiptoo,mary.kiptoo935@example.com,Male,61,Tanzania,Arusha,Beauty,Lipstick,1,16,0.2,12.8,Bank Transfer,2026-05-16,2026-05-19,Cancelled,4
ORD-04347,Daniel Njoroge,daniel.njoroge716@example.com,Female,45,South Africa,Pretoria,Home Appliances,Coffee Maker,1,85,0,85,Credit Card,2025-12-28,2026-01-05,Cancelled,5
ORD-04348,Brian Patel,brian.patel201@example.com,Female,34,Ghana,Kumasi,Beauty,Face Cream,5,24,0.25,90.0,PayPal,2025-12-14,2025-12-22,Processing,2
ORD-04349,Esther Kamau,esther.kamau309@example.com,Male,69,Nigeria,Port Harcourt,Beauty,Hair Dryer,2,48,0.05,91.2,Mobile Money,2025-01-27,2025-02-02,Returned,5
ORD-04350,@@Lindaa Ochieng!!,user#mail.com,Male,-5,United Kingdom,,fashion,Hoodie,2 units,42,0,109.2,Pay Pal,04-29-2025,05-05-2025,Cancelled,-1
ORD-04351,Victor Njoroge,victor.njoroge896@example.com,Female,40,Nigeria,Lagos,Electronics,Gaming Mouse,1,38,0.2,30.4,Credit Card,2025-08-07,2025-08-08,Processing,3
ORD-04352,Grace Wanjiku,grace.wanjiku819@example.com,Female,18,Nigeria,Port Harcourt,Electronics,USB-C Charger,1,22,0.25,16.5,Cash on Delivery,2025-07-25,2025-07-31,Processing,3
ORD-04353,James Okafor,james.okafor940@example.com,Female,18,Rwanda,Kigali,Electronics,Bluetooth Speaker,3,65,0,195,Bank Transfer,2026-05-05,2026-05-10,Returned,4
ORD-04354,Lucy Williams,lucy.williams605@example.com,Female,33,United States,Houston,Home Appliances,Coffee Maker,3,85,0.05,242.25,Cash on Delivery,2025-03-10,2025-03-14,Returned,5
ORD-04355,Daniel Akinyi,daniel.akinyi807@example.com,Male,52,United States,Chicago,Home Appliances,Coffee Maker,1,85,0.1,76.5,Debit Card,2025-12-17,2025-12-25,Delivered,4
ORD-04356,Jane Williams,jane.williams696@example.com,Male,46,India,Bangalore,Fashion,Handbag,1,55,0.1,49.5,Bank Transfer,2025-10-30,2025-11-05,Cancelled,5
ORD-04357,David Kiptoo,david.kiptoo201@example.com,Female,46,Rwanda,Kigali,Electronics,Bluetooth Speaker,1,65,0.2,52.0,Debit Card,2025-08-23,2025-08-25,Shipped,4
ORD-04358,Victor Williams,victor.williams650@example.com,Female,39,South Africa,Durban,Beauty,Body Lotion,2,19,0.15,32.3,Credit Card,2025-02-10,2025-02-11,Processing,4
ORD-04359,Brian Mensah,brian.mensah182@example.com,Female,30,South Africa,Durban,Fashion,Sneakers,25,75,0.15,1593.75,Debit Card,2026-02-19,2026-02-22,Processing,1
ORD-04360,John Khan,john.khan331@example.com,Female,49,South Africa,Durban,Beauty,Face Cream,3,24,0.05,68.4,Bank Transfer,2025-05-12,2025-05-14,Returned,2
ORD-04361,James Njoroge,james.njoroge35@example.com,Female,27,Rwanda,Kigali,Beauty,Perfume,3,70,0.25,157.5,Bank Transfer,2026-01-14,2026-01-21,Processing,3
ORD-04362,Mary Njoroge,mary.njoroge31@example.com,Female,18,South Africa,Johannesburg,Electronics,USB-C Charger,1,22,0.2,17.6,PayPal,2025-02-11,2025-02-18,Processing,4
ORD-04363,Lindaa Khan,,male,999,TANZANIA, MWANZA ,FASHION,Cotton T-Shirt,0,$18.00,25%,27.0,Credit card,07/01/2026,14/01/2026,cancelled,N/A
ORD-04364,Mary Kiptoo,mary.kiptoo150@example.com,Female,50,Tanzania,Dar es Salaam,Fashion,Running Shorts,3,28,0.05,79.8,Debit Card,2026-06-24,2026-06-25,Processing,3
ORD-04365,James Brown,james.brown572@example.com,Male,65,United Kingdom,Manchester,Electronics,Laptop Pro 14,1,1150,0.15,977.5,Credit Card,2026-08-22,2026-08-25,Processing,1
ORD-04366,Daniel Kiptoo,daniel.kiptoo388@example.com,Female,48,Rwanda,Butare,Home Appliances,Vacuum Cleaner,2,145,0.05,275.5,Debit Card,2026-02-13,2026-02-16,Delivered,5
ORD-04367,Michaael Williams,invalid@,Female,0,United States, Chicago ,beauty,Face Cream,1000,KSh 24,0.20,38.4,Cash,2025.10.03,2025.10.07,,N/A
ORD-04368,Jane Williams,jane.williams289@example.com,Female,61,Nigeria,Lagos,Home Appliances,Electric Kettle,3,35,0,105,Credit Card,2025-09-28,2025-10-02,Returned,1
ORD-04369,Faith Mensah,faith.mensah235@example.com,Female,60,Rwanda,Kigali,Electronics,Gaming Mouse,2,38,0.1,68.4,Mobile Money,2026-01-20,2026-01-28,Delivered,4
ORD-04370,Mercy Kiptoo,mercy.kiptoo769@example.com,Female,39,Uganda,Kampala,Beauty,Face Cream,2,24,0.05,45.6,Debit Card,2026-06-23,2026-06-28,Shipped,5
ORD-04371,Faith Mwangi,faith.mwangi455@example.com,Male,68,United Kingdom,Birmingham,Electronics,Laptop Pro 14,1,1150,0.15,977.5,Credit Card,2026-02-01,2026-02-09,Processing,5
ORD-04372,Lucy Mwangi,lucy.mwangi357@example.com,Male,68,United States,New York,Home Appliances,Coffee Maker,2,85,0.25,127.5,Cash on Delivery,2026-08-23,2026-08-26,Shipped,3
ORD-04373,Daniel Akinyi,daniel.akinyi586@example.com,Male,29,India,Mumbai,Home Appliances,Vacuum Cleaner,1,145,0.15,123.25,Bank Transfer,2026-06-03,2026-06-07,Delivered,1
ORD-04374,David Okafor,david.okafor956@example.com,Male,35,United States,Los Angeles,Beauty,Body Lotion,2,19,0.15,32.3,Mobile Money,2026-01-29,2026-02-04,Delivered,5
ORD-04375,Peter Kiptoo,peter.kiptoo422@example.com,Male,30,United States,Los Angeles,Home Appliances,Coffee Maker,2,85,0,170,PayPal,2026-02-26,2026-03-01,Cancelled,4
ORD-04376,Sarah Brown,sarah.brown425@example.com,Male,39,Kenya,Mombasa,Home Appliances,Coffee Maker,2,85,0.15,144.5,Mobile Money,2025-12-10,2025-12-18,Cancelled,5
ORD-04377,Grace Smith,grace.smith693@example.com,Male,63,South Africa,Pretoria,Electronics,Smartphone X12,4,699,0,2796,Mobile Money,2025-10-11,2025-10-17,Delivered,5
ORD-04378,Sarah Smith,sarah.smith357@example.com,Female,22,Uganda,Entebbe,Home Appliances,Blender,2,58,0,116,Debit Card,2026-06-10,2026-06-14,Cancelled,5
ORD-04379,Jaane Mensah,jane.mensah429@example.com,Male,18,ghana, Accra ,FASHION,Denim Jacket,2,$62.00,0,62.0,cash on delivery,07-22-2025,07-26-2025,Returned,5
ORD-04380,Grace Mwangi,grace.mwangi686@example.com,Female,46,India,Chennai,Beauty,Face Cream,2,24,0,48,Debit Card,2026-04-22,2026-04-24,Delivered,4
ORD-04381,Michael Okafor,michael.okafor770@example.com,Male,43,India,Delhi,Electronics,Smart Watch,3,120,0.05,342.0,Debit Card,2025-04-06,2025-04-08,Returned,5
ORD-04382,Mary Smith,mary.smith526@example.com,Female,32,Uganda,Jinja,Home Appliances,Air Fryer,3,110,0.15,280.5,Bank Transfer,2026-07-23,2026-07-31,Shipped,3
ORD-04383,Lucy Mensah,lucy.mensah780@example.com,Female,41,Uganda,Kampala,Home Appliances,Vacuum Cleaner,1,145,0,145,Mobile Money,2025-07-03,2025-07-11,Processing,4
ORD-04384,Lucy Akinyi,lucy.akinyi661@example.com,Male,31,Tanzania,Dar es Salaam,Beauty,Lipstick,2,16,0,32,Debit Card,2025-11-11,2025-11-13,Shipped,4
ORD-04385,James Kamau,james.kamau616@example.com,Female,58,South Africa,Cape Town,Beauty,Makeup Kit,1,52,0,52,Cash on Delivery,2025-11-14,2025-11-19,Delivered,5
ORD-04386,Jane Mensah,jane.mensah596@example.com,Male,24,Ghana,Accra,Home Appliances,Electric Kettle,3,35,0.05,99.75,Bank Transfer,2025-04-06,2025-04-12,Returned,4
ORD-04387,Victor Kiptoo,victor.kiptoo82@example.com,Male,69,Uganda,Jinja,Home Appliances,Coffee Maker,2,85,0.05,161.5,Bank Transfer,2025-01-13,2025-01-19,Returned,2
ORD-04388,Esther Williams,esther.williams382@example.com,Male,27,Kenya,Nairobi,Electronics,USB-C Charger,1,22,0.1,19.8,Mobile Money,2025-05-10,2025-05-13,Shipped,3
ORD-04389,Mary Kiptoo,mary.kiptoo429@example.com,Female,40,South Africa,Pretoria,Beauty,Perfume,3,70,0.05,199.5,Bank Transfer,2026-01-11,2026-01-18,Cancelled,5
ORD-04390,Mary Mensah,mary.mensah928@example.com,Female,41,Kenya,Mombasa,Beauty,Face Cream,1,24,0,24,Cash on Delivery,2026-05-11,2026-05-17,Returned,2
ORD-04391,Michael Kamau,michael.kamau999@example.com,Female,24,Ghana,Tamale,Beauty,Body Lotion,1,19,0.05,18.05,Bank Transfer,2025-03-15,2025-03-21,Cancelled,4
ORD-04392,James Williams,james.williams91@example.com,Male,41,Nigeria,Port Harcourt,Electronics,Smart Watch,2,120,0.1,216.0,Debit Card,2026-06-26,2026-07-03,Returned,2
ORD-04393,Victor Akinyi,victor.akinyi489@example.com,Female,23,United Kingdom,Manchester,Electronics,Smart Watch,2,120,0,240,Credit Card,2026-02-16,2026-02-19,Delivered,4
ORD-04394,Lucy Ochieng,lucy.ochieng445@example.com,Female,59,Kenya,Kisumu,Beauty,Makeup Kit,3,52,0.2,124.8,Cash on Delivery,2026-03-20,2026-03-26,Delivered,4
ORD-04395,Lucy Kiptoo,lucy.kiptoo868@example.com,Male,31,South Africa,Pretoria,Electronics,Smart Watch,4,120,0,480,Mobile Money,2025-02-25,2025-02-28,Processing,4
ORD-04396,Grace Brown,grace.brown889@example.com,Female,35,United States,Chicago,Beauty,Makeup Kit,1,52,0.05,49.4,Mobile Money,2025-01-05,2025-01-07,Delivered,2
ORD-04397,Faith Kiptoo,faith.kiptoo138@example.com,Male,21,Rwanda,Kigali,Fashion,Handbag,1,55,0.05,52.25,Credit Card,2025-08-26,2025-08-31,Processing,2
ORD-04398,James Kiptoo,james.kiptoo135@example.com,Male,50,United States,Los Angeles,Fashion,Sneakers,1,75,0.2,60.0,Credit Card,2025-03-25,2025-03-26,Returned,2
ORD-04399,Kevin Brown,kevin.brown358@example.com,Male,50,United Kingdom,Birmingham,Home Appliances,Electric Kettle,1,35,0,35,Bank Transfer,2026-03-15,2026-03-19,Processing,4
ORD-04400,Grace Mensah,grace.mensah534@example.com,Male,49,United Kingdom,Birmingham,Fashion,Cotton T-Shirt,1,18,0.2,14.4,Credit Card,2025-08-10,2025-08-14,Cancelled,5
ORD-04401,Michael Akinyi,michael.akinyi314@example.com,Male,23,Ghana,Kumasi,Fashion,Hoodie,1,42,0.25,31.5,PayPal,2026-06-27,2026-07-05,Processing,1
ORD-04402,Jane Wanjiku,jane.wanjiku188@example.com,Male,36,Uganda,Kampala,Home Appliances,Coffee Maker,1,85,0.1,76.5,Cash on Delivery,2025-07-26,2025-08-02,Delivered,4
ORD-04403,Daniel Smith,daniel.smith108@example.com,Female,18,Kenya,Mombasa,Home Appliances,Vacuum Cleaner,2,145,0,290,Cash on Delivery,2025-04-11,2025-04-19,Cancelled,4
ORD-04404,John Ochieng,john.ochieng283@example.com,Female,67,Rwanda,Butare,Home Appliances,Coffee Maker,1,85,0.15,72.25,Cash on Delivery,2025-11-08,2025-11-14,Processing,4
ORD-04405,Samuel Patel,samuel.patel932@example.com,Female,62,Tanzania,Dar es Salaam,Beauty,Perfume,2,70,0.05,133.0,PayPal,2025-07-25,2025-08-02,Processing,2
ORD-04406,Peter Khan,peter.khan75@example.com,Male,36,United States,New York,Fashion,Denim Jacket,1,62,0.2,49.6,Credit Card,2026-03-03,2026-03-06,Returned,1
ORD-04407,Mary Otieno,mary.otieno616@example.com,Male,49,Ghana,Tamale,Home Appliances,Electric Kettle,3,35,0.25,78.75,Cash on Delivery,2026-06-05,2026-06-11,Returned,2
ORD-04408,Daniel Okafor,daniel.okafor589@example.com,Female,43,Rwanda,Butare,Electronics,Wireless Headphones,1,45,0.15,38.25,Debit Card,2026-07-25,2026-07-28,Cancelled,4
ORD-04409,Victor Smith,victor.smith615@example.com,Male,59,Ghana,Tamale,Beauty,Face Cream,1,24,0.25,18.0,Bank Transfer,2025-04-25,2025-04-26,Processing,3
ORD-04410,Peter Williams,peter.williams106@example.com,Female,39,India,Bangalore,Electronics,Bluetooth Speaker,1,65,0.25,48.75,Credit Card,2025-01-14,2025-01-21,Shipped,4
ORD-04411,John Smith,john.smith371@example.com,Male,20,Rwanda,Kigali,Beauty,Face Cream,4,24,0,96,Credit Card,2025-04-12,2025-04-20,Returned,4
ORD-04412,Linda Brown,linda.brown269@example.com,Female,18,South Africa,Pretoria,Fashion,Hoodie,4,42,0.15,142.8,Bank Transfer,2026-04-30,2026-05-08,Shipped,3
ORD-04413,David Kiptoo,david.kiptoo307@example.com,Male,31,Nigeria,Ibadan,Home Appliances,Blender,5,58,0.25,217.5,Cash on Delivery,2026-06-26,2026-06-29,Shipped,5
ORD-04414,Sarah Okafor,sarah.okafor426@example.com,Male,53,United States,New York,Electronics,Smart Watch,2,120,0,240,PayPal,2026-07-20,2026-07-28,Cancelled,5
ORD-04415,Mary Smith,mary.smith450@example.com,Female,39,India,Chennai,Fashion,Running Shorts,3,28,0.05,79.8,Bank Transfer,2026-04-30,2026-05-07,Delivered,4
ORD-04416,Mary Brown,mary.brown868@example.com,Male,57,United Kingdom,Manchester,Electronics,Laptop Pro 14,3,1150,0,3450,Mobile Money,2025-06-14,2025-06-17,Processing,1
ORD-04417,Faith Kiptoo,faith.kiptoo799@example.com,Female,23,Kenya,Nakuru,Beauty,Lipstick,1,16,0.2,12.8,Cash on Delivery,2025-03-26,2025-03-27,Shipped,2
ORD-04418,Brian Patel,brian.patel900@example.com,Male,67,South Africa,Johannesburg,Fashion,Handbag,1,55,0.2,44.0,Credit Card,2025-08-25,2025-08-27,Shipped,3
ORD-04419,Aisha Mensah,aisha.mensah981@example.com,Male,59,Rwanda,Butare,Electronics,Laptop Pro 14,3,1150,0.15,2932.5,Debit Card,2025-12-20,2025-12-28,Cancelled,5
ORD-04420,Faith Otieno,faith.otieno863@example.com,Male,38,Rwanda,Kigali,Fashion,Denim Jacket,1,62,0.25,46.5,Credit Card,2026-03-12,2026-03-13,Delivered,1
ORD-04421,James Patel,james.patel956@example.com,Male,53,Nigeria,Abuja,Fashion,Sneakers,2,75,0.2,120.0,Credit Card,2025-03-20,2025-03-23,Shipped,2
ORD-04422,Mary Kamau,mary.kamau33@example.com,Female,46,South Africa,Pretoria,Home Appliances,Electric Kettle,5,35,0,175,Credit Card,2025-12-07,2025-12-10,Processing,4
ORD-04423,Michael Kamau,michael.kamau330@example.com,Male,50,Kenya,Eldoret,Electronics,Wireless Headphones,2,45,0.25,67.5,Credit Card,2026-06-07,2026-06-13,Delivered,5
ORD-04424,Aisha Patel,aisha.patel166@example.com,Female,64,Nigeria,Ibadan,Electronics,Laptop Pro 14,2,1150,0,2300,Debit Card,2025-03-03,2025-03-05,Returned,1
ORD-04425,Kevin Mensah,kevin.mensah57@example.com,Female,55,Tanzania,Dar es Salaam,Fashion,Handbag,2,55,0,110,Cash on Delivery,2025-09-10,2025-09-11,Returned,4
ORD-04426,Daniel Akinyi,daniel.akinyi114@example.com,Male,37,India,Delhi,Beauty,Face Cream,2,24,0,48,Cash on Delivery,2025-09-19,2025-09-26,Returned,5
ORD-04427,Jane Okafor,jane.okafor233@example.com,Female,68,Nigeria,Port Harcourt,Home Appliances,Microwave Oven,1,180,0.2,144.0,Cash on Delivery,2026-07-07,2026-07-11,Delivered,3
ORD-04428,Linda Mensah,linda.mensah633@example.com,Male,65,United States,Houston,Fashion,Handbag,3,55,0.1,148.5,Debit Card,2025-12-29,2026-01-01,Shipped,4
ORD-04429,David Khan,david.khan496@example.com,Male,53,Uganda,Entebbe,Home Appliances,Air Fryer,3,110,0.2,264.0,Bank Transfer,2025-12-31,2026-01-07,Cancelled,2
ORD-04430,Sarah Kamau,sarah.kamau103@example.com,Female,52,Uganda,Kampala,Home Appliances,Vacuum Cleaner,4,145,0.2,464.0,Credit Card,2025-12-25,2026-01-02,Cancelled,4
ORD-04431,Brian Khan,brian.khan473@example.com,Male,22,United States,Los Angeles,Home Appliances,Microwave Oven,1,180,0.15,153.0,PayPal,2026-02-04,2026-02-06,Shipped,1
ORD-04432,Jane Wanjiku,jane.wanjiku576@example.com,Male,42,Kenya,Mombasa,Electronics,USB-C Charger,1,22,0.25,16.5,Cash on Delivery,2026-05-28,2026-05-30,Cancelled,3
ORD-04433,Mercy Ochieng,mercy.ochieng64@example.com,Female,70,Kenya,Nakuru,Beauty,Face Cream,4,24,0.15,81.6,Mobile Money,2025-09-09,2025-09-14,Processing,5
ORD-04434,Faith Williams,faith.williams605@example.com,Female,34,United States,Houston,Electronics,Bluetooth Speaker,1,65,0.1,58.5,Mobile Money,2026-02-25,2026-02-28,Shipped,4
ORD-04435,Grace Brown,grace.brown845@example.com,Male,32,South Africa,Durban,Electronics,Smart Watch,5,120,0.2,480.0,Cash on Delivery,2025-07-13,2025-07-18,Processing,5
ORD-04436,Aisha Njoroge,aisha.njoroge473@example.com,Female,48,Tanzania,Arusha,Fashion,Hoodie,3,42,0.2,100.8,Cash on Delivery,2025-04-02,2025-04-06,Returned,3
ORD-04437,Grace Kamau,grace.kamau249@example.com,Female,70,Rwanda,Kigali,Beauty,Face Cream,1,24,0.05,22.8,Cash on Delivery,2026-05-29,2026-06-06,Cancelled,1
ORD-04438,Linda Otieno,linda.otieno839@example.com,Female,38,United States,Chicago,Fashion,Sneakers,2,75,0.15,127.5,Bank Transfer,2025-02-19,2025-02-20,Delivered,5
ORD-04439,Esther Brown,esther.brown394@example.com,Female,60,Ghana,Tamale,Electronics,Smart Watch,25,120,0.1,2700.0,Credit Card,2025-01-04,2025-01-10,Cancelled,4
ORD-04440,James Okafor,james.okafor787@example.com,Female,66,KENYA, mombasa ,Home Appliances,Coffee Maker,1,85,0.05,40.38,Cash on Delivery,22/07/2025,30/07/2025,Processing,5
ORD-04441,Peter Khan,peter.khan230@example.com,Male,69,South Africa,Pretoria,Beauty,Perfume,1,70,0,70,Cash on Delivery,2025-02-27,2025-03-01,Shipped,5
ORD-04442,Jane Brown,jane.brown796@example.com,Male,38,United Kingdom,Manchester,Home Appliances,Microwave Oven,1,180,0.2,144.0,Debit Card,2025-06-24,2025-06-28,Cancelled,1
ORD-04443,@@Saamuel Akinyi!!,john@@email.com,Female,150,uganda, Jinja ,HOME APPLIANCES,,1 units,180,10%,324.0,Pay Pal,12/04/2025,18/04/2025,Delivered,6
ORD-04444,James Kiptoo,james.kiptoo907@example.com,Female,56,India,Bangalore,Beauty,Hair Dryer,2,48,0,96,Credit Card,2025-05-25,2025-05-31,Cancelled,1
ORD-04445,Michael Williams,michael.williams735@example.com,Female,59,United States,Chicago,Beauty,Hair Dryer,4,48,0.2,153.6,Bank Transfer,2025-06-01,2025-06-05,Processing,1
ORD-04446,David Wanjiku,david.wanjiku338@example.com,Male,47,Kenya,Eldoret,Electronics,Gaming Mouse,2,38,0.05,72.2,Mobile Money,2025-03-02,2025-03-06,Cancelled,5
ORD-04447,James Williams,james.williams523@example.com,Male,69,United States,Los Angeles,Home Appliances,Vacuum Cleaner,5,145,0,725,Mobile Money,2026-04-22,2026-04-29,Delivered,1
ORD-04448,Michael Akinyi,michael.akinyi554@example.com,Male,34,United States,New York,Fashion,Cotton T-Shirt,1,18,0,18,Debit Card,2025-04-30,2025-05-08,Cancelled,5
ORD-04449,Lucy Wanjiku,lucy.wanjiku282@example.com,Male,21,Kenya,Eldoret,Fashion,Cotton T-Shirt,4,18,0.1,64.8,PayPal,2026-06-14,2026-06-20,Returned,5
ORD-04450,Esther Kiptoo,esther.kiptoo746@example.com,Male,61,Nigeria,Lagos,Beauty,Lipstick,1,16,0.1,14.4,Credit Card,2025-11-17,2025-11-25,Shipped,5
ORD-04451,John Njoroge,john.njoroge985@example.com,Male,64,United Kingdom,London,Beauty,Body Lotion,1,19,0,19,PayPal,2026-07-21,2026-07-28,Shipped,3
ORD-04452,Aisha Okafor,aisha.okafor624@example.com,Male,47,Nigeria,Lagos,Fashion,Handbag,3,55,0.2,132.0,Mobile Money,2025-05-17,2025-05-22,Cancelled,5
ORD-04453,Samuel Ochieng,samuel.ochieng99@example.com,Male,32,India,Delhi,Home Appliances,Vacuum Cleaner,2,145,0.25,217.5,PayPal,2025-01-23,2025-01-30,Processing,2
ORD-04454,Samuel Akinyi,samuel.akinyi138@example.com,Female,29,Nigeria,Ibadan,Beauty,Face Cream,2,24,0.05,45.6,Cash on Delivery,2025-04-30,2025-05-01,Processing,4
ORD-04455,Lucy Otieno,lucy.otieno652@example.com,Male,63,Rwanda,Butare,Beauty,Hair Dryer,2,48,0,96,Mobile Money,2025-03-05,2025-03-09,Processing,4
ORD-04456,David Otieno,david.otieno844@example.com,Male,23,United States,Chicago,Beauty,Hair Dryer,1,48,0.15,40.8,Bank Transfer,2025-11-03,2025-11-11,Processing,4
ORD-04457,Mercy Kamau,mercy.kamau254@example.com,Female,55,Tanzania,Arusha,Fashion,Sneakers,2,75,0,150,Cash on Delivery,2026-06-23,2026-06-27,Delivered,4
ORD-04458,Aisha Williams,aisha.williams17@example.com,Male,49,United Kingdom,London,Beauty,Lipstick,2,16,0.05,30.4,Credit Card,2025-03-20,2025-03-24,Shipped,3
ORD-04459,Kevin Kiptoo,kevin.kiptoo488@example.com,Female,48,Rwanda,Butare,Home Appliances,Vacuum Cleaner,1,145,0.2,116.0,Debit Card,2025-10-31,2025-11-08,Processing,2
ORD-04460,Sarah Mwangi,sarah.mwangi488@example.com,Female,28,Nigeria,Kano,Home Appliances,Blender,1,58,0.15,49.3,Credit Card,2026-02-16,2026-02-17,Shipped,3
ORD-04461,Victor Mensah,victor.mensah997@example.com,Female,36,Nigeria,Port Harcourt,Beauty,Face Cream,2,24,0.15,40.8,Cash on Delivery,2025-11-14,2025-11-17,Shipped,5
ORD-04462,Lucy Otieno,lucy.otieno599@example.com,Female,61,South Africa,Cape Town,Home Appliances,Microwave Oven,1,180,0,180,Credit Card,2025-11-26,2025-12-01,Shipped,4
ORD-04463,Mary Kiptoo,mary.kiptoo811@example.com,Male,53,United States,Chicago,Electronics,USB-C Charger,2,22,0.2,35.2,Cash on Delivery,2025-10-04,2025-10-07,Returned,2
ORD-04464,Victor Mensah,victor.mensah550@example.com,Male,32,United States,Los Angeles,Beauty,Hair Dryer,1,48,0.2,38.4,PayPal,2026-07-19,2026-07-27,Returned,5
,@@None!!,mary.example.com,,150,,,,,0,KSh 110,25%,33.0,Pay Pal,10-30-2025,11-01-2025,,N/A
ORD-04466,Mary Okafor,mary.okafor131@example.com,Female,26,United States,New York,Beauty,Perfume,1,70,0.1,63.0,PayPal,2025-03-08,2025-03-15,Delivered,2
ORD-04467,Linda Akinyi,linda.akinyi998@example.com,Female,28,Rwanda,Butare,Home Appliances,Vacuum Cleaner,1,145,0,145,Mobile Money,2025-03-04,2025-03-05,Processing,1
ORD-04468,Lucy Kamau,lucy.kamau155@example.com,Female,48,Uganda,Jinja,Fashion,Cotton T-Shirt,1,18,0,18,Bank Transfer,2025-01-25,2025-01-27,Processing,4
ORD-04469,Aisha Mensah,aisha.mensah128@example.com,Male,27,United Kingdom,Manchester,Fashion,Running Shorts,2,28,0.2,44.8,Credit Card,2026-05-30,2026-06-01,Returned,5
ORD-04470,Faith Williams,faith.williams147@example.com,Male,42,Uganda,Jinja,Electronics,Wireless Headphones,3,45,0.1,121.5,Debit Card,2026-07-04,2026-07-09,Shipped,2
ORD-04471,Victor Mwangi,victor.mwangi281@example.com,Female,27,Rwanda,Kigali,Fashion,Cotton T-Shirt,1,18,0.05,17.1,Debit Card,2026-05-08,2026-05-11,Shipped,4
ORD-04472,Faith Wanjiku,faith.wanjiku313@example.com,Male,65,Uganda,Entebbe,Fashion,Hoodie,3,42,0.25,94.5,Bank Transfer,2025-06-12,2025-06-19,Shipped,1
ORD-04473,Jane Okafor,jane.okafor220@example.com,Female,37,Ghana,Takoradi,Home Appliances,Microwave Oven,1,180,0.25,135.0,Credit Card,2025-03-15,2025-03-23,Returned,2
ORD-04474,Victor Brown,victor.brown960@example.com,Female,27,United Kingdom,Birmingham,Electronics,Laptop Pro 14,3,1150,0,3450,Debit Card,2025-05-26,2025-05-31,Returned,1
ORD-04475,James Wanjiku,james.wanjiku153@example.com,Male,19,South Africa,Durban,Beauty,Hair Dryer,1,48,0.2,38.4,Cash on Delivery,2026-05-17,2026-05-22,Delivered,5
ORD-04476,Jane Patel,jane.patel85@example.com,Female,35,India,Delhi,Fashion,Handbag,1,55,0.2,44.0,Bank Transfer,2025-12-18,2025-12-23,Returned,4
ORD-04477,Michael Khan,michael.khan228@example.com,Male,49,Uganda,Jinja,Home Appliances,Electric Kettle,3,35,0.2,84.0,Debit Card,2026-03-15,2026-03-19,Shipped,2
ORD-04478,Jane Brown,jane.brown459@example.com,Male,58,Uganda,Jinja,Fashion,Denim Jacket,2,62,0.1,111.6,Debit Card,2026-05-20,2026-05-26,Returned,1
ORD-04479,Esther Mwangi,esther.mwangi355@example.com,Female,42,Nigeria,Lagos,Beauty,Hair Dryer,1,48,0.05,45.6,Mobile Money,2026-04-01,2026-04-07,Delivered,4
ORD-04480,Sarah Wanjiku,sarah.wanjiku931@example.com,Male,32,Nigeria,Port Harcourt,Electronics,Bluetooth Speaker,2,65,0,130,Debit Card,2025-08-26,2025-09-01,Processing,4
ORD-04481,Faaith Brown,faith.brown267@example.com,MALE,,Nigeria, abuja ,Home Appliances,Vacuum Cleaner,0,145,0,290.0,Pay Pal,27/08/2025,04/09/2025,Shipped,2
ORD-04482,Lucy Okafor,lucy.okafor985@example.com,Female,52,South Africa,Johannesburg,Beauty,Face Cream,2,24,0.15,40.8,Mobile Money,2025-08-22,2025-08-30,Returned,3
ORD-04483,@@Daavid Ochieng!!,mary.example.com,FEMALE,-5,india, Delhi ,,Vacuum Cleaner,3 units,$145.00,0.00,87.0,Pay Pal,2026.08.19,2026.08.23,Processing,0
ORD-04484,Mercy Kamau,mercy.kamau846@example.com,Female,24,South Africa,Cape Town,Fashion,Denim Jacket,2,62,0.15,105.4,Credit Card,2026-01-25,2026-01-30,Delivered,5
ORD-04485,Brian Wanjiku,brian.wanjiku637@example.com,Female,44,Rwanda,Butare,Home Appliances,Microwave Oven,3,180,0.2,432.0,Cash on Delivery,2026-04-29,2026-05-02,Delivered,4
ORD-04486,Aisha Kiptoo,aisha.kiptoo42@example.com,Male,65,Kenya,Nairobi,Home Appliances,Microwave Oven,1,180,0.05,171.0,Bank Transfer,2026-06-25,2026-06-30,Shipped,4
ORD-04487,John Akinyi,john.akinyi218@example.com,Male,53,Nigeria,Abuja,Home Appliances,Vacuum Cleaner,2,145,0,290,Bank Transfer,2025-04-14,2025-04-17,Delivered,5
ORD-04488,Esther Ochieng,esther.ochieng783@example.com,Male,23,Uganda,Kampala,Fashion,Denim Jacket,3,62,0,186,Cash on Delivery,2026-05-19,2026-05-22,Returned,5
ORD-04489,Grace Ochieng,grace.ochieng100@example.com,Male,41,South Africa,Cape Town,Electronics,Smartphone X12,3,699,0.25,1572.75,Bank Transfer,2025-01-06,2025-01-13,Returned,1
ORD-04490,Brian Brown,brian.brown35@example.com,Female,55,United Kingdom,Manchester,Beauty,Makeup Kit,1,52,0.25,39.0,Mobile Money,2026-04-14,2026-04-21,Shipped,4
ORD-04491,Daniel Otieno,daniel.otieno138@example.com,Female,31,Kenya,Nairobi,Home Appliances,Blender,1,58,0.2,46.4,Mobile Money,2025-12-01,2025-12-05,Delivered,2
ORD-04492,Brian Wanjiku,brian.wanjiku234@example.com,Male,70,United States,Chicago,Home Appliances,Air Fryer,2,110,0.15,187.0,Cash on Delivery,2026-04-15,2026-04-21,Processing,1
ORD-04493,Lucy Brown,lucy.brown596@example.com,Female,31,Uganda,Jinja,Fashion,Sneakers,2,75,0.25,112.5,Credit Card,2025-01-10,2025-01-12,Cancelled,4
ORD-04494,Kevin Njoroge,kevin.njoroge167@example.com,Female,27,United States,Los Angeles,Fashion,Running Shorts,1,28,0.15,23.8,PayPal,2026-05-08,2026-05-14,Returned,5
ORD-04495,James Mensah,james.mensah571@example.com,Male,52,South Africa,Johannesburg,Beauty,Face Cream,1,24,0.05,22.8,PayPal,2025-01-07,2025-01-10,Cancelled,5
ORD-04496,James Kiptoo,james.kiptoo140@example.com,Female,31,Ghana,Kumasi,Fashion,Denim Jacket,2,62,0.1,111.6,PayPal,2025-05-26,2025-05-29,Shipped,2
ORD-04497,Brian Wanjiku,brian.wanjiku916@example.com,Female,18,Uganda,Kampala,Electronics,Wireless Headphones,1,45,0.1,40.5,PayPal,2026-01-26,2026-02-02,Cancelled,4
ORD-04498,Grace Njoroge,grace.njoroge265@example.com,Female,33,Kenya,Nakuru,Electronics,Laptop Pro 14,2,1150,0.1,2070.0,Cash on Delivery,2025-06-26,2025-06-28,Processing,1
ORD-04499,Mercy Kiptoo,mercy.kiptoo268@example.com,Female,42,India,Delhi,Electronics,Smartphone X12,2,699,0.15,1188.3,Debit Card,2026-06-14,2026-06-15,Cancelled,4
ORD-04500,Grace Njoroge,grace.njoroge847@example.com,Female,45,United Kingdom,Manchester,Home Appliances,Coffee Maker,2,85,0,170,Mobile Money,2025-04-28,2025-05-01,Cancelled,3
ORD-04501,Victor Otieno,victor.otieno942@example.com,Female,45,United Kingdom,Manchester,Beauty,Lipstick,1,16,0.15,13.6,Debit Card,2025-02-11,2025-02-14,Cancelled,5
ORD-04502,Sarah Otieno,sarah.otieno341@example.com,Female,63,United States,Houston,Beauty,Body Lotion,5,19,0.1,85.5,Debit Card,2025-11-17,2025-11-25,Processing,4
ORD-04503,Samuel Okafor,samuel.okafor254@example.com,Male,41,United States,Chicago,Electronics,Wireless Headphones,1,45,0.15,38.25,Mobile Money,2026-06-19,2026-06-21,Shipped,2
ORD-04504,Peter Otieno,peter.otieno69@example.com,Female,59,Ghana,Accra,Home Appliances,Microwave Oven,3,180,0.05,513.0,Mobile Money,2025-03-05,2025-03-11,Shipped,4
ORD-04505,Brian Brown,brian.brown765@example.com,Male,21,United States,Los Angeles,Fashion,Sneakers,3,75,0,225,Debit Card,2025-02-09,2025-02-14,Delivered,2
ORD-04506,Brian Khan,brian.khan92@example.com,Male,41,United States,Los Angeles,Electronics,Laptop Pro 14,1,1150,0,1150,Cash on Delivery,2025-07-04,2025-07-08,Processing,5
ORD-04507,Aisha Njoroge,aisha.njoroge126@example.com,Male,53,India,Bangalore,Home Appliances,Blender,1,58,0.15,49.3,Credit Card,2025-02-22,2025-03-01,Returned,2
ORD-04508,Samuel Mwangi,samuel.mwangi723@example.com,Male,45,Uganda,Entebbe,Electronics,USB-C Charger,1,22,0.25,16.5,Credit Card,2025-02-03,2025-02-10,Cancelled,3
ORD-04509,Linda Ochieng,linda.ochieng280@example.com,Male,28,Ghana,Takoradi,Home Appliances,Blender,4,58,0.05,220.4,Debit Card,2025-11-07,2025-11-09,Shipped,3
ORD-04510,James Akinyi,james.akinyi278@example.com,Male,40,United States,Los Angeles,Electronics,Gaming Mouse,1,38,0.2,30.4,PayPal,2026-02-21,2026-02-25,Cancelled,4
ORD-04511,Kevin Smith,kevin.smith220@example.com,Male,45,South Africa,Johannesburg,Fashion,Denim Jacket,4,62,0.1,223.2,Debit Card,2026-02-07,2026-02-10,Cancelled,1
ORD-04512,Faith Njoroge,faith.njoroge244@example.com,Female,43,Kenya,Mombasa,Electronics,Laptop Pro 14,2,1150,0.15,1955.0,Credit Card,2026-07-04,2026-07-05,Cancelled,2
ORD-04513,Daniel Khan,daniel.khan394@example.com,Female,59,United States,Los Angeles,Electronics,USB-C Charger,2,22,0,44,PayPal,2025-01-23,2025-01-24,Returned,3
ORD-04514,Daniel Mensah,daniel.mensah727@example.com,Male,56,Nigeria,Kano,Home Appliances,Vacuum Cleaner,10,145,0.1,1305.0,Cash on Delivery,2026-02-03,2026-02-05,Delivered,3
ORD-04515,Peter Akinyi,peter.akinyi941@example.com,Female,39,United Kingdom,Manchester,Fashion,Handbag,2,55,0.05,104.5,PayPal,2025-11-08,2025-11-10,Processing,5
ORD-04516,Esther Wanjiku,esther.wanjiku273@example.com,Male,18,Kenya,Eldoret,Electronics,USB-C Charger,1,22,0.05,20.9,Cash on Delivery,2026-01-25,2026-01-27,Shipped,4
ORD-04517,Sarah Ochieng,sarah.ochieng276@example.com,Male,60,South Africa,Cape Town,Beauty,Perfume,1,70,0.05,66.5,Mobile Money,2025-07-13,2025-07-16,Processing,5
ORD-04518,Esther Khan,esther.khan99@example.com,Female,68,Tanzania,Mwanza,Electronics,USB-C Charger,1,22,0.1,19.8,Credit Card,2025-06-11,2025-06-18,Processing,5
ORD-04519,John Smith,john.smith499@example.com,Female,62,India,Mumbai,Home Appliances,Microwave Oven,2,180,0.25,270.0,Bank Transfer,2026-08-08,2026-08-10,Returned,4
ORD-04520,Grace Otieno,grace.otieno353@example.com,Male,46,Kenya,Nakuru,Electronics,Laptop Pro 14,3,1150,0.2,2760.0,Bank Transfer,2026-02-07,2026-02-08,Returned,2
ORD-04521,Michael Kamau,michael.kamau320@example.com,Male,48,Ghana,Kumasi,Home Appliances,Vacuum Cleaner,2,145,0.25,217.5,Cash on Delivery,2026-02-24,2026-03-04,Cancelled,3
,@@None!!,user#mail.com,,999,,,,,-3,€699.00,0.25,2044.58,creditcard,08/03/2026,13/03/2026,,N/A
ORD-04523,John Otieno,john.otieno392@example.com,Female,24,Tanzania,Dar es Salaam,Beauty,Perfume,2,70,0.25,105.0,Cash on Delivery,2025-07-03,2025-07-06,Processing,4
ORD-04524,David Mensah,david.mensah281@example.com,Male,67,Rwanda,Butare,Home Appliances,Air Fryer,1,110,0.2,88.0,Mobile Money,2025-10-09,2025-10-14,Shipped,5
ORD-04525,Michael Patel,michael.patel141@example.com,Male,57,United Kingdom,London,Electronics,Laptop Pro 14,2,1150,0.05,2185.0,Credit Card,2026-04-03,2026-04-05,Delivered,3
ORD-04526,James Mwangi,james.mwangi70@example.com,Male,55,Ghana,Accra,Home Appliances,Vacuum Cleaner,2,145,0.25,217.5,Bank Transfer,2026-02-05,2026-02-08,Shipped,4
ORD-04527,David Brown,david.brown524@example.com,Female,28,South Africa,Durban,Home Appliances,Microwave Oven,1,180,0.2,144.0,Bank Transfer,2025-05-12,2025-05-14,Shipped,5
ORD-04528,Grace Kamau,grace.kamau319@example.com,Male,29,Tanzania,Dar es Salaam,Fashion,Denim Jacket,4,62,0.05,235.6,PayPal,2025-03-23,2025-03-25,Cancelled,3
ORD-04529,Victor Williams,victor.williams547@example.com,Male,60,India,Chennai,Electronics,Bluetooth Speaker,4,65,0.25,195.0,Mobile Money,2025-03-22,2025-03-25,Delivered,1
ORD-04530,James Mwangi,james.mwangi356@example.com,Male,59,South Africa,Durban,Home Appliances,Electric Kettle,3,35,0.05,99.75,Mobile Money,2025-05-14,2025-05-18,Returned,5
,@@None!!,user#mail.com,,0,,,,,1000,KSh 45,20%,7.2,creditcard,01/03/2026,06/03/2026,,6
ORD-04532,Michael Wanjiku,michael.wanjiku986@example.com,Male,28,Ghana,Accra,Electronics,Gaming Mouse,1,38,0,38,Bank Transfer,2026-08-12,2026-08-20,Delivered,3
ORD-04533,Mary Smith,mary.smith343@example.com,Female,45,Ghana,Accra,Electronics,USB-C Charger,1,22,0.1,19.8,Credit Card,2026-01-15,2026-01-19,Delivered,3
ORD-04534,Michael Njoroge,michael.njoroge326@example.com,Female,32,Rwanda,Butare,Electronics,USB-C Charger,1,22,0.05,20.9,Credit Card,2025-09-23,2025-09-27,Cancelled,5
ORD-04535,Aisha Smith,aisha.smith890@example.com,Female,25,Nigeria,Kano,Beauty,Body Lotion,2,19,0.1,34.2,Debit Card,2026-08-14,2026-08-17,Delivered,5
ORD-04536,Daniel Kiptoo,daniel.kiptoo817@example.com,Female,53,Uganda,Jinja,Home Appliances,Vacuum Cleaner,1,145,0.2,116.0,Mobile Money,2026-02-15,2026-02-17,Delivered,4
ORD-04537,Victor Otieno,victor.otieno62@example.com,Female,69,Tanzania,Arusha,Electronics,Laptop Pro 14,1,1150,0,1150,Bank Transfer,2025-08-25,2025-09-02,Cancelled,5
ORD-04538,Linda Otieno,linda.otieno581@example.com,Male,20,Tanzania,Mwanza,Beauty,Face Cream,2,24,0.1,43.2,Debit Card,2025-09-29,2025-10-01,Returned,5
ORD-04539,Faith Smith,faith.smith489@example.com,Female,27,Tanzania,Dar es Salaam,Beauty,Lipstick,5,16,0.25,60.0,Cash on Delivery,2025-06-24,2025-06-30,Delivered,4
ORD-04540,Jane Kamau,jane.kamau679@example.com,Male,20,South Africa,Durban,Fashion,Sneakers,1,75,0,75,Cash on Delivery,2025-04-21,2025-04-24,Returned,5
ORD-04541,Grace Ochieng,grace.ochieng195@example.com,Male,38,Uganda,Jinja,Beauty,Face Cream,1,24,0,24,Bank Transfer,2026-04-11,2026-04-19,Delivered,4
ORD-04542,Peter Patel,peter.patel689@example.com,Male,55,India,Mumbai,Fashion,Sneakers,4,75,0.1,270.0,PayPal,2026-06-08,2026-06-16,Returned,5
ORD-04543,@@Daaniel Patel!!,john@@email.com,MALE,-5,Rwanda, Kigali ,Home Appliances,Blender,0,$58.00,0.25,8.7,Bank transfer,03-04-2026,03-11-2026,Delivered,6
ORD-04544,David Mwangi,david.mwangi710@example.com,Female,63,United Kingdom,London,Fashion,Handbag,2,55,0.15,93.5,PayPal,2026-02-11,2026-02-16,Processing,4
ORD-04545,Esther Okafor,esther.okafor624@example.com,Female,63,South Africa,Johannesburg,Electronics,Wireless Headphones,4,45,0.15,153.0,PayPal,2025-11-14,2025-11-17,Cancelled,4
ORD-04546,Brian Mensah,brian.mensah101@example.com,Female,61,Uganda,Jinja,Electronics,Smartphone X12,25,699,0.1,15727.5,Cash on Delivery,2025-12-20,2025-12-24,Cancelled,4
ORD-04547,Peter Okafor,peter.okafor663@example.com,Female,44,Uganda,Entebbe,Home Appliances,Air Fryer,1,110,0.25,82.5,Debit Card,2026-06-23,2026-06-28,Cancelled,5
ORD-04548,Brian Mwangi,brian.mwangi30@example.com,Male,70,Tanzania,Arusha,Home Appliances,Electric Kettle,4,35,0.05,133.0,Bank Transfer,2025-07-12,2025-07-13,Returned,5
ORD-04549,Mercy Njoroge,mercy.njoroge108@example.com,Female,65,Nigeria,Abuja,Fashion,Running Shorts,2,28,0.05,53.2,Debit Card,2025-02-07,2025-02-09,Shipped,1
ORD-04550,Mary Khan,mary.khan583@example.com,Male,37,Nigeria,Ibadan,Fashion,Running Shorts,2,28,0,56,Mobile Money,2025-05-05,2025-05-13,Processing,4
ORD-04551,Victor Akinyi,victor.akinyi838@example.com,Male,24,Nigeria,Kano,FASHION,Hoodie,1,42,0.1,75.6,Bank Transfer,01-07-2025,01-14-2025,CANCELLED,5
ORD-04552,Mercy Wanjiku,mercy.wanjiku936@example.com,Female,18,Ghana,Takoradi,Home Appliances,Coffee Maker,4,85,0.15,289.0,Bank Transfer,2025-05-31,2025-06-02,Cancelled,4
ORD-04553,Mary Kiptoo,mary.kiptoo759@example.com,Female,50,Ghana,Accra,Fashion,Handbag,2,55,0,110,Cash on Delivery,2026-02-07,2026-02-12,Cancelled,2
ORD-04554,James Patel,james.patel747@example.com,Male,47,Uganda,Entebbe,Beauty,Lipstick,1,16,0.1,14.4,Debit Card,2025-04-10,2025-04-12,Processing,1
ORD-04555,Peter Kiptoo,peter.kiptoo813@example.com,Female,36,India,Delhi,Home Appliances,Vacuum Cleaner,1,145,0.1,130.5,Debit Card,2025-08-18,2025-08-20,Returned,2
ORD-04556,Faith Khan,faith.khan242@example.com,Male,60,Tanzania,Arusha,Electronics,Smartphone X12,1,699,0.05,664.05,Credit Card,2025-02-05,2025-02-10,Returned,4
ORD-04557,James Khan,james.khan888@example.com,Male,70,Rwanda,Butare,Home Appliances,Air Fryer,2,110,0.1,198.0,Cash on Delivery,2025-04-22,2025-04-30,Returned,5
ORD-04558,Aisha Njoroge,aisha.njoroge463@example.com,Male,62,United States,New York,Home Appliances,Vacuum Cleaner,1,145,0.25,108.75,Debit Card,2025-03-16,2025-03-22,Cancelled,5
ORD-04559,Aisha Ochieng,aisha.ochieng312@example.com,Female,21,Kenya,Nakuru,Fashion,Handbag,1,55,0.05,52.25,Debit Card,2025-09-13,2025-09-16,Shipped,4
ORD-04560,Grace Williams,grace.williams85@example.com,Male,31,United Kingdom,London,Beauty,Body Lotion,2,19,0,38,Mobile Money,2026-05-02,2026-05-06,Delivered,4
ORD-04561,Esther Williams,esther.williams995@example.com,Female,56,India,Chennai,Beauty,Face Cream,2,24,0.2,38.4,Debit Card,2026-06-21,2026-06-23,Cancelled,4
ORD-04562,Esther Smith,esther.smith707@example.com,Female,41,Nigeria,Ibadan,Electronics,USB-C Charger,3,22,0.05,62.7,Debit Card,2025-02-12,2025-02-13,Shipped,4
ORD-04563,David Williams,david.williams363@example.com,Female,25,Nigeria,Abuja,Beauty,Face Cream,2,24,0.05,45.6,Debit Card,2025-01-20,2025-01-27,Cancelled,4
ORD-04564,Brian Okafor,brian.okafor859@example.com,Male,34,Rwanda,Butare,Fashion,Cotton T-Shirt,5,18,0.2,72.0,Mobile Money,2026-03-18,2026-03-26,Delivered,5
ORD-04565,Grace Otieno,grace.otieno18@example.com,Male,44,United Kingdom,Manchester,Electronics,Bluetooth Speaker,1,65,0.1,58.5,Mobile Money,2025-05-10,2025-05-17,Shipped,5
ORD-04566,Michael Njoroge,michael.njoroge104@example.com,Female,62,Nigeria,Ibadan,Home Appliances,Vacuum Cleaner,2,145,0.2,232.0,Mobile Money,2026-06-23,2026-06-26,Returned,4
ORD-04567,Victor Kamau,victor.kamau606@example.com,Male,49,Ghana,Tamale,Fashion,Denim Jacket,2,62,0.2,99.2,PayPal,2026-03-06,2026-03-13,Shipped,4
ORD-04568,John Mensah,john.mensah750@example.com,Male,22,Nigeria,Lagos,Fashion,Running Shorts,3,28,0,84,Mobile Money,2026-06-25,2026-06-28,Processing,4
ORD-04569,Michael Wanjiku,michael.wanjiku961@example.com,Male,69,Tanzania,Dar es Salaam,Fashion,Handbag,1,55,0.25,41.25,Mobile Money,2026-03-08,2026-03-13,Cancelled,2
ORD-04570,Kevin Akinyi,kevin.akinyi675@example.com,Female,26,United States,Chicago,Electronics,Wireless Headphones,1,45,0.05,42.75,Credit Card,2025-10-02,2025-10-06,Cancelled,3
ORD-04571,James Brown,james.brown883@example.com,Female,62,Rwanda,Kigali,Beauty,Lipstick,1,16,0.15,13.6,Bank Transfer,2026-06-19,2026-06-26,Processing,1
ORD-04572,Samuel Khan,samuel.khan798@example.com,Male,20,Nigeria,Abuja,Electronics,Laptop Pro 14,1,1150,0.15,977.5,PayPal,2026-05-23,2026-05-26,Processing,5
ORD-04573,Daniel Williams,daniel.williams533@example.com,Female,18,Tanzania,Arusha,Electronics,Smart Watch,2,120,0,240,Mobile Money,2026-07-22,2026-07-24,Processing,1
ORD-04574,Brian Kiptoo,brian.kiptoo176@example.com,Female,32,Tanzania,Mwanza,Electronics,Smartphone X12,2,699,0.05,1328.1,Bank Transfer,2025-11-27,2025-11-28,Processing,3
ORD-04575,Samuel Brown,samuel.brown944@example.com,Female,29,Ghana,Takoradi,Electronics,Smartphone X12,2,699,0.1,1258.2,Cash on Delivery,2025-02-26,2025-03-05,Shipped,5
ORD-04576,Mary Williams,mary.williams148@example.com,Male,31,Tanzania,Mwanza,Home Appliances,Coffee Maker,1,85,0.15,72.25,Bank Transfer,2026-04-28,2026-04-30,Processing,1
ORD-04577,Jane Okafor,jane.okafor395@example.com,Female,49,Kenya,Nairobi,Beauty,Lipstick,5,16,0,80,Credit Card,2025-05-15,2025-05-20,Returned,5
ORD-04578,Jane Khan,jane.khan18@example.com,Female,47,Uganda,Kampala,Home Appliances,Coffee Maker,5,85,0.25,318.75,PayPal,2026-05-19,2026-05-26,Returned,3
ORD-04579,Victor Kiptoo,victor.kiptoo319@example.com,Female,28,South Africa,Cape Town,Electronics,Bluetooth Speaker,2,65,0,130,Debit Card,2025-03-05,2025-03-10,Cancelled,4
ORD-04580,Mary Ochieng,mary.ochieng656@example.com,Male,29,Tanzania,Dar es Salaam,Electronics,Laptop Pro 14,5,1150,0.15,4887.5,PayPal,2025-06-05,2025-06-12,Cancelled,5
ORD-04581,Daniel Khan,daniel.khan735@example.com,Male,64,India,Delhi,Beauty,Lipstick,1,16,0.05,15.2,PayPal,2026-04-20,2026-04-22,Returned,4
ORD-04582,Sarah Kiptoo,sarah.kiptoo106@example.com,Female,37,Kenya,Eldoret,Beauty,Hair Dryer,5,48,0.25,180.0,Credit Card,2025-06-05,2025-06-07,Returned,5
ORD-04583,Aisha Khan,aisha.khan178@example.com,Female,63,Rwanda,Butare,Home Appliances,Microwave Oven,1,180,0,180,Bank Transfer,2026-03-15,2026-03-23,Processing,1
ORD-04584,Faith Khan,faith.khan618@example.com,Female,21,United States,New York,Beauty,Body Lotion,1,19,0,19,Mobile Money,2025-02-07,2025-02-08,Shipped,5
ORD-04585,Linda Kamau,linda.kamau289@example.com,Female,29,United Kingdom,Birmingham,Fashion,Cotton T-Shirt,2,18,0.1,32.4,Cash on Delivery,2025-02-02,2025-02-06,Delivered,1
ORD-04586,Faith Akinyi,faith.akinyi220@example.com,Male,58,Nigeria,Abuja,Home Appliances,Coffee Maker,2,85,0.1,153.0,Mobile Money,2025-10-23,2025-10-25,Cancelled,2
ORD-04587,Esther Williams,esther.williams777@example.com,Male,66,Ghana,Accra,Beauty,Body Lotion,4,19,0.15,64.6,Cash on Delivery,2025-01-04,2025-01-07,Processing,5
ORD-04588,John Kamau,john.kamau368@example.com,Male,20,Nigeria,Lagos,Electronics,Laptop Pro 14,1,1150,0.05,1092.5,PayPal,2026-01-20,2026-01-22,Processing,4
ORD-04589,Michael Smith,michael.smith910@example.com,Female,23,Uganda,Jinja,Fashion,Handbag,10,55,0.25,412.5,PayPal,2025-03-08,2025-03-09,Shipped,3
ORD-04590,James Ochieng,james.ochieng826@example.com,Male,57,United Kingdom,Manchester,Beauty,Hair Dryer,3,48,0.2,115.2,Mobile Money,2025-09-16,2025-09-22,Delivered,2
ORD-04591,Daniel Kamau,daniel.kamau888@example.com,Female,30,Nigeria,Kano,Home Appliances,Blender,3,58,0.15,147.9,Debit Card,2025-05-29,2025-05-31,Shipped,1
ORD-04592,Mary Otieno,mary.otieno623@example.com,Female,38,Uganda,Entebbe,Beauty,Perfume,1,70,0.2,56.0,Cash on Delivery,2025-10-02,2025-10-08,Returned,4
ORD-04593,Jane Kiptoo,jane.kiptoo143@example.com,Female,51,Ghana,Takoradi,Home Appliances,Microwave Oven,1,180,0,180,Debit Card,2025-10-18,2025-10-22,Returned,4
ORD-04594,Esther Otieno,esther.otieno630@example.com,Male,61,United Kingdom,London,Electronics,USB-C Charger,1,22,0.2,17.6,Bank Transfer,2026-08-02,2026-08-08,Cancelled,5
ORD-04595,Kevin Njoroge,kevin.njoroge265@example.com,Male,58,Rwanda,Kigali,Home Appliances,Air Fryer,1,110,0,110,Cash on Delivery,2025-05-08,2025-05-11,Cancelled,1
ORD-04596,Michael Patel,michael.patel701@example.com,Female,38,United Kingdom,Manchester,Electronics,Wireless Headphones,2,45,0.15,76.5,PayPal,2025-04-06,2025-04-12,Cancelled,3
ORD-04597,Mercy Kamau,mercy.kamau755@example.com,Female,36,South Africa,Durban,Beauty,Lipstick,1,16,0.15,13.6,Bank Transfer,2026-04-13,2026-04-19,Delivered,5
ORD-04598,Mary Akinyi,mary.akinyi386@example.com,Male,19,Nigeria,Kano,Electronics,Smart Watch,1,120,0.2,96.0,Mobile Money,2025-05-12,2025-05-19,Shipped,4
ORD-04599,Faith Ochieng,faith.ochieng522@example.com,Male,47,Tanzania,Mwanza,Electronics,Wireless Headphones,1,45,0.1,40.5,Debit Card,2025-09-02,2025-09-06,Processing,1
,@@None!!,invalid@,,150,,,,,-2,€19.00,15%,16.15,Cash,27/02/2025,28/02/2025,,N/A
ORD-04601,Mary Ochieng,mary.ochieng239@example.com,Female,59,Uganda,Jinja,Electronics,USB-C Charger,3,22,0,66,Cash on Delivery,2026-05-20,2026-05-21,Shipped,3
ORD-04602,Linda Akinyi,linda.akinyi61@example.com,Male,45,Uganda,Jinja,Home Appliances,Electric Kettle,2,35,0.1,63.0,Cash on Delivery,2026-02-16,2026-02-22,Returned,2
ORD-04603,Faith Mwangi,faith.mwangi691@example.com,Male,23,Ghana,Takoradi,Fashion,Handbag,4,55,0.25,165.0,Mobile Money,2026-01-08,2026-01-11,Processing,3
ORD-04604,Kevin Brown,kevin.brown233@example.com,Female,19,Rwanda,Butare,Electronics,USB-C Charger,5,22,0.1,99.0,Bank Transfer,2025-10-30,2025-10-31,Cancelled,4
ORD-04605,Aisha Njoroge,aisha.njoroge145@example.com,Female,39,Tanzania,Dar es Salaam,Home Appliances,Vacuum Cleaner,1,145,0.2,116.0,Credit Card,2025-09-10,2025-09-14,Returned,1
ORD-04606,Grace Akinyi,grace.akinyi361@example.com,Male,63,Ghana,Kumasi,Home Appliances,Air Fryer,1,110,0.15,93.5,Credit Card,2026-03-16,2026-03-24,Cancelled,2
ORD-04607,Victor Khan,victor.khan642@example.com,Female,28,Ghana,Accra,Electronics,Bluetooth Speaker,1,65,0.25,48.75,Cash on Delivery,2025-09-01,2025-09-08,Returned,1
ORD-04608,John Williams,john.williams247@example.com,Female,58,United States,Chicago,Home Appliances,Blender,1,58,0,58,PayPal,2026-07-09,2026-07-16,Returned,2
ORD-04609,Samuel Williams,samuel.williams461@example.com,Female,37,Ghana,Kumasi,Electronics,Laptop Pro 14,3,1150,0.1,3105.0,Mobile Money,2025-09-13,2025-09-21,Delivered,5
ORD-04610,Jane Kamau,jane.kamau446@example.com,Male,19,Uganda,Kampala,Fashion,Cotton T-Shirt,1,18,0.2,14.4,Cash on Delivery,2025-04-23,2025-04-26,Delivered,1
ORD-04611,Mary Wanjiku,mary.wanjiku142@example.com,Female,48,Ghana,Kumasi,Electronics,Bluetooth Speaker,1,65,0.1,58.5,Mobile Money,2025-04-16,2025-04-22,Processing,3
ORD-04612,Aisha Smith,aisha.smith10@example.com,Female,48,Tanzania,Arusha,Fashion,Denim Jacket,2,62,0.2,99.2,Credit Card,2025-10-09,2025-10-11,Processing,5
ORD-04613,James Khan,james.khan293@example.com,Male,38,Rwanda,Kigali,Beauty,Body Lotion,3,19,0.05,54.15,Debit Card,2026-06-18,2026-06-20,Returned,4
ORD-04614,John Brown,john.brown594@example.com,Male,53,Rwanda,Butare,Electronics,Gaming Mouse,1,38,0,38,Credit Card,2026-03-10,2026-03-18,Cancelled,1
ORD-04615,Michael Williams,michael.williams290@example.com,Male,34,Tanzania,Mwanza,Electronics,Smart Watch,3,120,0.25,270.0,PayPal,2025-03-05,2025-03-06,Shipped,3
ORD-04616,Victor Otieno,victor.otieno227@example.com,Female,27,Ghana,Kumasi,Fashion,Running Shorts,3,28,0.1,75.6,PayPal,2025-06-19,2025-06-24,Processing,5
ORD-04617,Mercy Mensah,mercy.mensah329@example.com,Male,29,South Africa,Cape Town,Home Appliances,Microwave Oven,1,180,0.1,162.0,Bank Transfer,2025-06-04,2025-06-10,Cancelled,2
ORD-04618,David Kiptoo,david.kiptoo295@example.com,Female,53,Uganda,Kampala,Fashion,Running Shorts,1,28,0.15,23.8,PayPal,2025-09-05,2025-09-11,Processing,1
ORD-04619,James Akinyi,james.akinyi915@example.com,Female,40,Rwanda,Kigali,Beauty,Face Cream,1,24,0.05,22.8,Cash on Delivery,2026-07-09,2026-07-15,Delivered,5
ORD-04620,Michael Smith,michael.smith956@example.com,Female,34,United Kingdom,Birmingham,Electronics,Smartphone X12,4,699,0.15,2376.6,Cash on Delivery,2026-08-15,2026-08-21,Processing,4
ORD-04621,Faith Khan,faith.khan56@example.com,Male,69,India,Mumbai,Electronics,Gaming Mouse,3,38,0,114,Credit Card,2025-05-29,2025-05-31,Cancelled,2
ORD-04622,Michael Wanjiku,michael.wanjiku861@example.com,Male,61,United States,Los Angeles,Fashion,Cotton T-Shirt,5,18,0.2,72.0,Bank Transfer,2025-01-31,2025-02-03,Returned,4
ORD-04623,James Kamau,james.kamau2@example.com,Female,21,South Africa,Cape Town,Electronics,Smartphone X12,1,699,0.05,664.05,Credit Card,2025-10-18,2025-10-26,Processing,1
ORD-04624,Mary Ochieng,mary.ochieng555@example.com,Female,42,Uganda,Kampala,Home Appliances,Electric Kettle,4,35,0.2,112.0,Bank Transfer,2026-02-25,2026-03-03,Delivered,5
ORD-04625,Faith Khan,faith.khan630@example.com,Female,31,South Africa,Cape Town,Beauty,Perfume,1,70,0.05,66.5,PayPal,2025-10-10,2025-10-17,Processing,5
ORD-04626,Brian Ochieng,brian.ochieng372@example.com,Female,37,Uganda,Entebbe,Home Appliances,Coffee Maker,4,85,0.2,272.0,Debit Card,2025-02-22,2025-03-02,Processing,2
ORD-04627,Mary Patel,mary.patel493@example.com,Male,48,Nigeria,Port Harcourt,Fashion,Running Shorts,2,28,0.25,42.0,Debit Card,2026-03-02,2026-03-05,Shipped,3
ORD-04628,Peter Williams,peter.williams35@example.com,Male,49,Kenya,Eldoret,Beauty,Lipstick,1,16,0.05,15.2,Credit Card,2025-03-13,2025-03-16,Delivered,4
ORD-04629,James Otieno,james.otieno134@example.com,Female,27,Uganda,Kampala,Beauty,Hair Dryer,4,48,0.2,153.6,PayPal,2025-05-11,2025-05-16,Returned,5
ORD-04630,Linda Wanjiku,linda.wanjiku280@example.com,Female,21,Nigeria,Port Harcourt,Home Appliances,Vacuum Cleaner,2,145,0.25,217.5,Bank Transfer,2025-08-27,2025-09-03,Cancelled,4
ORD-04631,Victor Patel,victor.patel415@example.com,Male,48,Kenya,Mombasa,Beauty,Makeup Kit,3,52,0.15,132.6,Mobile Money,2026-07-23,2026-07-24,Cancelled,2
ORD-04632,David Otieno,david.otieno198@example.com,Female,39,India,Bangalore,Beauty,Makeup Kit,1,52,0,52,Debit Card,2026-06-23,2026-06-26,Returned,2
ORD-04633,Esther Otieno,esther.otieno386@example.com,Female,27,India,Chennai,Electronics,Smart Watch,1,120,0,120,PayPal,2025-08-26,2025-09-02,Delivered,3
ORD-04634,Victor Mwangi,victor.mwangi125@example.com,Male,50,United States,Los Angeles,Beauty,Makeup Kit,1,52,0.2,41.6,Cash on Delivery,2026-01-24,2026-01-25,Returned,5
ORD-04635,John Njoroge,john.njoroge613@example.com,Female,42,United Kingdom,Birmingham,Electronics,Smart Watch,3,120,0.05,342.0,PayPal,2025-10-27,2025-10-29,Processing,4
ORD-04636,Aisha Williams,aisha.williams988@example.com,Female,40,Tanzania,Mwanza,Fashion,Hoodie,5,42,0.25,157.5,Credit Card,2025-05-22,2025-05-28,Shipped,1
ORD-04637,Mary Smith,mary.smith179@example.com,Female,48,India,Chennai,Fashion,Running Shorts,2,28,0.15,47.6,Debit Card,2025-02-27,2025-03-03,Shipped,4
ORD-04638,Kevin Brown,kevin.brown888@example.com,Male,57,Nigeria,Ibadan,Fashion,Running Shorts,1,28,0,28,Bank Transfer,2026-06-08,2026-06-14,Cancelled,5
ORD-04639,Mercy Okafor,mercy.okafor534@example.com,Male,33,Uganda,Kampala,Beauty,Face Cream,1,24,0.25,18.0,Cash on Delivery,2026-02-06,2026-02-09,Delivered,5
ORD-04640,Victor Mwangi,victor.mwangi732@example.com,Male,47,United States,Houston,Electronics,USB-C Charger,4,22,0,88,Bank Transfer,2026-07-02,2026-07-03,Cancelled,5
ORD-04641,Aisha Mensah,aisha.mensah417@example.com,Male,46,Tanzania,Dar es Salaam,Fashion,Sneakers,2,75,0.1,135.0,Mobile Money,2025-01-16,2025-01-24,Returned,3
ORD-04642,Michael Okafor,michael.okafor707@example.com,Male,66,South Africa,Pretoria,Home Appliances,Microwave Oven,3,180,0,540,Cash on Delivery,2025-06-25,2025-07-03,Processing,4
ORD-04643,Sarah Okafor,sarah.okafor134@example.com,Male,32,United States,Los Angeles,Home Appliances,Blender,5,58,0.2,232.0,Credit Card,2026-02-24,2026-02-27,Processing,4
ORD-04644,Esther Patel,esther.patel131@example.com,Male,33,Uganda,Jinja,Electronics,Smart Watch,4,120,0.1,432.0,Mobile Money,2025-07-31,2025-08-04,Cancelled,1
ORD-04645,Lucy Smith,lucy.smith504@example.com,Female,21,Kenya,Nairobi,Fashion,Handbag,1,55,0.25,41.25,Debit Card,2025-05-02,2025-05-08,Delivered,1
ORD-04646,Kevin Akinyi,kevin.akinyi629@example.com,Male,28,Tanzania,Arusha,Fashion,Hoodie,1,42,0,42,Credit Card,2026-01-11,2026-01-19,Returned,5
ORD-04647,Kevin Ochieng,kevin.ochieng509@example.com,Male,50,Ghana,Kumasi,Beauty,Perfume,3,70,0,210,Bank Transfer,2026-05-24,2026-05-26,Cancelled,4
ORD-04648,Linda Mensah,linda.mensah900@example.com,Male,52,Ghana,Tamale,Beauty,Face Cream,1,24,0.1,21.6,Credit Card,2025-06-19,2025-06-23,Cancelled,2
ORD-04649,Samuel Wanjiku,samuel.wanjiku915@example.com,Male,61,South Africa,Johannesburg,Fashion,Running Shorts,3,28,0.1,75.6,Debit Card,2025-03-31,2025-04-05,Delivered,1
ORD-04650,Michael Patel,michael.patel423@example.com,Female,22,Kenya,Eldoret,Electronics,Gaming Mouse,1,38,0.05,36.1,Bank Transfer,2026-05-16,2026-05-18,Returned,2
ORD-04651,Brian Smith,brian.smith150@example.com,Male,66,South Africa,Cape Town,Fashion,Cotton T-Shirt,4,18,0.1,64.8,Mobile Money,2025-03-29,2025-04-06,Returned,5
ORD-04652,Linda Kiptoo,linda.kiptoo372@example.com,Female,59,Rwanda,Kigali,Electronics,Laptop Pro 14,1,1150,0.05,1092.5,Credit Card,2025-12-13,2025-12-21,Cancelled,4
ORD-04653,Mary Smith,mary.smith143@example.com,Female,22,Nigeria,Ibadan,Electronics,USB-C Charger,1,22,0.1,19.8,Mobile Money,2025-07-11,2025-07-13,Delivered,1
ORD-04654,Peter Akinyi,peter.akinyi973@example.com,Male,50,Uganda,Kampala,Electronics,Laptop Pro 14,10,1150,0.1,10350.0,Cash on Delivery,2025-01-07,2025-01-08,Processing,5
ORD-04655,Mercy Mwangi,mercy.mwangi834@example.com,Female,44,Ghana,Tamale,Home Appliances,Blender,1,58,0,58,Cash on Delivery,2025-09-11,2025-09-19,Shipped,1
ORD-04656,Aisha Smith,aisha.smith229@example.com,Male,28,United Kingdom,Birmingham,Beauty,Body Lotion,3,19,0.05,54.15,Credit Card,2026-01-25,2026-02-02,Returned,4
ORD-04657,Linda Ochieng,linda.ochieng125@example.com,Female,30,Tanzania,Dar es Salaam,Home Appliances,Electric Kettle,1,35,0,35,Debit Card,2026-05-28,2026-05-30,Delivered,5
ORD-04658,John Khan,john.khan770@example.com,Female,50,Tanzania,Dar es Salaam,Home Appliances,Vacuum Cleaner,2,145,0.05,275.5,Credit Card,2025-05-07,2025-05-11,Cancelled,1
ORD-04659,Grace Brown,grace.brown186@example.com,Male,22,United Kingdom,Birmingham,Electronics,Bluetooth Speaker,3,65,0,195,Cash on Delivery,2026-01-30,2026-02-01,Delivered,1
ORD-04660,Linda Mwangi,linda.mwangi963@example.com,Female,44,Nigeria,Lagos,Fashion,Running Shorts,2,28,0.15,47.6,PayPal,2026-03-26,2026-03-27,Returned,2
ORD-04661,Lucy Okafor,lucy.okafor242@example.com,Female,41,Nigeria,Port Harcourt,Fashion,Running Shorts,2,28,0.05,53.2,Credit Card,2026-03-29,2026-04-03,Returned,5
ORD-04662,Peter Kiptoo,peter.kiptoo299@example.com,Female,51,Uganda,Entebbe,Electronics,USB-C Charger,1,22,0.1,19.8,Debit Card,2025-09-16,2025-09-20,Processing,2
ORD-04663,Grace Akinyi,grace.akinyi943@example.com,Female,52,India,Chennai,Fashion,Sneakers,3,75,0.25,168.75,Bank Transfer,2025-01-02,2025-01-06,Shipped,5
ORD-04664,John Patel,john.patel290@example.com,Male,50,Uganda,Kampala,Electronics,Smart Watch,1,120,0.05,114.0,PayPal,2025-09-15,2025-09-16,Shipped,1
ORD-04665,Michael Wanjiku,michael.wanjiku760@example.com,Male,31,South Africa,Johannesburg,Electronics,Wireless Headphones,2,45,0.2,72.0,PayPal,2025-10-19,2025-10-27,Shipped,1
ORD-04666,Grace Williams,grace.williams398@example.com,Female,54,India,Chennai,Beauty,Perfume,2,70,0.05,133.0,Cash on Delivery,2025-06-30,2025-07-02,Processing,5
ORD-04667,Faith Kamau,faith.kamau586@example.com,Female,19,United Kingdom,Manchester,Electronics,USB-C Charger,1,22,0.1,19.8,Mobile Money,2026-04-04,2026-04-08,Returned,3
ORD-04668,Sarah Patel,sarah.patel609@example.com,Male,48,United Kingdom,Birmingham,Beauty,Makeup Kit,2,52,0.25,78.0,Bank Transfer,2025-04-06,2025-04-12,Processing,5
ORD-04669,Jane Akinyi,jane.akinyi488@example.com,Male,47,Ghana,Takoradi,Electronics,Smart Watch,5,120,0.25,450.0,PayPal,2025-02-05,2025-02-06,Shipped,5
ORD-04670,Faith Akinyi,faith.akinyi936@example.com,Male,63,United Kingdom,Birmingham,Electronics,Smart Watch,2,120,0.1,216.0,Credit Card,2026-07-12,2026-07-15,Returned,1
ORD-04671,Daniel Khan,daniel.khan668@example.com,Male,34,Rwanda,Butare,Electronics,Smartphone X12,4,699,0.2,2236.8,Bank Transfer,2025-03-13,2025-03-19,Delivered,2
ORD-04672,Kevin Khan,kevin.khan395@example.com,Male,43,Nigeria,Abuja,Beauty,Makeup Kit,1,52,0.15,44.2,Debit Card,2025-02-22,2025-03-01,Cancelled,5
ORD-04673,Linda Mwangi,linda.mwangi374@example.com,Female,18,Uganda,Entebbe,Electronics,Gaming Mouse,2,38,0.15,64.6,Debit Card,2025-03-08,2025-03-15,Returned,2
ORD-04674,Peter Brown,peter.brown648@example.com,Female,46,Tanzania,Dar es Salaam,Beauty,Makeup Kit,1,52,0.1,46.8,Cash on Delivery,2026-03-31,2026-04-07,Delivered,5
ORD-04675,Peter Akinyi,peter.akinyi959@example.com,Male,33,Kenya,Nairobi,Home Appliances,Microwave Oven,3,180,0.25,405.0,Bank Transfer,2025-09-16,2025-09-17,Processing,4
ORD-04676,John Njoroge,john.njoroge670@example.com,Male,41,India,Delhi,Beauty,Perfume,4,70,0.15,238.0,Bank Transfer,2025-08-21,2025-08-27,Shipped,5
ORD-04677,Faith Brown,faith.brown155@example.com,Male,52,South Africa,Durban,Home Appliances,Vacuum Cleaner,4,145,0.05,551.0,Credit Card,2025-04-10,2025-04-18,Cancelled,1
ORD-04678,Faith Okafor,faith.okafor217@example.com,Female,55,United Kingdom,London,Electronics,Smart Watch,1,120,0.2,96.0,Bank Transfer,2025-09-24,2025-09-28,Processing,3
ORD-04679,James Mwangi,james.mwangi773@example.com,Female,21,United States,New York,Fashion,Hoodie,1,42,0.05,39.9,Credit Card,2026-07-20,2026-07-28,Processing,4
ORD-04680,Faith Otieno,faith.otieno239@example.com,Male,65,Nigeria,Kano,Fashion,Sneakers,2,75,0.15,127.5,PayPal,2025-12-01,2025-12-03,Delivered,5
ORD-04681,Jane Patel,jane.patel767@example.com,Male,64,Ghana,Kumasi,Fashion,Cotton T-Shirt,1,18,0.25,13.5,Debit Card,2026-07-21,2026-07-25,Shipped,2
ORD-04682,James Ochieng,james.ochieng335@example.com,Male,53,United Kingdom,Manchester,Fashion,Running Shorts,2,28,0.1,50.4,Bank Transfer,2026-08-23,2026-08-29,Returned,5
ORD-04683,David Akinyi,david.akinyi351@example.com,Female,44,United Kingdom,Birmingham,Electronics,Bluetooth Speaker,5,65,0.1,292.5,Debit Card,2025-10-08,2025-10-15,Shipped,3
ORD-04684,Mary Mwangi,mary.mwangi825@example.com,Female,51,Kenya,Nairobi,Beauty,Perfume,1,70,0.15,59.5,Debit Card,2025-03-03,2025-03-08,Returned,4
ORD-04685,Daniel Njoroge,daniel.njoroge433@example.com,Male,31,Kenya,Kisumu,Electronics,Smart Watch,1,120,0.1,108.0,Cash on Delivery,2026-04-12,2026-04-20,Returned,4
ORD-04686,Faith Patel,faith.patel10@example.com,Female,30,United Kingdom,London,Home Appliances,Microwave Oven,3,180,0,540,Cash on Delivery,2026-03-17,2026-03-18,Delivered,3
ORD-04687,Victor Khan,victor.khan866@example.com,Female,61,Nigeria,Port Harcourt,Beauty,Face Cream,3,24,0.15,61.2,Cash on Delivery,2025-08-10,2025-08-12,Delivered,1
ORD-04688,Peter Akinyi,peter.akinyi498@example.com,Female,51,United States,New York,Fashion,Handbag,1,55,0.05,52.25,Debit Card,2025-03-15,2025-03-16,Shipped,2
ORD-04689,David Okafor,david.okafor415@example.com,Male,45,Nigeria,Abuja,Beauty,Body Lotion,2,19,0.25,28.5,PayPal,2026-04-29,2026-04-30,Delivered,5
ORD-04690,Esther Okafor,esther.okafor349@example.com,Female,65,India,Bangalore,Beauty,Perfume,3,70,0,210,Mobile Money,2025-12-25,2025-12-29,Returned,5
ORD-04691,John Akinyi,john.akinyi228@example.com,Female,36,Nigeria,Lagos,Home Appliances,Electric Kettle,2,35,0.1,63.0,Bank Transfer,2025-10-20,2025-10-23,Shipped,4
ORD-04692,Faith Mwangi,faith.mwangi363@example.com,Female,43,United Kingdom,London,Electronics,USB-C Charger,2,22,0.2,35.2,Bank Transfer,2025-03-15,2025-03-19,Delivered,5
ORD-04693,Faith Brown,faith.brown231@example.com,Female,57,Ghana,Takoradi,Beauty,Hair Dryer,3,48,0.1,129.6,Cash on Delivery,2025-05-15,2025-05-21,Returned,5
ORD-04694,Brian Njoroge,brian.njoroge241@example.com,Male,48,United States,New York,Fashion,Handbag,1,55,0.05,52.25,Cash on Delivery,2025-05-23,2025-05-30,Cancelled,2
ORD-04695,Kevin Akinyi,kevin.akinyi539@example.com,Female,24,United States,New York,Beauty,Body Lotion,1,19,0.2,15.2,PayPal,2026-06-04,2026-06-06,Shipped,1
ORD-04696,Sarah Wanjiku,sarah.wanjiku376@example.com,Male,37,Tanzania,Dar es Salaam,Fashion,Cotton T-Shirt,2,18,0.25,27.0,Debit Card,2025-03-15,2025-03-17,Processing,5
ORD-04697,Peter Njoroge,peter.njoroge599@example.com,Female,54,Rwanda,Kigali,Home Appliances,Blender,1,58,0,58,Credit Card,2026-07-16,2026-07-21,Processing,2
ORD-04698,Esther Akinyi,esther.akinyi350@example.com,Female,20,United States, NEW YORK ,ELECTRONICS,Wireless Headphones,2,KSh 45,0.1,162.0,Debit Card,14/01/2026,18/01/2026,Delivered,1
ORD-04699,Jaames Akinyi,james.akinyi50@example.com,MALE,22,KENYA, Kisumu ,,Hoodie,0,$42.00,10%,75.6,Pay Pal,18/02/2026,26/02/2026,Processing,2
ORD-04700,Grace Ochieng,grace.ochieng129@example.com,Male,55,India,Bangalore,Home Appliances,Coffee Maker,1,85,0.05,80.75,Mobile Money,2025-05-18,2025-05-19,Cancelled,5
ORD-04701,Linda Khan,linda.khan534@example.com,Female,66,United Kingdom,London,Home Appliances,Microwave Oven,1,180,0.25,135.0,Bank Transfer,2025-05-20,2025-05-21,Returned,5
ORD-04702,@@Victor Mwaangi!!,john@@email.com,Female,150,INDIA, chennai ,fashion,Cotton T-Shirt,-2,KSh 18,0.05,44.46,Credit card,09-29-2025,10-02-2025,Returned,-1
ORD-04703,Victor Ochieng,victor.ochieng985@example.com,Male,51,Rwanda,Kigali,Electronics,Smartphone X12,1,699,0.05,664.05,PayPal,2026-04-17,2026-04-18,Cancelled,5
ORD-04704,Sarah Okafor,sarah.okafor513@example.com,Male,39,India,Bangalore,Home Appliances,Blender,4,58,0.2,185.6,Credit Card,2025-07-21,2025-07-29,Returned,2
ORD-04705,Brian Mensah,brian.mensah789@example.com,Male,44,Uganda,Kampala,Electronics,Smart Watch,2,120,0.2,192.0,Credit Card,2025-10-19,2025-10-26,Returned,2
ORD-04706,Samuel Wanjiku,samuel.wanjiku809@example.com,Male,36,United Kingdom,Manchester,Fashion,Denim Jacket,1,62,0.1,55.8,Cash on Delivery,2026-05-13,2026-05-20,Shipped,4
ORD-04707,Lucy Khan,lucy.khan215@example.com,Male,63,Ghana,Kumasi,Electronics,Bluetooth Speaker,3,65,0.15,165.75,Mobile Money,2025-12-31,2026-01-06,Processing,4
ORD-04708,Daniel Kamau,daniel.kamau194@example.com,Male,68,United Kingdom,London,Home Appliances,Air Fryer,1,110,0.1,99.0,PayPal,2026-04-28,2026-05-03,Shipped,4
ORD-04709,Aisha Kamau,aisha.kamau791@example.com,Male,27,United States,Chicago,Electronics,Smartphone X12,4,699,0.05,2656.2,Debit Card,2026-04-09,2026-04-10,Shipped,5
ORD-04710,Esther Ochieng,esther.ochieng60@example.com,Female,58,Ghana,Takoradi,Electronics,Laptop Pro 14,1,1150,0.25,862.5,Credit Card,2025-05-23,2025-05-24,Delivered,4
ORD-04711,Victor Khan,victor.khan675@example.com,Female,62,United Kingdom,Manchester,Electronics,Wireless Headphones,3,45,0.15,114.75,Debit Card,2026-05-01,2026-05-09,Shipped,3
ORD-04712,Lucy Otieno,lucy.otieno120@example.com,Female,46,Rwanda,Kigali,Beauty,Lipstick,1,16,0.15,13.6,Debit Card,2026-04-28,2026-05-01,Returned,4
ORD-04713,Lucy Patel,lucy.patel192@example.com,Male,65,Kenya,Kisumu,Fashion,Handbag,2,55,0.15,93.5,Bank Transfer,2026-07-22,2026-07-23,Returned,4
ORD-04714,Grace Khan,grace.khan486@example.com,Female,37,Nigeria,Kano,Electronics,Smart Watch,1,120,0.2,96.0,Mobile Money,2025-12-04,2025-12-07,Processing,5
ORD-04715,Aisha Brown,aisha.brown206@example.com,Female,32,United States,New York,Electronics,Bluetooth Speaker,4,65,0,260,Credit Card,2025-06-13,2025-06-20,Delivered,3
ORD-04716,Saarah Mensah,sarah.mensah239@example.com,Male,61,INDIA, Delhi ,,Lipstick,0,$16.00,0.05,39.52,Cash,18/08/2025,25/08/2025,RETURNED,5
ORD-04717,John Khan,john.khan226@example.com,Male,53,Kenya,Kisumu,Beauty,Hair Dryer,1,48,0.15,40.8,PayPal,2026-05-24,2026-05-26,Cancelled,4
ORD-04718,Kevin Wanjiku,kevin.wanjiku912@example.com,Male,48,Kenya,Nakuru,Fashion,Denim Jacket,1,62,0.1,55.8,Credit Card,2026-02-11,2026-02-14,Processing,2
ORD-04719,Samuel Khan,samuel.khan417@example.com,Male,70,Rwanda,Kigali,Electronics,Laptop Pro 14,3,1150,0.05,3277.5,Cash on Delivery,2025-05-06,2025-05-12,Processing,4
ORD-04720,Jane Khan,jane.khan400@example.com,Female,31,Nigeria,Kano,Beauty,Perfume,1,70,0.2,56.0,Debit Card,2026-07-05,2026-07-13,Shipped,3
ORD-04721,Daniel Otieno,daniel.otieno396@example.com,Male,66,Uganda,Jinja,Electronics,Smart Watch,3,120,0.05,342.0,PayPal,2026-02-24,2026-02-28,Processing,3
ORD-04722,Peter Smith,peter.smith887@example.com,Female,51,Kenya,Kisumu,Electronics,Wireless Headphones,3,45,0.1,121.5,Debit Card,2025-01-12,2025-01-14,Cancelled,5
ORD-04723,Samuel Brown,samuel.brown551@example.com,Female,19,Ghana,Takoradi,Beauty,Hair Dryer,2,48,0.15,81.6,Bank Transfer,2025-07-19,2025-07-24,Cancelled,3
ORD-04724,Jane Akinyi,jane.akinyi867@example.com,Male,20,Kenya,Nakuru,Electronics,USB-C Charger,2,22,0.15,37.4,Debit Card,2026-03-14,2026-03-19,Shipped,4
ORD-04725,Michael Kiptoo,michael.kiptoo367@example.com,Female,49,Uganda,Entebbe,Home Appliances,Electric Kettle,1,35,0,35,Cash on Delivery,2026-02-09,2026-02-17,Delivered,3
ORD-04726,Samuel Brown,samuel.brown173@example.com,Female,32,Uganda,Kampala,Home Appliances,Coffee Maker,1,85,0.15,72.25,Bank Transfer,2026-08-06,2026-08-13,Shipped,4
ORD-04727,Mercy Njoroge,mercy.njoroge509@example.com,Female,67,Rwanda,Kigali,Fashion,Sneakers,3,75,0.1,202.5,PayPal,2026-05-09,2026-05-14,Returned,1
ORD-04728,Mercy Smith,mercy.smith955@example.com,Male,25,Kenya,Nakuru,Fashion,Cotton T-Shirt,3,18,0.25,40.5,PayPal,2025-12-22,2025-12-28,Shipped,4
ORD-04729,Daniel Smith,daniel.smith563@example.com,Female,18,Ghana,Takoradi,Electronics,Laptop Pro 14,1,1150,0.05,1092.5,Cash on Delivery,2026-03-20,2026-03-28,Shipped,4
ORD-04730,Michael Okafor,michael.okafor396@example.com,Male,60,United Kingdom,London,Home Appliances,Coffee Maker,1,85,0.25,63.75,Bank Transfer,2026-01-30,2026-02-03,Delivered,4
ORD-04731,Mercy Njoroge,mercy.njoroge537@example.com,Male,38,Nigeria,Abuja,Home Appliances,Coffee Maker,5,85,0.05,403.75,Credit Card,2025-11-03,2025-11-05,Delivered,2
ORD-04732,Esther Okafor,esther.okafor327@example.com,Male,29,India,Mumbai,Beauty,Lipstick,5,16,0.05,76.0,Mobile Money,2026-04-11,2026-04-16,Delivered,4
ORD-04733,Kevin Okafor,kevin.okafor895@example.com,Male,37,Tanzania,Mwanza,Home Appliances,Vacuum Cleaner,5,145,0.15,616.25,Credit Card,2025-01-04,2025-01-06,Processing,1
ORD-04734,Esther Brown,esther.brown423@example.com,Female,48,Nigeria,Abuja,Home Appliances,Air Fryer,2,110,0.15,187.0,Mobile Money,2025-04-14,2025-04-21,Processing,4
ORD-04735,Michael Patel,michael.patel645@example.com,Female,70,SOUTH AFRICA,CAPE TOWN,beauty,Perfume,1,70,0,70,DEBIT CARD,2026-03-25,2026-04-01,Delivered,1
,@@None!!,john@@email.com,,-5,,,,,3000,55,0.00,330.0,Credit card,12-06-2025,12-09-2025,,5 stars
ORD-04737,Grace Kiptoo,grace.kiptoo201@example.com,Female,52,Ghana,Accra,Beauty,Face Cream,1,24,0,24,Credit Card,2025-03-17,2025-03-18,Returned,1
ORD-04738,Brian Patel,brian.patel806@example.com,Male,46,Nigeria,Ibadan,Fashion,Cotton T-Shirt,3,18,0.25,40.5,Credit Card,2025-02-16,2025-02-22,Returned,4
ORD-04739,Sarah Mwangi,sarah.mwangi831@example.com,Female,24,South Africa, durban ,electronics,Smart Watch,5,€120.00,5%,285.0,Mobile Money,2025.09.27,2025.10.05,Returned,3
ORD-04740,Mercy Akinyi,mercy.akinyi85@example.com,Female,47,South Africa,Durban,Beauty,Perfume,2,70,0,140,Bank Transfer,2025-08-29,2025-08-31,Returned,5
ORD-04741,Victor Kiptoo,victor.kiptoo908@example.com,Female,62,United States,Los Angeles,Home Appliances,Microwave Oven,2,180,0.25,270.0,Cash on Delivery,2025-07-27,2025-08-04,Returned,5
ORD-04742,Mercy Smith,mercy.smith418@example.com,Female,45,United Kingdom,Birmingham,Electronics,Laptop Pro 14,5,1150,0.1,5175.0,Debit Card,2025-05-27,2025-05-29,Processing,4
ORD-04743,Peter Khan,peter.khan120@example.com,Male,59,United Kingdom,Manchester,Home Appliances,Vacuum Cleaner,1,145,0,145,Debit Card,2026-06-02,2026-06-07,Cancelled,4
ORD-04744,Jane Okafor,jane.okafor246@example.com,Female,38,Nigeria,Lagos,Fashion,Denim Jacket,3,62,0,186,Cash on Delivery,2026-05-03,2026-05-04,Shipped,5
ORD-04745,Sarah Otieno,sarah.otieno453@example.com,Male,43,Rwanda,Kigali,Beauty,Perfume,5,70,0.25,262.5,Mobile Money,2026-03-23,2026-03-31,Shipped,1
ORD-04746,Mercy Otieno,mercy.otieno893@example.com,Male,43,Kenya,Eldoret,Electronics,Gaming Mouse,2,38,0.25,57.0,PayPal,2025-04-07,2025-04-08,Cancelled,5
ORD-04747,Esther Njoroge,esther.njoroge710@example.com,Female,33,Rwanda,Kigali,Fashion,Denim Jacket,1,62,0.05,58.9,Credit Card,2025-12-15,2025-12-20,Delivered,5
ORD-04748,John Patel,john.patel750@example.com,Female,27,United States,Chicago,Electronics,Wireless Headphones,1,45,0.05,42.75,Mobile Money,2025-06-23,2025-06-26,Shipped,1
ORD-04749,Sarah Mensah,sarah.mensah132@example.com,Female,60,United States,Houston,Electronics,Smart Watch,2,120,0.05,228.0,Credit Card,2025-09-06,2025-09-10,Returned,3
ORD-04750,Aisha Wanjiku,aisha.wanjiku801@example.com,Female,26,United Kingdom,Manchester,Fashion,Cotton T-Shirt,1,18,0.2,14.4,Debit Card,2026-03-16,2026-03-19,Returned,3
ORD-04751,Daniel Otieno,daniel.otieno678@example.com,Female,42,Rwanda,Butare,Fashion,Hoodie,1,42,0.15,35.7,Bank Transfer,2025-07-28,2025-08-01,Returned,5
ORD-04752,Linda Ochieng,linda.ochieng648@example.com,Female,67,Ghana,Accra,Electronics,Smartphone X12,3,699,0.25,1572.75,PayPal,2025-01-22,2025-01-26,Delivered,1
ORD-04753,Kevin Wanjiku,kevin.wanjiku561@example.com,Female,23,South Africa,Cape Town,Beauty,Face Cream,1,24,0.2,19.2,Bank Transfer,2025-12-18,2025-12-23,Returned,5
ORD-04754,Peter Okafor,peter.okafor589@example.com,Male,46,Tanzania,Dar es Salaam,Home Appliances,Electric Kettle,1,35,0.2,28.0,Mobile Money,2025-12-23,2025-12-24,Cancelled,4
ORD-04755,John Mensah,john.mensah17@example.com,Male,33,South Africa,Cape Town,Fashion,Running Shorts,3,28,0.15,71.4,PayPal,2025-09-03,2025-09-08,Processing,4
ORD-04756,Faith Mensah,faith.mensah915@example.com,Male,39,India,Mumbai,Electronics,Bluetooth Speaker,2,65,0.05,123.5,Bank Transfer,2025-07-13,2025-07-16,Cancelled,4
ORD-04757,James Mwangi,james.mwangi668@example.com,Male,68,India,Mumbai,Electronics,Smartphone X12,25,699,0,17475,Cash on Delivery,2026-02-01,2026-02-06,Delivered,3
ORD-04758,Victor Kamau,victor.kamau669@example.com,Female,30,Kenya,Nairobi,Beauty,Lipstick,4,16,0.2,51.2,Bank Transfer,2026-02-23,2026-02-24,Delivered,4
ORD-04759,Lucy Njoroge,lucy.njoroge143@example.com,Female,44,Rwanda,Kigali,Fashion,Sneakers,2,75,0.15,127.5,Credit Card,2025-07-04,2025-07-08,Cancelled,3
ORD-04760,Kevin Okafor,kevin.okafor428@example.com,Female,42,United States,Los Angeles,Fashion,Handbag,3,55,0.1,148.5,Bank Transfer,2025-02-26,2025-03-06,Processing,2
ORD-04761,Kevin Kamau,kevin.kamau407@example.com,Male,56,Ghana,Accra,Electronics,Laptop Pro 14,3,1150,0.2,2760.0,Cash on Delivery,2025-07-24,2025-08-01,Processing,5
ORD-04762,John Njoroge,john.njoroge230@example.com,Male,40,Uganda,Kampala,Electronics,Bluetooth Speaker,1,65,0.2,52.0,Mobile Money,2026-02-10,2026-02-18,Processing,3
ORD-04763,Kevin Kiptoo,kevin.kiptoo122@example.com,Male,18,India,Mumbai,Home Appliances,Electric Kettle,2,35,0,70,Credit Card,2025-10-03,2025-10-10,Processing,5
ORD-04764,Linda Otieno,linda.otieno405@example.com,Female,35,Kenya,Nairobi,Home Appliances,Air Fryer,1,110,0.2,88.0,Mobile Money,2025-05-27,2025-06-04,Cancelled,1
ORD-04765,Peter Patel,peter.patel270@example.com,Female,23,Ghana,Accra,Home Appliances,Vacuum Cleaner,1,145,0.25,108.75,Cash on Delivery,2026-05-25,2026-05-28,Cancelled,2
ORD-04766,Victor Kamau,victor.kamau640@example.com,Female,55,Uganda,Entebbe,Home Appliances,Electric Kettle,2,35,0.2,56.0,PayPal,2026-05-19,2026-05-24,Delivered,4
ORD-04767,Grace Williams,grace.williams406@example.com,Male,19,Uganda,Entebbe,Home Appliances,Microwave Oven,1,180,0.25,135.0,Cash on Delivery,2025-07-09,2025-07-14,Returned,5
ORD-04768,Brian Kiptoo,brian.kiptoo784@example.com,Female,32,India,Bangalore,Electronics,Laptop Pro 14,4,1150,0.15,3910.0,Credit Card,2025-05-17,2025-05-20,Returned,5
ORD-04769,Mary Smith,mary.smith989@example.com,Female,27,South Africa,Johannesburg,Home Appliances,Electric Kettle,10,35,0.25,262.5,Bank Transfer,2025-06-02,2025-06-03,Shipped,1
ORD-04770,Sarah Ochieng,sarah.ochieng556@example.com,Male,48,India,Mumbai,Home Appliances,Electric Kettle,2,35,0.2,56.0,Mobile Money,2025-11-20,2025-11-24,Cancelled,3
ORD-04771,David Kiptoo,david.kiptoo69@example.com,Male,33,India,Chennai,Home Appliances,Coffee Maker,1,85,0.15,72.25,Cash on Delivery,2025-06-04,2025-06-06,Returned,4
ORD-04772,Esther Khan,esther.khan413@example.com,Female,57,United Kingdom,Birmingham,Electronics,USB-C Charger,2,22,0.15,37.4,Debit Card,2025-10-02,2025-10-05,Shipped,2
ORD-04773,Michael Mensah,michael.mensah748@example.com,Female,66,United Kingdom,Manchester,Home Appliances,Blender,1,58,0,58,Mobile Money,2025-11-06,2025-11-12,Delivered,5
ORD-04774,Lucy Smith,lucy.smith650@example.com,Female,22,Nigeria,Port Harcourt,Electronics,Bluetooth Speaker,2,65,0.1,117.0,PayPal,2025-07-17,2025-07-24,Processing,1
ORD-04775,James Kamau,james.kamau717@example.com,Female,42,United Kingdom,London,Electronics,Gaming Mouse,1,38,0,38,Cash on Delivery,2025-02-10,2025-02-15,Delivered,4
ORD-04776,Esther Ochieng,esther.ochieng478@example.com,Female,42,Rwanda,Kigali,Electronics,Wireless Headphones,4,45,0.05,171.0,Bank Transfer,2025-03-14,2025-03-21,Delivered,3
ORD-04777,Lucy Mwangi,lucy.mwangi356@example.com,Male,24,Rwanda,Butare,Electronics,Wireless Headphones,1,45,0.25,33.75,Debit Card,2026-05-30,2026-06-02,Returned,4
ORD-04778,Lucy Williams,lucy.williams894@example.com,Female,56,Ghana,Accra,Electronics,Gaming Mouse,1,38,0.15,32.3,Bank Transfer,2025-06-16,2025-06-21,Shipped,5
ORD-04779,Jane Mensah,jane.mensah112@example.com,Male,66,Tanzania,Mwanza,Home Appliances,Microwave Oven,1,180,0.2,144.0,Cash on Delivery,2025-07-31,2025-08-08,Returned,3
ORD-04780,Sarah Okafor,sarah.okafor91@example.com,Female,50,South Africa,Durban,Home Appliances,Vacuum Cleaner,1,145,0.05,137.75,PayPal,2025-04-25,2025-05-02,Cancelled,5
ORD-04781,Lucy Smith,lucy.smith818@example.com,Female,47,Tanzania,Arusha,Fashion,Hoodie,2,42,0.05,79.8,Debit Card,2026-06-16,2026-06-17,Processing,4
ORD-04782,Peter Brown,peter.brown286@example.com,Male,44,India,Chennai,Home Appliances,Coffee Maker,1,85,0,85,Mobile Money,2026-03-10,2026-03-18,Shipped,5
ORD-04783,Victor Mwangi,victor.mwangi958@example.com,Female,35,Rwanda,Kigali,Beauty,Perfume,2,70,0.25,105.0,PayPal,2025-07-07,2025-07-15,Processing,2
ORD-04784,Lucy Okafor,lucy.okafor607@example.com,Male,33,United States,Los Angeles,Beauty,Hair Dryer,1,48,0.2,38.4,Debit Card,2025-08-16,2025-08-23,Returned,4
ORD-04785,Grace Akinyi,grace.akinyi977@example.com,Female,61,Rwanda,Kigali,Electronics,Bluetooth Speaker,5,65,0.15,276.25,PayPal,2026-05-23,2026-05-25,Processing,5
ORD-04786,Michael Njoroge,michael.njoroge838@example.com,Male,37,Tanzania,Mwanza,Beauty,Face Cream,1,24,0.2,19.2,Debit Card,2026-06-05,2026-06-10,Cancelled,1
ORD-04787,Faith Patel,faith.patel179@example.com,Female,26,Kenya,Kisumu,Fashion,Cotton T-Shirt,1,18,0.2,14.4,Bank Transfer,2026-02-20,2026-02-28,Delivered,2
ORD-04788,Faith Otieno,faith.otieno674@example.com,Male,45,United States,Chicago,Electronics,Smart Watch,1,120,0.1,108.0,PayPal,2026-02-16,2026-02-18,Returned,4
ORD-04789,Victor Williams,victor.williams103@example.com,Male,51,India,Bangalore,Home Appliances,Coffee Maker,1,85,0.15,72.25,PayPal,2025-12-29,2026-01-04,Cancelled,4
ORD-04790,Victor Kiptoo,victor.kiptoo669@example.com,Male,26,Rwanda,Butare,Fashion,Running Shorts,1,28,0.05,26.6,Debit Card,2025-12-20,2025-12-27,Shipped,5
ORD-04791,Aisha Njoroge,aisha.njoroge88@example.com,Male,60,Uganda,Kampala,Beauty,Lipstick,1,16,0.2,12.8,Mobile Money,2026-07-26,2026-07-29,Shipped,4
ORD-04792,Mary Njoroge,mary.njoroge505@example.com,Female,67,India,Chennai,Beauty,Perfume,1,70,0.1,63.0,Cash on Delivery,2026-07-06,2026-07-08,Shipped,4
ORD-04793,Linda Wanjiku,linda.wanjiku116@example.com,Female,66,Uganda,Kampala,Fashion,Hoodie,1,42,0.15,35.7,Debit Card,2026-04-20,2026-04-25,Cancelled,5
ORD-04794,Aisha Mwangi,aisha.mwangi142@example.com,Female,47,Uganda,Kampala,Beauty,Body Lotion,2,19,0.15,32.3,Credit Card,2026-05-29,2026-05-31,Cancelled,3
ORD-04795,Jane Wanjiku,jane.wanjiku111@example.com,Female,45,Kenya,Kisumu,Electronics,Gaming Mouse,2,38,0.2,60.8,Cash on Delivery,2026-03-28,2026-03-29,Processing,3
ORD-04796,Linda Smith,linda.smith647@example.com,Male,58,United Kingdom,Manchester,Home Appliances,Electric Kettle,2,35,0,70,Mobile Money,2025-07-04,2025-07-09,Returned,3
ORD-04797,David Smith,david.smith931@example.com,Male,48,India,Delhi,Fashion,Denim Jacket,3,62,0.2,148.8,Cash on Delivery,2025-02-06,2025-02-09,Delivered,2
ORD-04798,Michael Akinyi,michael.akinyi654@example.com,Male,58,Kenya,Mombasa,Fashion,Cotton T-Shirt,2,18,0.15,30.6,Cash on Delivery,2025-08-05,2025-08-12,Shipped,4
ORD-04799,Sarah Kiptoo,sarah.kiptoo500@example.com,Male,58,United Kingdom,Manchester,Home Appliances,Blender,2,58,0.25,87.0,Debit Card,2025-08-03,2025-08-06,Delivered,4
ORD-04800,Samuel Smith,samuel.smith288@example.com,Female,46,Nigeria,Kano,Beauty,Makeup Kit,2,52,0.25,78.0,PayPal,2026-06-18,2026-06-22,Cancelled,2
ORD-04801,John Kiptoo,john.kiptoo955@example.com,Female,61,United Kingdom,Birmingham,Fashion,Hoodie,1,42,0.15,35.7,Debit Card,2026-05-27,2026-06-04,Delivered,4
ORD-04802,Mary Smith,mary.smith144@example.com,Female,31,Uganda,Kampala,Home Appliances,Air Fryer,2,110,0.15,187.0,Credit Card,2026-07-07,2026-07-09,Processing,5
ORD-04803,Jane Patel,jane.patel307@example.com,Male,42,South Africa,Pretoria,Fashion,Denim Jacket,3,62,0,186,Bank Transfer,2025-05-14,2025-05-16,Returned,3
ORD-04804,Esther Smith,esther.smith458@example.com,Male,30,Nigeria,Abuja,Fashion,Hoodie,25,42,0.25,787.5,Bank Transfer,2025-09-24,2025-09-26,Returned,4
ORD-04805,Grace Kamau,grace.kamau545@example.com,Male,39,India,Delhi,Beauty,Makeup Kit,2,52,0.25,78.0,Bank Transfer,2025-07-01,2025-07-02,Shipped,2
ORD-04806,Brian Mwangi,brian.mwangi947@example.com,Male,57,Ghana,Accra,Electronics,Smart Watch,4,120,0,480,Bank Transfer,2025-03-05,2025-03-07,Processing,5
ORD-04807,James Ochieng,james.ochieng420@example.com,Female,38,Tanzania,Mwanza,Beauty,Perfume,1,70,0.2,56.0,Cash on Delivery,2025-05-30,2025-06-07,Delivered,2
ORD-04808,Daniel Patel,daniel.patel355@example.com,Male,36,Tanzania,Mwanza,Home Appliances,Blender,1,58,0.05,55.1,Credit Card,2026-01-04,2026-01-08,Cancelled,4
ORD-04809,James Williams,james.williams374@example.com,Male,61,United Kingdom,London,Home Appliances,Blender,2,58,0.2,92.8,Mobile Money,2025-04-09,2025-04-17,Shipped,5
ORD-04810,Lucy Brown,lucy.brown808@example.com,Female,44,India,Chennai,Fashion,Denim Jacket,2,62,0.05,117.8,Mobile Money,2025-04-20,2025-04-25,Delivered,3
ORD-04811,Michael Kiptoo,michael.kiptoo744@example.com,Female,60,South Africa,Cape Town,Beauty,Hair Dryer,1,48,0.25,36.0,Credit Card,2026-04-02,2026-04-07,Delivered,5
ORD-04812,Esther Khan,esther.khan395@example.com,Female,55,United Kingdom,Birmingham,Home Appliances,Microwave Oven,3,180,0.25,405.0,Mobile Money,2025-07-15,2025-07-21,Delivered,5
ORD-04813,Linda Kiptoo,linda.kiptoo368@example.com,Male,62,Nigeria,Abuja,Home Appliances,Air Fryer,2,110,0.1,198.0,Debit Card,2025-01-30,2025-02-05,Shipped,4
ORD-04814,James Patel,james.patel73@example.com,Female,69,United States,New York,Electronics,Smartphone X12,5,699,0.2,2796.0,Credit Card,2025-09-03,2025-09-11,Processing,1
ORD-04815,Mary Khan,mary.khan969@example.com,Female,19,Tanzania,Mwanza,Fashion,Handbag,1,55,0.15,46.75,Bank Transfer,2025-11-19,2025-11-20,Returned,4
ORD-04816,@@Esther Njoroge!!,invalid@,Female,0,Ghana, Kumasi ,Electronics,USB-C Charger,2 units,KSh 22,0.15,7.48,creditcard,05-28-2026,05-30-2026,Shipped,N/A
ORD-04817,Brian Okafor,brian.okafor505@example.com,Male,53,Tanzania,Arusha,Beauty,Hair Dryer,2,48,0.15,81.6,Credit Card,2026-06-01,2026-06-06,Processing,5
ORD-04818,Linda Ochieng,linda.ochieng803@example.com,Female,56,Rwanda,Kigali,Fashion,Hoodie,1,42,0.15,35.7,Mobile Money,2026-02-21,2026-02-23,Cancelled,5
ORD-04819,Esther Ochieng,esther.ochieng262@example.com,Male,60,Nigeria,Port Harcourt,Home Appliances,Air Fryer,2,110,0.1,198.0,Debit Card,2025-06-04,2025-06-08,Shipped,4
ORD-04820,David Wanjiku,david.wanjiku781@example.com,Female,37,Kenya,Mombasa,Beauty,Body Lotion,3,19,0,57,Mobile Money,2025-06-04,2025-06-05,Cancelled,5
ORD-04821,Mercy Kiptoo,mercy.kiptoo384@example.com,Female,31,United Kingdom,Birmingham,Beauty,Lipstick,2,16,0,32,Debit Card,2026-02-02,2026-02-10,Returned,1
ORD-04822,Lucy Wanjiku,lucy.wanjiku962@example.com,Male,52,Ghana,Takoradi,Home Appliances,Vacuum Cleaner,5,145,0,725,Credit Card,2026-03-30,2026-04-05,Processing,4
ORD-04823,Grace Mwangi,grace.mwangi440@example.com,Male,49,Kenya,Eldoret,Fashion,Denim Jacket,3,62,0,186,Bank Transfer,2025-12-25,2025-12-27,Returned,1
ORD-04824,Aisha Mwangi,aisha.mwangi740@example.com,Male,50,United Kingdom,Birmingham,Fashion,Handbag,1,55,0.05,52.25,PayPal,2025-08-31,2025-09-07,Shipped,1
ORD-04825,Faith Mensah,faith.mensah881@example.com,Male,37,Tanzania,Arusha,Beauty,Makeup Kit,1,52,0.25,39.0,Debit Card,2026-07-03,2026-07-05,Cancelled,5
ORD-04826,Lucy Khan,lucy.khan850@example.com,Male,46,United Kingdom,Manchester,Fashion,Handbag,1,55,0.2,44.0,Credit Card,2025-06-24,2025-07-02,Delivered,5
ORD-04827,Linda Patel,linda.patel631@example.com,Female,58,Ghana,Tamale,Beauty,Lipstick,1,16,0.1,14.4,Credit Card,2025-07-30,2025-08-03,Delivered,4
ORD-04828,Grace Kiptoo,grace.kiptoo321@example.com,Male,21,Tanzania,Dar es Salaam,Beauty,Face Cream,10,24,0.15,204.0,Bank Transfer,2026-04-24,2026-04-25,Cancelled,2
ORD-04829,Esther Mensah,esther.mensah906@example.com,Female,35,South Africa,Durban,Fashion,Cotton T-Shirt,1,18,0,18,PayPal,2025-09-04,2025-09-09,Processing,3
ORD-04830,Jane Williams,jane.williams208@example.com,Female,68,United States,Chicago,Home Appliances,Blender,2,58,0.15,98.6,Credit Card,2026-08-20,2026-08-23,Delivered,5
ORD-04831,Aisha Akinyi,aisha.akinyi694@example.com,Female,54,United Kingdom,London,Fashion,Denim Jacket,5,62,0.2,248.0,PayPal,2026-07-01,2026-07-08,Delivered,5
ORD-04832,Samuel Akinyi,samuel.akinyi97@example.com,Female,23,Kenya,Nairobi,Electronics,USB-C Charger,1,22,0.2,17.6,PayPal,2025-01-30,2025-02-03,Processing,3
ORD-04833,Mary Kiptoo,mary.kiptoo410@example.com,Male,59,United Kingdom,Birmingham,Electronics,Laptop Pro 14,5,1150,0.25,4312.5,Bank Transfer,2025-12-31,2026-01-07,Cancelled,4
ORD-04834,Daniel Brown,daniel.brown738@example.com,Male,31,Ghana,Accra,Fashion,Handbag,1,55,0.2,44.0,Bank Transfer,2025-01-25,2025-02-01,Returned,2
ORD-04835,Grace Ochieng,grace.ochieng618@example.com,Female,61,South Africa,Pretoria,Fashion,Denim Jacket,1,62,0.25,46.5,Credit Card,2026-06-24,2026-07-02,Returned,2
ORD-04836,Grace Kiptoo,grace.kiptoo339@example.com,Female,23,Rwanda,Kigali,Electronics,Laptop Pro 14,2,1150,0.2,1840.0,PayPal,2026-07-11,2026-07-12,Cancelled,1
ORD-04837,John Mensah,john.mensah213@example.com,Female,39,Tanzania,Dar es Salaam,Home Appliances,Microwave Oven,4,180,0,720,Debit Card,2025-03-24,2025-04-01,Delivered,1
ORD-04838,Sarah Njoroge,sarah.njoroge966@example.com,Male,51,Tanzania,Arusha,Home Appliances,Air Fryer,2,110,0,220,Cash on Delivery,2025-02-28,2025-03-06,Returned,2
ORD-04839,Kevin Smith,kevin.smith202@example.com,Male,34,Ghana,Kumasi,Fashion,Cotton T-Shirt,1,18,0.1,16.2,Credit Card,2025-08-04,2025-08-07,Shipped,5
ORD-04840,Kevin Wanjiku,kevin.wanjiku709@example.com,Male,19,South Africa,Johannesburg,Fashion,Cotton T-Shirt,2,18,0.25,27.0,Debit Card,2026-02-14,2026-02-16,Shipped,2
ORD-04841,Daniel Mwangi,daniel.mwangi509@example.com,Male,59,Rwanda,Kigali,Home Appliances,Coffee Maker,2,85,0.15,144.5,Credit Card,2025-01-13,2025-01-15,Cancelled,1
ORD-04842,James Mwangi,james.mwangi348@example.com,Male,31,United Kingdom,London,Beauty,Lipstick,3,16,0.15,40.8,Debit Card,2025-10-25,2025-10-29,Processing,5
ORD-04843,David Okafor,david.okafor779@example.com,Male,61,United States,Houston,Fashion,Handbag,1,55,0,55,Mobile Money,2025-07-23,2025-07-27,Delivered,5
ORD-04844,Mary Wanjiku,mary.wanjiku250@example.com,Female,64,South Africa,Pretoria,Home Appliances,Air Fryer,1,110,0.1,99.0,Debit Card,2025-04-10,2025-04-12,Cancelled,4
ORD-04845,Aisha Akinyi,aisha.akinyi910@example.com,Male,33,Uganda,Entebbe,Beauty,Makeup Kit,5,52,0.15,221.0,Bank Transfer,2025-09-08,2025-09-13,Shipped,5
ORD-04846,Samuel Khan,samuel.khan632@example.com,MALE,56,kenya, Mombasa ,beauty,Perfume,1,€70.00,5%,133.0,CASH ON DELIVERY,2026.04.07,2026.04.10,cancelled,5
ORD-04847,Samuel Mwangi,samuel.mwangi920@example.com,Female,65,Tanzania,Arusha,Beauty,Body Lotion,2,19,0.1,34.2,Mobile Money,2026-06-21,2026-06-23,Delivered,4
ORD-04848,Lucy Mwangi,lucy.mwangi178@example.com,Male,64,Kenya,Mombasa,Fashion,Hoodie,1,42,0.2,33.6,PayPal,2025-04-20,2025-04-24,Shipped,5
ORD-04849,Mary Mwangi,mary.mwangi750@example.com,Female,28,Nigeria,Abuja,Fashion,Sneakers,4,75,0.25,225.0,Credit Card,2026-01-20,2026-01-21,Shipped,2
ORD-04850,John Otieno,john.otieno25@example.com,Female,67,Kenya,Eldoret,Home Appliances,Vacuum Cleaner,2,145,0.05,275.5,Credit Card,2025-12-31,2026-01-03,Shipped,1
ORD-04851,Esther Brown,esther.brown166@example.com,Male,32,Rwanda,Kigali,Electronics,Smart Watch,10,120,0,1200,Mobile Money,2025-09-30,2025-10-04,Processing,5
ORD-04852,Mercy Kiptoo,mercy.kiptoo136@example.com,Female,49,United States,Chicago,Electronics,Bluetooth Speaker,1,65,0.1,58.5,Bank Transfer,2025-08-30,2025-08-31,Returned,1
ORD-04853,Michael Smith,michael.smith251@example.com,Female,56,United States,Los Angeles,Fashion,Running Shorts,1,28,0.05,26.6,PayPal,2026-01-31,2026-02-08,Returned,4
ORD-04854,Linda Akinyi,linda.akinyi795@example.com,female,43,South Africa, Johannesburg ,home appliances,Electric Kettle,4,$35.00,0.05,172.9,credit card,03-06-2025,03-11-2025,Processing,2
ORD-04855,Sarah Williams,sarah.williams796@example.com,Female,50,Ghana,Tamale,Electronics,Gaming Mouse,2,38,0.25,57.0,Credit Card,2026-02-26,2026-03-02,Shipped,5
ORD-04856,Lucy Smith,lucy.smith93@example.com,Female,43,Tanzania,Dar es Salaam,Electronics,Smartphone X12,3,699,0,2097,Credit Card,2026-07-22,2026-07-28,Processing,5
ORD-04857,Grace Okafor,grace.okafor475@example.com,Male,18,Rwanda,Butare,Beauty,Face Cream,1,24,0.05,22.8,Bank Transfer,2026-01-11,2026-01-12,Returned,5
ORD-04858,Jane Mensah,jane.mensah272@example.com,Male,18,United Kingdom,Birmingham,Home Appliances,Electric Kettle,3,35,0.25,78.75,Cash on Delivery,2025-03-12,2025-03-19,Delivered,5
ORD-04859,Samuel Patel,samuel.patel150@example.com,Female,27,United Kingdom,London,Fashion,Cotton T-Shirt,2,18,0.05,34.2,Debit Card,2025-10-22,2025-10-29,Cancelled,4
ORD-04860,Brian Patel,brian.patel831@example.com,Female,32,Rwanda,Kigali,Home Appliances,Coffee Maker,2,85,0.15,144.5,Debit Card,2025-12-19,2025-12-21,Cancelled,4
ORD-04861,Mary Khan,mary.khan362@example.com,Female,55,United Kingdom,Manchester,Beauty,Body Lotion,2,19,0.15,32.3,Mobile Money,2025-10-12,2025-10-19,Shipped,1
ORD-04862,Linda Brown,linda.brown698@example.com,Female,18,Rwanda,Kigali,Beauty,Makeup Kit,2,52,0.1,93.6,Cash on Delivery,2026-05-17,2026-05-22,Delivered,1
ORD-04863,Mary Ochieng,mary.ochieng744@example.com,Male,46,Rwanda,Kigali,Fashion,Running Shorts,2,28,0.25,42.0,PayPal,2025-04-21,2025-04-22,Returned,4
ORD-04864,Samuel Mensah,samuel.mensah637@example.com,Male,69,Ghana,Kumasi,Fashion,Cotton T-Shirt,2,18,0.2,28.8,Cash on Delivery,2025-03-05,2025-03-07,Processing,3
ORD-04865,Daniel Kamau,daniel.kamau717@example.com,Male,22,India,Bangalore,Beauty,Makeup Kit,4,52,0.1,187.2,Cash on Delivery,2025-10-11,2025-10-14,Cancelled,2
ORD-04866,Grace Njoroge,grace.njoroge729@example.com,Female,28,Kenya,Nakuru,Electronics,Smartphone X12,3,699,0.05,1992.15,Mobile Money,2025-05-28,2025-05-30,Cancelled,5
ORD-04867,Michael Kiptoo,michael.kiptoo726@example.com,Female,41,Ghana,Kumasi,Beauty,Lipstick,1,16,0.25,12.0,Mobile Money,2026-07-24,2026-07-31,Returned,2
ORD-04868,David Williams,david.williams535@example.com,Female,57,United Kingdom,Manchester,Home Appliances,Vacuum Cleaner,2,145,0,290,Cash on Delivery,2025-05-15,2025-05-20,Delivered,5
ORD-04869,Sarah Patel,sarah.patel467@example.com,Female,34,United States,New York,Beauty,Perfume,1,70,0.25,52.5,Mobile Money,2025-06-06,2025-06-13,Shipped,4
ORD-04870,Mercy Wanjiku,mercy.wanjiku409@example.com,Male,37,Rwanda,Kigali,Fashion,Handbag,1,55,0.25,41.25,Credit Card,2026-05-10,2026-05-17,Shipped,2
ORD-04871,Peter Brown,peter.brown632@example.com,Male,44,United Kingdom,London,Electronics,USB-C Charger,1,22,0.2,17.6,Debit Card,2025-10-13,2025-10-15,Shipped,5
ORD-04872,Lucy Smith,lucy.smith700@example.com,Female,23,India,Mumbai,Fashion,Denim Jacket,2,62,0,124,PayPal,2025-06-23,2025-06-25,Returned,4
ORD-04873,Sarah Khan,sarah.khan152@example.com,Male,40,Uganda,Entebbe,Electronics,Bluetooth Speaker,1,65,0.05,61.75,Cash on Delivery,2025-02-27,2025-03-06,Returned,5
ORD-04874,David Akinyi,david.akinyi607@example.com,Male,37,Kenya,Kisumu,Electronics,Wireless Headphones,1,45,0.25,33.75,Cash on Delivery,2026-07-11,2026-07-15,Processing,3
ORD-04875,Michael Njoroge,michael.njoroge663@example.com,Male,64,South Africa,Durban,Fashion,Handbag,1,55,0,55,PayPal,2025-10-09,2025-10-17,Shipped,4
ORD-04876,Lucy Otieno,lucy.otieno187@example.com,Female,32,India,Mumbai,Beauty,Makeup Kit,1,52,0.05,49.4,Mobile Money,2025-03-13,2025-03-21,Returned,5
ORD-04877,Aisha Mwangi,aisha.mwangi322@example.com,Female,57,Ghana,Accra,Electronics,USB-C Charger,1,22,0.1,19.8,Debit Card,2025-01-14,2025-01-15,Cancelled,1
ORD-04878,John Otieno,john.otieno456@example.com,Male,67,United States,Chicago,Electronics,Smart Watch,2,120,0.1,216.0,Credit Card,2026-08-12,2026-08-17,Processing,2
ORD-04879,Esther Brown,esther.brown188@example.com,Female,40,Nigeria,Kano,Beauty,Face Cream,2,24,0.2,38.4,Debit Card,2025-04-03,2025-04-09,Cancelled,4
ORD-04880,John Mwangi,john.mwangi778@example.com,Female,38,Rwanda,Butare,Beauty,Makeup Kit,2,52,0.25,78.0,Bank Transfer,2026-08-12,2026-08-19,Cancelled,1
ORD-04881,Linda Patel,linda.patel317@example.com,Male,56,Ghana,Tamale,Fashion,Handbag,10,55,0.25,412.5,Mobile Money,2026-07-27,2026-07-29,Delivered,5
ORD-04882,Kevin Kamau,kevin.kamau239@example.com,Male,33,Nigeria,Abuja,Beauty,Perfume,1,70,0.1,63.0,Mobile Money,2025-04-05,2025-04-08,Delivered,5
ORD-04883,,kevin.khan821@example.com,Male,999,UGANDA, Entebbe ,Home Appliances,Microwave Oven,4,180,0.2,748.8,Cash,10-13-2025,10-21-2025,DELIVERED,5 stars
ORD-04884,Michael Kiptoo,michael.kiptoo864@example.com,Male,63,India,Delhi,Electronics,Laptop Pro 14,3,1150,0.15,2932.5,Cash on Delivery,2025-10-25,2025-10-26,Shipped,4
ORD-04885,Jane Njoroge,jane.njoroge288@example.com,Female,20,Kenya,Kisumu,Home Appliances,Electric Kettle,2,35,0.05,66.5,PayPal,2025-04-20,2025-04-28,Processing,3
ORD-04886,Faith Williams,faith.williams677@example.com,Female,40,Nigeria,Abuja,Fashion,Cotton T-Shirt,2,18,0.05,34.2,Mobile Money,2025-05-29,2025-06-05,Shipped,2
ORD-04887,James Mensah,james.mensah46@example.com,Male,36,Kenya,Nakuru,Electronics,USB-C Charger,2,22,0.2,35.2,Credit Card,2026-07-02,2026-07-04,Cancelled,1
ORD-04888,Grace Mwangi,grace.mwangi5@example.com,Female,60,Kenya,Kisumu,Home Appliances,Air Fryer,2,110,0.15,187.0,Mobile Money,2026-06-11,2026-06-18,Delivered,5
ORD-04889,Sarah Otieno,sarah.otieno820@example.com,Male,24,Rwanda,Kigali,Beauty,Perfume,10,70,0.05,665.0,Cash on Delivery,2025-07-06,2025-07-07,Delivered,1
ORD-04890,John Mensah,john.mensah992@example.com,Female,50,India,Delhi,Electronics,Laptop Pro 14,1,1150,0.1,1035.0,Cash on Delivery,2026-04-19,2026-04-23,Shipped,5
ORD-04891,Grace Ochieng,grace.ochieng628@example.com,Male,45,Uganda,Entebbe,Electronics,Laptop Pro 14,25,1150,0.25,21562.5,Bank Transfer,2025-08-15,2025-08-19,Shipped,5
ORD-04892,Michael Akinyi,michael.akinyi334@example.com,Female,61,Ghana,Kumasi,Fashion,Denim Jacket,1,62,0.05,58.9,Credit Card,2025-05-20,2025-05-28,Processing,5
ORD-04893,Sarah Njoroge,sarah.njoroge156@example.com,Female,20,Tanzania,Dar es Salaam,Electronics,Smart Watch,3,120,0.25,270.0,Mobile Money,2026-02-16,2026-02-22,Cancelled,4
ORD-04894,Daniel Patel,daniel.patel976@example.com,Male,50,United States,Los Angeles,Electronics,Smartphone X12,3,699,0.2,1677.6,Credit Card,2026-05-24,2026-05-27,Cancelled,1
ORD-04895,Samuel Akinyi,samuel.akinyi450@example.com,Male,37,South Africa,Cape Town,Home Appliances,Microwave Oven,2,180,0.2,288.0,Bank Transfer,2026-02-15,2026-02-23,Delivered,4
,@@None!!,mary.example.com,,150,,,,,1000,KSh 48,0.05,59.28,Cash,2025.02.27,2025.03.04,,N/A
ORD-04897,Michael Okafor,michael.okafor309@example.com,Female,31,Tanzania,Arusha,Beauty,Face Cream,1,24,0,24,Cash on Delivery,2026-02-04,2026-02-05,Shipped,1
ORD-04898,Faith Smith,faith.smith836@example.com,Male,41,Tanzania,Arusha,Electronics,Laptop Pro 14,1,1150,0.1,1035.0,Cash on Delivery,2025-09-25,2025-10-02,Shipped,4
ORD-04899,Victor Ochieng,victor.ochieng265@example.com,Male,65,Rwanda,Kigali,Home Appliances,Coffee Maker,1,85,0.2,68.0,PayPal,2025-03-12,2025-03-16,Returned,5
ORD-04900,Lucy Khan,lucy.khan808@example.com,Female,41,Nigeria,Kano,Home Appliances,Electric Kettle,2,35,0.1,63.0,Bank Transfer,2025-11-15,2025-11-19,Shipped,3
ORD-04901,Samuel Williams,samuel.williams597@example.com,Male,39,Tanzania,Mwanza,Electronics,Smartphone X12,5,699,0.2,2796.0,Bank Transfer,2026-08-22,2026-08-26,Returned,4
ORD-04902,Brian Kamau,brian.kamau700@example.com,Male,20,Kenya,Nakuru,Fashion,Hoodie,1,42,0.1,37.8,Cash on Delivery,2026-04-14,2026-04-18,Delivered,3
ORD-04903,Lucy Williams,lucy.williams876@example.com,Female,23,Ghana,Tamale,Beauty,Face Cream,2,24,0.1,43.2,PayPal,2026-06-06,2026-06-09,Shipped,2
ORD-04904,Sarah Akinyi,sarah.akinyi902@example.com,Female,70,Kenya,Mombasa,Home Appliances,Vacuum Cleaner,1,145,0.2,116.0,Debit Card,2026-03-31,2026-04-04,Returned,5
ORD-04905,Brian Smith,brian.smith403@example.com,Female,28,Ghana,Takoradi,Electronics,Smart Watch,1,120,0,120,Bank Transfer,2026-08-24,2026-08-26,Shipped,3
ORD-04906,Mercy Patel,mercy.patel125@example.com,Male,47,Tanzania,Dar es Salaam,Home Appliances,Vacuum Cleaner,3,145,0.15,369.75,Debit Card,2025-01-15,2025-01-23,Cancelled,1
ORD-04907,Grace Akinyi,grace.akinyi916@example.com,Male,59,India,Delhi,Beauty,Perfume,1,70,0,70,Mobile Money,2026-04-29,2026-05-07,Processing,2
ORD-04908,Victor Patel,victor.patel18@example.com,Male,40,Nigeria,Lagos,Home Appliances,Blender,2,58,0.2,92.8,PayPal,2026-08-12,2026-08-14,Processing,5
ORD-04909,Michael Okafor,michael.okafor157@example.com,Female,38,Kenya,Nairobi,Fashion,Cotton T-Shirt,3,18,0.2,43.2,Credit Card,2025-07-23,2025-07-25,Shipped,2
ORD-04910,Lucy Ochieng,lucy.ochieng878@example.com,Female,68,Kenya,Mombasa,Beauty,Perfume,4,70,0.1,252.0,Bank Transfer,2025-08-27,2025-08-31,Processing,5
ORD-04911,Michael Okafor,michael.okafor752@example.com,Male,41,Kenya,Nairobi,Beauty,Hair Dryer,5,48,0.25,180.0,Bank Transfer,2026-03-03,2026-03-04,Shipped,5
ORD-04912,David Ochieng,david.ochieng134@example.com,Male,63,Nigeria,Kano,Beauty,Hair Dryer,2,48,0.1,86.4,PayPal,2025-10-23,2025-10-30,Returned,3
ORD-04913,Samuel Khan,samuel.khan978@example.com,Female,22,India,Delhi,Fashion,Denim Jacket,4,62,0,248,Credit Card,2025-06-24,2025-06-30,Delivered,4
ORD-04914,Michael Mensah,michael.mensah322@example.com,Female,19,Nigeria,Port Harcourt,Beauty,Body Lotion,4,19,0.25,57.0,Mobile Money,2026-04-23,2026-04-24,Shipped,1
ORD-04915,Michael Smith,michael.smith289@example.com,Male,69,Kenya,Nairobi,Beauty,Lipstick,1,16,0,16,Cash on Delivery,2025-07-02,2025-07-06,Shipped,4
ORD-04916,John Kiptoo,john.kiptoo444@example.com,Female,21,Kenya,Kisumu,Home Appliances,Microwave Oven,1,180,0.25,135.0,Debit Card,2026-05-20,2026-05-27,Cancelled,3
ORD-04917,Peter Mensah,peter.mensah516@example.com,Male,28,United Kingdom,London,Electronics,Laptop Pro 14,1,1150,0.25,862.5,Credit Card,2025-03-29,2025-04-06,Delivered,4
ORD-04918,Mercy Kiptoo,mercy.kiptoo85@example.com,Female,31,Ghana,Tamale,Home Appliances,Blender,1,58,0.15,49.3,Credit Card,2025-01-15,2025-01-19,Returned,3
ORD-04919,Mary Williams,mary.williams895@example.com,Female,26,India,Chennai,Home Appliances,Electric Kettle,1,35,0.25,26.25,Debit Card,2025-10-26,2025-10-30,Returned,5
ORD-04920,Daniel Akinyi,daniel.akinyi606@example.com,Male,35,Nigeria,Kano,Electronics,Laptop Pro 14,3,1150,0.1,3105.0,Cash on Delivery,2026-02-25,2026-02-28,Processing,1
ORD-04921,Mary Patel,mary.patel882@example.com,Male,56,United States,Houston,Beauty,Face Cream,1,24,0.1,21.6,Credit Card,2025-07-14,2025-07-18,Shipped,4
ORD-04922,Lucy Akinyi,lucy.akinyi809@example.com,Male,28,Rwanda,Kigali,Fashion,Sneakers,1,75,0.2,60.0,Mobile Money,2025-07-31,2025-08-05,Returned,5
,@@None!!,user#mail.com,,0,,,,,1 units,€62.00,0.15,105.4,Cash,2025.04.26,2025.04.28,,-1
ORD-04924,Peter Kiptoo,peter.kiptoo179@example.com,Female,22,United States,Los Angeles,Electronics,USB-C Charger,1,22,0.1,19.8,Mobile Money,2026-01-03,2026-01-09,Processing,2
ORD-04925,Jane Patel,jane.patel581@example.com,Female,68,Nigeria,Port Harcourt,Electronics,Smart Watch,4,120,0.15,408.0,PayPal,2025-04-28,2025-04-29,Processing,3
ORD-04926,James Brown,james.brown852@example.com,Male,27,Kenya,Nakuru,Home Appliances,Blender,2,58,0.15,98.6,Cash on Delivery,2025-11-04,2025-11-05,Returned,5
ORD-04927,Michael Patel,michael.patel59@example.com,Female,18,Rwanda,Butare,Electronics,Gaming Mouse,2,38,0.2,60.8,Mobile Money,2025-10-03,2025-10-04,Delivered,1
ORD-04928,Michael Njoroge,michael.njoroge881@example.com,Female,69,Ghana,Accra,Fashion,Sneakers,1,75,0.15,63.75,Debit Card,2025-07-10,2025-07-12,Processing,4
ORD-04929,John Njoroge,john.njoroge445@example.com,Female,38,Ghana,Tamale,Home Appliances,Blender,5,58,0.1,261.0,PayPal,2026-04-13,2026-04-15,Processing,4
ORD-04930,Grace Patel,grace.patel315@example.com,Female,26,India,Chennai,Beauty,Hair Dryer,5,48,0.25,180.0,Bank Transfer,2026-05-28,2026-05-29,Processing,4
ORD-04931,Kevin Williams,kevin.williams424@example.com,Male,18,Nigeria,Abuja,Electronics,Gaming Mouse,1,38,0.15,32.3,Debit Card,2025-04-19,2025-04-24,Shipped,3
ORD-04932,Daniel Williams,daniel.williams103@example.com,Male,49,Ghana,Accra,Home Appliances,Electric Kettle,2,35,0,70,Cash on Delivery,2026-08-10,2026-08-16,Processing,2
ORD-04933,John Wanjiku,john.wanjiku733@example.com,Male,39,United States,New York,Home Appliances,Microwave Oven,1,180,0.2,144.0,Debit Card,2025-10-03,2025-10-04,Shipped,5
ORD-04934,Linda Otieno,linda.otieno749@example.com,Male,66,Nigeria,Abuja,Fashion,Handbag,3,55,0.1,148.5,Credit Card,2026-04-07,2026-04-11,Processing,1
ORD-04935,James Patel,james.patel438@example.com,Male,40,Rwanda,Butare,Beauty,Makeup Kit,1,52,0.05,49.4,Credit Card,2026-02-19,2026-02-23,Cancelled,1
,@@None!!,mary.example.com,,0,,,,,0,$75.00,25%,140.62,Credit card,11/06/2025,18/06/2025,,-1
ORD-04937,David Mensah,david.mensah864@example.com,Male,62,Nigeria,Kano,Electronics,USB-C Charger,2,22,0,44,Credit Card,2026-05-15,2026-05-23,Cancelled,5
ORD-04938,Esther Kamau,esther.kamau159@example.com,Female,23,Rwanda,Butare,Home Appliances,Coffee Maker,2,85,0.15,144.5,PayPal,2026-05-17,2026-05-22,Processing,5
ORD-04939,Peter Patel,peter.patel615@example.com,Male,51,Rwanda,Butare,Beauty,Hair Dryer,1,48,0.15,40.8,Debit Card,2025-10-28,2025-10-30,Returned,2
ORD-04940,Mercy Smith,mercy.smith375@example.com,Female,40,Nigeria,Kano,Electronics,Gaming Mouse,1,38,0.05,36.1,Debit Card,2025-10-09,2025-10-15,Processing,4
ORD-04941,Victor Kamau,victor.kamau203@example.com,Male,24,Uganda,Kampala,Beauty,Face Cream,2,24,0.1,43.2,PayPal,2025-09-29,2025-10-06,Shipped,5
ORD-04942,Kevin Kamau,kevin.kamau649@example.com,Male,29,Kenya,Kisumu,Home Appliances,Microwave Oven,1,180,0.1,162.0,PayPal,2025-09-01,2025-09-04,Delivered,4
ORD-04943,Samuel Williams,samuel.williams230@example.com,Female,30,India,Bangalore,Beauty,Perfume,2,70,0.05,133.0,PayPal,2025-02-03,2025-02-04,Delivered,5
ORD-04944,Esther Kamau,esther.kamau360@example.com,Female,53,India,Mumbai,Fashion,Denim Jacket,1,62,0.25,46.5,Credit Card,2025-06-04,2025-06-10,Delivered,5
ORD-04945,Sarah Akinyi,sarah.akinyi520@example.com,Male,31,United Kingdom,Manchester,Home Appliances,Electric Kettle,1,35,0,35,Mobile Money,2025-08-11,2025-08-14,Processing,5
ORD-04946,Sarah Kamau,sarah.kamau275@example.com,Female,70,South Africa,Durban,Electronics,Smart Watch,1,120,0,120,Debit Card,2025-11-12,2025-11-16,Cancelled,4
ORD-04947,Linda Brown,linda.brown567@example.com,Female,67,Uganda,Jinja,Electronics,Smart Watch,2,120,0,240,PayPal,2025-05-19,2025-05-27,Shipped,4
ORD-04948,Brian Kiptoo,brian.kiptoo68@example.com,Female,49,United Kingdom,Manchester,Beauty,Body Lotion,1,19,0.2,15.2,Cash on Delivery,2026-07-07,2026-07-14,Shipped,4
ORD-04949,Mercy Patel,mercy.patel123@example.com,Male,43,Uganda,Kampala,Electronics,Gaming Mouse,2,38,0.05,72.2,Credit Card,2025-02-12,2025-02-15,Delivered,5
ORD-04950,Linda Okafor,linda.okafor672@example.com,Female,60,Nigeria,Port Harcourt,Electronics,Bluetooth Speaker,1,65,0.25,48.75,Cash on Delivery,2025-08-24,2025-09-01,Delivered,3
ORD-04951,Victor Patel,victor.patel495@example.com,Male,67,Nigeria,Port Harcourt,Electronics,Smartphone X12,1,699,0.05,664.05,Debit Card,2025-03-23,2025-03-30,Delivered,5
ORD-04952,Linda Kamau,linda.kamau596@example.com,Female,43,India,Bangalore,Electronics,Wireless Headphones,3,45,0.15,114.75,Bank Transfer,2026-03-21,2026-03-29,Processing,4
ORD-04953,Sarah Smith,sarah.smith840@example.com,Female,65,Rwanda,Butare,Electronics,USB-C Charger,1,22,0.1,19.8,Debit Card,2025-11-16,2025-11-21,Processing,5
ORD-04954,James Kiptoo,james.kiptoo573@example.com,Female,65,Uganda,Jinja,Beauty,Hair Dryer,3,48,0.05,136.8,Mobile Money,2025-11-20,2025-11-22,Processing,2
ORD-04955,Grace Akinyi,grace.akinyi378@example.com,Female,29,United States,Los Angeles,Beauty,Lipstick,5,16,0.05,76.0,Mobile Money,2025-10-04,2025-10-06,Returned,5
ORD-04956,Grace Okafor,grace.okafor423@example.com,Female,51,Ghana,Accra,Electronics,Smartphone X12,1,699,0.2,559.2,PayPal,2025-01-25,2025-02-01,Processing,2
ORD-04957,Linda Khan,linda.khan497@example.com,Male,22,United Kingdom,Birmingham,Home Appliances,Microwave Oven,3,180,0.2,432.0,Mobile Money,2025-10-23,2025-10-29,Returned,5
ORD-04958,Lucy Otieno,lucy.otieno211@example.com,Male,41,United Kingdom,London,Beauty,Makeup Kit,1,52,0.05,49.4,Credit Card,2026-06-28,2026-07-06,Processing,1
ORD-04959,@@Peter Okaafor!!,john@@email.com,male,999,Nigeria, ABUJA ,beauty,Perfume,2000,70,0.05,66.5,Mpesa,03/06/2026,06/06/2026,Processing,N/A
ORD-04960,@@Mercy Williaams!!,mary.example.com,female,150,KENYA,,BEAUTY,Face Cream,-1,$24.00,0.25,3.6,Pay Pal,06-09-2025,06-17-2025,Returned,-1
ORD-04961,Kevin Williams,kevin.williams624@example.com,Male,45,United Kingdom,London,Home Appliances,Blender,1,58,0,58,PayPal,2025-11-15,2025-11-23,Delivered,5
ORD-04962,Sarah Mwangi,sarah.mwangi403@example.com,Male,41,Kenya,Kisumu,Fashion,Cotton T-Shirt,3,18,0.1,48.6,PayPal,2025-07-24,2025-07-28,Cancelled,4
ORD-04963,Victor Mensah,victor.mensah814@example.com,Male,35,Rwanda,Butare,Fashion,Hoodie,3,42,0.1,113.4,Mobile Money,2026-06-20,2026-06-25,Cancelled,5
ORD-04964,Linda Njoroge,linda.njoroge763@example.com,Female,22,United States,Los Angeles,Fashion,Hoodie,1,42,0.05,39.9,Bank Transfer,2025-01-01,2025-01-02,Processing,4
ORD-04965,Faith Kiptoo,faith.kiptoo113@example.com,Female,50,Uganda,Kampala,Beauty,Body Lotion,2,19,0.15,32.3,PayPal,2026-04-06,2026-04-12,Processing,2
ORD-04966,David Kamau,david.kamau753@example.com,Male,51,Nigeria,Port Harcourt,Home Appliances,Electric Kettle,2,35,0.25,52.5,Bank Transfer,2026-06-22,2026-06-25,Returned,4
ORD-04967,Brian Kamau,brian.kamau986@example.com,Female,69,United Kingdom,Birmingham,Home Appliances,Electric Kettle,1,35,0,35,Mobile Money,2026-08-14,2026-08-19,Shipped,4
ORD-04968,Brian Njoroge,brian.njoroge431@example.com,Male,55,United Kingdom,London,Beauty,Body Lotion,2,19,0.1,34.2,Credit Card,2025-04-14,2025-04-22,Cancelled,4
ORD-04969,Grace Mensah,grace.mensah649@example.com,Female,33,Kenya,Kisumu,Fashion,Denim Jacket,2,62,0.25,93.0,PayPal,2025-08-21,2025-08-28,Delivered,5
ORD-04970,Victor Ochieng,victor.ochieng354@example.com,Female,37,South Africa,Pretoria,Home Appliances,Microwave Oven,1,180,0.15,153.0,Credit Card,2025-07-04,2025-07-06,Returned,5
ORD-04971,John Mwangi,john.mwangi819@example.com,Female,49,United States,New York,Fashion,Cotton T-Shirt,2,18,0.1,32.4,Bank Transfer,2025-03-01,2025-03-05,Delivered,4
ORD-04972,Victor Njoroge,victor.njoroge723@example.com,Male,34,Tanzania,Arusha,Beauty,Face Cream,1,24,0.15,20.4,PayPal,2026-04-28,2026-05-05,Cancelled,5
ORD-04973,Faith Mwangi,faith.mwangi546@example.com,Female,50,India,Delhi,Home Appliances,Blender,5,58,0.05,275.5,Mobile Money,2026-08-05,2026-08-11,Returned,3
ORD-04974,Daniel Kiptoo,daniel.kiptoo372@example.com,Male,30,Ghana,Kumasi,Electronics,Laptop Pro 14,2,1150,0.15,1955.0,Cash on Delivery,2026-05-25,2026-05-31,Processing,5
ORD-04975,Lucy Smith,lucy.smith126@example.com,Male,27,Ghana,Takoradi,Home Appliances,Electric Kettle,3,35,0.05,99.75,Mobile Money,2025-10-22,2025-10-26,Delivered,5
ORD-04976,Jane Njoroge,jane.njoroge365@example.com,Male,32,Tanzania,Dar es Salaam,Beauty,Body Lotion,3,19,0.2,45.6,Cash on Delivery,2026-01-27,2026-01-29,Processing,2
ORD-04977,David Kiptoo,david.kiptoo983@example.com,Female,31,India,Delhi,Fashion,Denim Jacket,2,62,0.15,105.4,Credit Card,2026-06-21,2026-06-23,Cancelled,4
ORD-04978,Lucy Okafor,lucy.okafor122@example.com,Male,40,Ghana,Tamale,Electronics,Smartphone X12,3,699,0.15,1782.45,Bank Transfer,2025-07-03,2025-07-08,Delivered,4
ORD-04979,Aisha Ochieng,aisha.ochieng793@example.com,Male,43,South Africa,Johannesburg,Electronics,Smart Watch,1,120,0.1,108.0,Credit Card,2025-09-13,2025-09-20,Cancelled,1
ORD-04980,Samuel Kamau,samuel.kamau907@example.com,Female,49,Uganda,Jinja,Fashion,Cotton T-Shirt,3,18,0,54,Debit Card,2025-07-05,2025-07-09,Delivered,5
ORD-04981,Peter Njoroge,peter.njoroge606@example.com,Male,44,Nigeria,Lagos,Fashion,Cotton T-Shirt,2,18,0.15,30.6,Credit Card,2025-01-13,2025-01-17,Shipped,2
ORD-04982,David Akinyi,david.akinyi628@example.com,Female,62,Kenya,Nairobi,Beauty,Perfume,2,70,0.2,112.0,Debit Card,2025-11-12,2025-11-16,Processing,1
ORD-04983,Lucy Ochieng,lucy.ochieng308@example.com,Female,33,United States,Houston,Electronics,Laptop Pro 14,1,1150,0.2,920.0,PayPal,2026-07-16,2026-07-18,Delivered,4
ORD-04984,Esther Khan,esther.khan52@example.com,MALE,44,Tanzania,MWANZA,Beauty,Makeup Kit,4,52,0.05,197.6,Credit Card,2025-09-28,2025-09-29,shipped,3
ORD-04985,Victor Kiptoo,victor.kiptoo971@example.com,Male,65,Rwanda,Butare,Electronics,USB-C Charger,10,22,0.2,176.0,Cash on Delivery,2026-04-25,2026-05-01,Delivered,3
ORD-04986,Grace Akinyi,grace.akinyi416@example.com,Male,21,Ghana,Kumasi,Fashion,Cotton T-Shirt,3,18,0.05,51.3,Mobile Money,2025-08-11,2025-08-14,Processing,3
ORD-04987,Jane Brown,jane.brown74@example.com,Female,32,United Kingdom,Manchester,Fashion,Handbag,1,55,0.1,49.5,PayPal,2025-02-25,2025-03-01,Returned,5
ORD-04988,Lucy Kamau,lucy.kamau469@example.com,Female,50,India,Chennai,Electronics,Smart Watch,2,120,0.25,180.0,Debit Card,2026-04-28,2026-05-02,Cancelled,5
ORD-04989,Mary Wanjiku,mary.wanjiku916@example.com,Male,38,India,Bangalore,Home Appliances,Microwave Oven,1,180,0.05,171.0,Cash on Delivery,2025-05-05,2025-05-06,Delivered,3
ORD-04990,Faith Wanjiku,faith.wanjiku76@example.com,Female,31,Uganda,Entebbe,Electronics,Smartphone X12,4,699,0.2,2236.8,Debit Card,2025-07-23,2025-07-28,Shipped,5
ORD-04991,Mary Khan,mary.khan286@example.com,Female,24,Ghana,Tamale,Fashion,Handbag,3,55,0,165,Cash on Delivery,2026-02-12,2026-02-15,Processing,4
ORD-04992,Esther Mwangi,esther.mwangi860@example.com,Female,20,Nigeria,Lagos,Fashion,Running Shorts,1,28,0,28,Bank Transfer,2025-01-27,2025-01-31,Cancelled,5
ORD-04993,John Kiptoo,john.kiptoo628@example.com,Female,20,Rwanda,Kigali,Electronics,Wireless Headphones,2,45,0.2,72.0,PayPal,2025-09-08,2025-09-10,Returned,1
ORD-04994,Lucy Kamau,lucy.kamau541@example.com,Male,38,India,Mumbai,Fashion,Sneakers,1,75,0.1,67.5,Mobile Money,2025-03-12,2025-03-19,Processing,4
ORD-04995,Peter Kiptoo,peter.kiptoo540@example.com,Male,70,Nigeria,Ibadan,Electronics,Smart Watch,2,120,0.15,204.0,Debit Card,2025-03-17,2025-03-21,Delivered,3
ORD-04996,Brian Khan,brian.khan753@example.com,Male,51,Ghana,Kumasi,Electronics,Bluetooth Speaker,2,65,0.2,104.0,Bank Transfer,2025-06-10,2025-06-14,Returned,3
ORD-04997,Aisha Brown,aisha.brown277@example.com,Male,46,South Africa,Durban,Beauty,Perfume,3,70,0.15,178.5,PayPal,2025-08-28,2025-08-30,Shipped,4
ORD-04998,Daniel Khan,daniel.khan11@example.com,Female,32,United States,Chicago,Electronics,Smart Watch,2,120,0.05,228.0,Bank Transfer,2025-10-21,2025-10-22,Shipped,1
ORD-04999,Samuel Smith,samuel.smith947@example.com,Female,47,Tanzania,Mwanza,Home Appliances,Air Fryer,1,110,0.1,99.0,Debit Card,2026-01-10,2026-01-12,Cancelled,4
ORD-05000,Kevin Smith,kevin.smith393@example.com,Female,38,Tanzania,Dar es Salaam,Fashion,Hoodie,1,42,0.05,39.9,Credit Card,2026-03-22,2026-03-27,Processing,3
